station,station_id,series_id,value_m,datetime_utc,datetime_npt
rasuwagadhi,4913,23251,1.985,2026-08-20 00:05:00+00:00,2026-08-20 05:50:00+05:45
rasuwagadhi,4913,23251,1.968,2026-08-20 00:15:00+00:00,2026-08-20 06:00:00+05:45
rasuwagadhi,4913,23251,1.962,2026-08-20 00:25:00+00:00,2026-08-20 06:10:00+05:45
rasuwagadhi,4913,23251,1.963,2026-08-20 00:35:00+00:00,2026-08-20 06:20:00+05:45
rasuwagadhi,4913,23251,1.971,2026-08-20 00:45:00+00:00,2026-08-20 06:30:00+05:45
rasuwagadhi,4913,23251,1.929,2026-08-20 00:55:00+00:00,2026-08-20 06:40:00+05:45
rasuwagadhi,4913,23251,1.952,2026-08-20 01:05:00+00:00,2026-08-20 06:50:00+05:45
rasuwagadhi,4913,23251,1.946,2026-08-20 01:15:00+00:00,2026-08-20 07:00:00+05:45
rasuwagadhi,4913,23251,1.939,2026-08-20 01:25:00+00:00,2026-08-20 07:10:00+05:45
rasuwagadhi,4913,23251,1.926,2026-08-20 01:35:00+00:00,2026-08-20 07:20:00+05:45
rasuwagadhi,4913,23251,1.924,2026-08-20 01:45:00+00:00,2026-08-20 07:30:00+05:45
rasuwagadhi,4913,23251,1.904,2026-08-20 01:55:00+00:00,2026-08-20 07:40:00+05:45
rasuwagadhi,4913,23251,1.918,2026-08-20 02:05:00+00:00,2026-08-20 07:50:00+05:45
rasuwagadhi,4913,23251,1.911,2026-08-20 02:15:00+00:00,2026-08-20 08:00:00+05:45
rasuwagadhi,4913,23251,1.916,2026-08-20 02:25:00+00:00,2026-08-20 08:10:00+05:45
rasuwagadhi,4913,23251,1.911,2026-08-20 02:35:00+00:00,2026-08-20 08:20:00+05:45
rasuwagadhi,4913,23251,1.894,2026-08-20 02:45:00+00:00,2026-08-20 08:30:00+05:45
rasuwagadhi,4913,23251,1.911,2026-08-20 02:55:00+00:00,2026-08-20 08:40:00+05:45
rasuwagadhi,4913,23251,1.908,2026-08-20 03:05:00+00:00,2026-08-20 08:50:00+05:45
rasuwagadhi,4913,23251,1.917,2026-08-20 03:15:00+00:00,2026-08-20 09:00:00+05:45
rasuwagadhi,4913,23251,1.913,2026-08-20 03:25:00+00:00,2026-08-20 09:10:00+05:45
rasuwagadhi,4913,23251,1.909,2026-08-20 03:35:00+00:00,2026-08-20 09:20:00+05:45
rasuwagadhi,4913,23251,1.936,2026-08-20 03:45:00+00:00,2026-08-20 09:30:00+05:45
rasuwagadhi,4913,23251,1.917,2026-08-20 03:55:00+00:00,2026-08-20 09:40:00+05:45
rasuwagadhi,4913,23251,1.904,2026-08-20 04:05:00+00:00,2026-08-20 09:50:00+05:45
rasuwagadhi,4913,23251,1.921,2026-08-20 04:15:00+00:00,2026-08-20 10:00:00+05:45
rasuwagadhi,4913,23251,1.917,2026-08-20 04:25:00+00:00,2026-08-20 10:10:00+05:45
rasuwagadhi,4913,23251,1.904,2026-08-20 04:35:00+00:00,2026-08-20 10:20:00+05:45
rasuwagadhi,4913,23251,1.924,2026-08-20 04:45:00+00:00,2026-08-20 10:30:00+05:45
rasuwagadhi,4913,23251,1.922,2026-08-20 04:55:00+00:00,2026-08-20 10:40:00+05:45
rasuwagadhi,4913,23251,1.904,2026-08-20 05:05:00+00:00,2026-08-20 10:50:00+05:45
rasuwagadhi,4913,23251,1.922,2026-08-20 05:15:00+00:00,2026-08-20 11:00:00+05:45
rasuwagadhi,4913,23251,1.941,2026-08-20 05:25:00+00:00,2026-08-20 11:10:00+05:45
rasuwagadhi,4913,23251,1.928,2026-08-20 05:35:00+00:00,2026-08-20 11:20:00+05:45
rasuwagadhi,4913,23251,1.975,2026-08-20 05:45:00+00:00,2026-08-20 11:30:00+05:45
rasuwagadhi,4913,23251,1.936,2026-08-20 05:55:00+00:00,2026-08-20 11:40:00+05:45
rasuwagadhi,4913,23251,1.949,2026-08-20 06:05:00+00:00,2026-08-20 11:50:00+05:45
rasuwagadhi,4913,23251,1.952,2026-08-20 06:15:00+00:00,2026-08-20 12:00:00+05:45
rasuwagadhi,4913,23251,1.947,2026-08-20 06:25:00+00:00,2026-08-20 12:10:00+05:45
rasuwagadhi,4913,23251,1.946,2026-08-20 06:35:00+00:00,2026-08-20 12:20:00+05:45
rasuwagadhi,4913,23251,1.941,2026-08-20 06:45:00+00:00,2026-08-20 12:30:00+05:45
rasuwagadhi,4913,23251,1.978,2026-08-20 06:55:00+00:00,2026-08-20 12:40:00+05:45
rasuwagadhi,4913,23251,1.978,2026-08-20 07:05:00+00:00,2026-08-20 12:50:00+05:45
rasuwagadhi,4913,23251,2.076,2026-08-20 07:15:00+00:00,2026-08-20 13:00:00+05:45
rasuwagadhi,4913,23251,2.123,2026-08-20 07:25:00+00:00,2026-08-20 13:10:00+05:45
rasuwagadhi,4913,23251,2.119,2026-08-20 07:35:00+00:00,2026-08-20 13:20:00+05:45
rasuwagadhi,4913,23251,2.113,2026-08-20 07:45:00+00:00,2026-08-20 13:30:00+05:45
rasuwagadhi,4913,23251,2.093,2026-08-20 07:55:00+00:00,2026-08-20 13:40:00+05:45
rasuwagadhi,4913,23251,2.096,2026-08-20 08:05:00+00:00,2026-08-20 13:50:00+05:45
rasuwagadhi,4913,23251,2.103,2026-08-20 08:15:00+00:00,2026-08-20 14:00:00+05:45
rasuwagadhi,4913,23251,2.028,2026-08-20 08:25:00+00:00,2026-08-20 14:10:00+05:45
rasuwagadhi,4913,23251,2.021,2026-08-20 08:35:00+00:00,2026-08-20 14:20:00+05:45
rasuwagadhi,4913,23251,1.984,2026-08-20 08:45:00+00:00,2026-08-20 14:30:00+05:45
rasuwagadhi,4913,23251,2.111,2026-08-20 08:55:00+00:00,2026-08-20 14:40:00+05:45
rasuwagadhi,4913,23251,2.152,2026-08-20 09:05:00+00:00,2026-08-20 14:50:00+05:45
rasuwagadhi,4913,23251,2.079,2026-08-20 09:15:00+00:00,2026-08-20 15:00:00+05:45
rasuwagadhi,4913,23251,2.095,2026-08-20 09:25:00+00:00,2026-08-20 15:10:00+05:45
rasuwagadhi,4913,23251,2.094,2026-08-20 09:35:00+00:00,2026-08-20 15:20:00+05:45
rasuwagadhi,4913,23251,2.087,2026-08-20 09:45:00+00:00,2026-08-20 15:30:00+05:45
rasuwagadhi,4913,23251,2.075,2026-08-20 09:55:00+00:00,2026-08-20 15:40:00+05:45
rasuwagadhi,4913,23251,2.086,2026-08-20 10:05:00+00:00,2026-08-20 15:50:00+05:45
rasuwagadhi,4913,23251,2.034,2026-08-20 10:15:00+00:00,2026-08-20 16:00:00+05:45
rasuwagadhi,4913,23251,2.056,2026-08-20 10:25:00+00:00,2026-08-20 16:10:00+05:45
rasuwagadhi,4913,23251,2.075,2026-08-20 10:35:00+00:00,2026-08-20 16:20:00+05:45
rasuwagadhi,4913,23251,2.093,2026-08-20 10:45:00+00:00,2026-08-20 16:30:00+05:45
rasuwagadhi,4913,23251,2.055,2026-08-20 10:55:00+00:00,2026-08-20 16:40:00+05:45
rasuwagadhi,4913,23251,2.087,2026-08-20 11:05:00+00:00,2026-08-20 16:50:00+05:45
rasuwagadhi,4913,23251,2.051,2026-08-20 11:15:00+00:00,2026-08-20 17:00:00+05:45
rasuwagadhi,4913,23251,2.057,2026-08-20 11:25:00+00:00,2026-08-20 17:10:00+05:45
rasuwagadhi,4913,23251,2.04,2026-08-20 11:35:00+00:00,2026-08-20 17:20:00+05:45
rasuwagadhi,4913,23251,2.038,2026-08-20 11:45:00+00:00,2026-08-20 17:30:00+05:45
rasuwagadhi,4913,23251,2.026,2026-08-20 11:55:00+00:00,2026-08-20 17:40:00+05:45
rasuwagadhi,4913,23251,2.039,2026-08-20 12:05:00+00:00,2026-08-20 17:50:00+05:45
rasuwagadhi,4913,23251,2.043,2026-08-20 12:15:00+00:00,2026-08-20 18:00:00+05:45
rasuwagadhi,4913,23251,2.062,2026-08-20 12:25:00+00:00,2026-08-20 18:10:00+05:45
rasuwagadhi,4913,23251,2.054,2026-08-20 12:35:00+00:00,2026-08-20 18:20:00+05:45
rasuwagadhi,4913,23251,2.021,2026-08-20 12:45:00+00:00,2026-08-20 18:30:00+05:45
rasuwagadhi,4913,23251,2.062,2026-08-20 12:55:00+00:00,2026-08-20 18:40:00+05:45
rasuwagadhi,4913,23251,2.054,2026-08-20 13:05:00+00:00,2026-08-20 18:50:00+05:45
rasuwagadhi,4913,23251,2.039,2026-08-20 13:15:00+00:00,2026-08-20 19:00:00+05:45
rasuwagadhi,4913,23251,2.044,2026-08-20 13:25:00+00:00,2026-08-20 19:10:00+05:45
rasuwagadhi,4913,23251,2.025,2026-08-20 13:35:00+00:00,2026-08-20 19:20:00+05:45
rasuwagadhi,4913,23251,2.052,2026-08-20 13:45:00+00:00,2026-08-20 19:30:00+05:45
rasuwagadhi,4913,23251,2.052,2026-08-20 13:55:00+00:00,2026-08-20 19:40:00+05:45
rasuwagadhi,4913,23251,2.036,2026-08-20 14:05:00+00:00,2026-08-20 19:50:00+05:45
rasuwagadhi,4913,23251,2.034,2026-08-20 14:15:00+00:00,2026-08-20 20:00:00+05:45
rasuwagadhi,4913,23251,2.015,2026-08-20 14:25:00+00:00,2026-08-20 20:10:00+05:45
rasuwagadhi,4913,23251,1.995,2026-08-20 14:35:00+00:00,2026-08-20 20:20:00+05:45
rasuwagadhi,4913,23251,1.997,2026-08-20 14:45:00+00:00,2026-08-20 20:30:00+05:45
rasuwagadhi,4913,23251,2.011,2026-08-20 14:55:00+00:00,2026-08-20 20:40:00+05:45
rasuwagadhi,4913,23251,1.964,2026-08-20 15:05:00+00:00,2026-08-20 20:50:00+05:45
rasuwagadhi,4913,23251,1.979,2026-08-20 15:15:00+00:00,2026-08-20 21:00:00+05:45
rasuwagadhi,4913,23251,1.963,2026-08-20 15:25:00+00:00,2026-08-20 21:10:00+05:45
rasuwagadhi,4913,23251,1.964,2026-08-20 15:35:00+00:00,2026-08-20 21:20:00+05:45
rasuwagadhi,4913,23251,1.941,2026-08-20 15:45:00+00:00,2026-08-20 21:30:00+05:45
rasuwagadhi,4913,23251,1.933,2026-08-20 15:55:00+00:00,2026-08-20 21:40:00+05:45
rasuwagadhi,4913,23251,1.948,2026-08-20 16:05:00+00:00,2026-08-20 21:50:00+05:45
rasuwagadhi,4913,23251,1.965,2026-08-20 16:15:00+00:00,2026-08-20 22:00:00+05:45
rasuwagadhi,4913,23251,1.947,2026-08-20 16:25:00+00:00,2026-08-20 22:10:00+05:45
rasuwagadhi,4913,23251,1.951,2026-08-20 16:35:00+00:00,2026-08-20 22:20:00+05:45
rasuwagadhi,4913,23251,1.922,2026-08-20 16:45:00+00:00,2026-08-20 22:30:00+05:45
rasuwagadhi,4913,23251,1.926,2026-08-20 16:55:00+00:00,2026-08-20 22:40:00+05:45
rasuwagadhi,4913,23251,1.949,2026-08-20 17:05:00+00:00,2026-08-20 22:50:00+05:45
rasuwagadhi,4913,23251,1.957,2026-08-20 17:15:00+00:00,2026-08-20 23:00:00+05:45
rasuwagadhi,4913,23251,1.958,2026-08-20 17:25:00+00:00,2026-08-20 23:10:00+05:45
rasuwagadhi,4913,23251,1.933,2026-08-20 17:35:00+00:00,2026-08-20 23:20:00+05:45
rasuwagadhi,4913,23251,1.928,2026-08-20 17:45:00+00:00,2026-08-20 23:30:00+05:45
rasuwagadhi,4913,23251,1.925,2026-08-20 17:55:00+00:00,2026-08-20 23:40:00+05:45
rasuwagadhi,4913,23251,1.936,2026-08-20 18:05:00+00:00,2026-08-20 23:50:00+05:45
rasuwagadhi,4913,23251,1.948,2026-08-20 18:15:00+00:00,2026-08-21 00:00:00+05:45
rasuwagadhi,4913,23251,1.943,2026-08-20 18:25:00+00:00,2026-08-21 00:10:00+05:45
rasuwagadhi,4913,23251,1.959,2026-08-20 18:35:00+00:00,2026-08-21 00:20:00+05:45
rasuwagadhi,4913,23251,1.967,2026-08-20 18:45:00+00:00,2026-08-21 00:30:00+05:45
rasuwagadhi,4913,23251,1.958,2026-08-20 18:55:00+00:00,2026-08-21 00:40:00+05:45
rasuwagadhi,4913,23251,1.965,2026-08-20 19:05:00+00:00,2026-08-21 00:50:00+05:45
rasuwagadhi,4913,23251,1.937,2026-08-20 19:15:00+00:00,2026-08-21 01:00:00+05:45
rasuwagadhi,4913,23251,1.933,2026-08-20 19:25:00+00:00,2026-08-21 01:10:00+05:45
rasuwagadhi,4913,23251,1.926,2026-08-20 19:35:00+00:00,2026-08-21 01:20:00+05:45
rasuwagadhi,4913,23251,1.932,2026-08-20 19:45:00+00:00,2026-08-21 01:30:00+05:45
rasuwagadhi,4913,23251,1.935,2026-08-20 19:55:00+00:00,2026-08-21 01:40:00+05:45
rasuwagadhi,4913,23251,1.937,2026-08-20 20:05:00+00:00,2026-08-21 01:50:00+05:45
rasuwagadhi,4913,23251,1.932,2026-08-20 20:15:00+00:00,2026-08-21 02:00:00+05:45
rasuwagadhi,4913,23251,1.942,2026-08-20 20:25:00+00:00,2026-08-21 02:10:00+05:45
rasuwagadhi,4913,23251,1.936,2026-08-20 20:35:00+00:00,2026-08-21 02:20:00+05:45
rasuwagadhi,4913,23251,1.964,2026-08-20 20:45:00+00:00,2026-08-21 02:30:00+05:45
rasuwagadhi,4913,23251,1.939,2026-08-20 20:55:00+00:00,2026-08-21 02:40:00+05:45
rasuwagadhi,4913,23251,1.934,2026-08-20 21:05:00+00:00,2026-08-21 02:50:00+05:45
rasuwagadhi,4913,23251,1.935,2026-08-20 21:15:00+00:00,2026-08-21 03:00:00+05:45
rasuwagadhi,4913,23251,1.926,2026-08-20 21:25:00+00:00,2026-08-21 03:10:00+05:45
rasuwagadhi,4913,23251,1.952,2026-08-20 21:35:00+00:00,2026-08-21 03:20:00+05:45
rasuwagadhi,4913,23251,1.957,2026-08-20 21:45:00+00:00,2026-08-21 03:30:00+05:45
rasuwagadhi,4913,23251,1.952,2026-08-20 21:55:00+00:00,2026-08-21 03:40:00+05:45
rasuwagadhi,4913,23251,1.968,2026-08-20 22:05:00+00:00,2026-08-21 03:50:00+05:45
rasuwagadhi,4913,23251,1.942,2026-08-20 22:15:00+00:00,2026-08-21 04:00:00+05:45
rasuwagadhi,4913,23251,1.948,2026-08-20 22:25:00+00:00,2026-08-21 04:10:00+05:45
rasuwagadhi,4913,23251,1.951,2026-08-20 22:35:00+00:00,2026-08-21 04:20:00+05:45
rasuwagadhi,4913,23251,1.919,2026-08-20 22:45:00+00:00,2026-08-21 04:30:00+05:45
rasuwagadhi,4913,23251,1.761,2026-08-20 22:55:00+00:00,2026-08-21 04:40:00+05:45
rasuwagadhi,4913,23251,1.946,2026-08-20 23:05:00+00:00,2026-08-21 04:50:00+05:45
rasuwagadhi,4913,23251,1.946,2026-08-20 23:15:00+00:00,2026-08-21 05:00:00+05:45
rasuwagadhi,4913,23251,1.937,2026-08-20 23:25:00+00:00,2026-08-21 05:10:00+05:45
rasuwagadhi,4913,23251,1.949,2026-08-20 23:35:00+00:00,2026-08-21 05:20:00+05:45
rasuwagadhi,4913,23251,1.951,2026-08-20 23:45:00+00:00,2026-08-21 05:30:00+05:45
rasuwagadhi,4913,23251,1.95,2026-08-20 23:55:00+00:00,2026-08-21 05:40:00+05:45
rasuwagadhi,4913,23251,1.948,2026-08-21 00:05:00+00:00,2026-08-21 05:50:00+05:45
rasuwagadhi,4913,23251,1.956,2026-08-21 00:15:00+00:00,2026-08-21 06:00:00+05:45
rasuwagadhi,4913,23251,1.947,2026-08-21 00:25:00+00:00,2026-08-21 06:10:00+05:45
rasuwagadhi,4913,23251,1.948,2026-08-21 00:35:00+00:00,2026-08-21 06:20:00+05:45
rasuwagadhi,4913,23251,1.947,2026-08-21 00:45:00+00:00,2026-08-21 06:30:00+05:45
rasuwagadhi,4913,23251,1.951,2026-08-21 00:55:00+00:00,2026-08-21 06:40:00+05:45
rasuwagadhi,4913,23251,1.953,2026-08-21 01:05:00+00:00,2026-08-21 06:50:00+05:45
rasuwagadhi,4913,23251,1.963,2026-08-21 01:15:00+00:00,2026-08-21 07:00:00+05:45
rasuwagadhi,4913,23251,1.93,2026-08-21 01:25:00+00:00,2026-08-21 07:10:00+05:45
rasuwagadhi,4913,23251,1.946,2026-08-21 01:35:00+00:00,2026-08-21 07:20:00+05:45
rasuwagadhi,4913,23251,1.926,2026-08-21 01:45:00+00:00,2026-08-21 07:30:00+05:45
rasuwagadhi,4913,23251,1.935,2026-08-21 01:55:00+00:00,2026-08-21 07:40:00+05:45
rasuwagadhi,4913,23251,1.96,2026-08-21 02:05:00+00:00,2026-08-21 07:50:00+05:45
rasuwagadhi,4913,23251,1.928,2026-08-21 02:15:00+00:00,2026-08-21 08:00:00+05:45
rasuwagadhi,4913,23251,1.911,2026-08-21 02:25:00+00:00,2026-08-21 08:10:00+05:45
rasuwagadhi,4913,23251,1.888,2026-08-21 02:35:00+00:00,2026-08-21 08:20:00+05:45
rasuwagadhi,4913,23251,1.903,2026-08-21 02:45:00+00:00,2026-08-21 08:30:00+05:45
rasuwagadhi,4913,23251,1.868,2026-08-21 02:55:00+00:00,2026-08-21 08:40:00+05:45
rasuwagadhi,4913,23251,1.89,2026-08-21 03:05:00+00:00,2026-08-21 08:50:00+05:45
rasuwagadhi,4913,23251,1.873,2026-08-21 03:15:00+00:00,2026-08-21 09:00:00+05:45
rasuwagadhi,4913,23251,1.858,2026-08-21 03:25:00+00:00,2026-08-21 09:10:00+05:45
rasuwagadhi,4913,23251,1.85,2026-08-21 03:35:00+00:00,2026-08-21 09:20:00+05:45
rasuwagadhi,4913,23251,1.859,2026-08-21 03:45:00+00:00,2026-08-21 09:30:00+05:45
rasuwagadhi,4913,23251,1.88,2026-08-21 03:55:00+00:00,2026-08-21 09:40:00+05:45
rasuwagadhi,4913,23251,1.915,2026-08-21 04:05:00+00:00,2026-08-21 09:50:00+05:45
rasuwagadhi,4913,23251,1.896,2026-08-21 04:15:00+00:00,2026-08-21 10:00:00+05:45
rasuwagadhi,4913,23251,1.892,2026-08-21 04:25:00+00:00,2026-08-21 10:10:00+05:45
rasuwagadhi,4913,23251,1.896,2026-08-21 04:35:00+00:00,2026-08-21 10:20:00+05:45
rasuwagadhi,4913,23251,1.904,2026-08-21 04:45:00+00:00,2026-08-21 10:30:00+05:45
rasuwagadhi,4913,23251,1.883,2026-08-21 04:55:00+00:00,2026-08-21 10:40:00+05:45
rasuwagadhi,4913,23251,1.894,2026-08-21 05:05:00+00:00,2026-08-21 10:50:00+05:45
rasuwagadhi,4913,23251,1.865,2026-08-21 05:15:00+00:00,2026-08-21 11:00:00+05:45
rasuwagadhi,4913,23251,1.891,2026-08-21 05:25:00+00:00,2026-08-21 11:10:00+05:45
rasuwagadhi,4913,23251,1.869,2026-08-21 05:35:00+00:00,2026-08-21 11:20:00+05:45
rasuwagadhi,4913,23251,1.871,2026-08-21 05:45:00+00:00,2026-08-21 11:30:00+05:45
rasuwagadhi,4913,23251,1.886,2026-08-21 05:55:00+00:00,2026-08-21 11:40:00+05:45
rasuwagadhi,4913,23251,1.858,2026-08-21 06:05:00+00:00,2026-08-21 11:50:00+05:45
rasuwagadhi,4913,23251,1.89,2026-08-21 06:15:00+00:00,2026-08-21 12:00:00+05:45
rasuwagadhi,4913,23251,1.881,2026-08-21 06:25:00+00:00,2026-08-21 12:10:00+05:45
rasuwagadhi,4913,23251,1.892,2026-08-21 06:35:00+00:00,2026-08-21 12:20:00+05:45
rasuwagadhi,4913,23251,1.888,2026-08-21 06:45:00+00:00,2026-08-21 12:30:00+05:45
rasuwagadhi,4913,23251,1.892,2026-08-21 06:55:00+00:00,2026-08-21 12:40:00+05:45
rasuwagadhi,4913,23251,1.426,2026-08-21 07:05:00+00:00,2026-08-21 12:50:00+05:45
rasuwagadhi,4913,23251,1.503,2026-08-21 07:15:00+00:00,2026-08-21 13:00:00+05:45
rasuwagadhi,4913,23251,2.07,2026-08-21 07:25:00+00:00,2026-08-21 13:10:00+05:45
rasuwagadhi,4913,23251,2.105,2026-08-21 07:35:00+00:00,2026-08-21 13:20:00+05:45
rasuwagadhi,4913,23251,2.065,2026-08-21 07:45:00+00:00,2026-08-21 13:30:00+05:45
rasuwagadhi,4913,23251,2.037,2026-08-21 07:55:00+00:00,2026-08-21 13:40:00+05:45
rasuwagadhi,4913,23251,2.021,2026-08-21 08:05:00+00:00,2026-08-21 13:50:00+05:45
rasuwagadhi,4913,23251,2.036,2026-08-21 08:15:00+00:00,2026-08-21 14:00:00+05:45
rasuwagadhi,4913,23251,2.034,2026-08-21 08:25:00+00:00,2026-08-21 14:10:00+05:45
rasuwagadhi,4913,23251,1.984,2026-08-21 08:35:00+00:00,2026-08-21 14:20:00+05:45
rasuwagadhi,4913,23251,1.948,2026-08-21 08:45:00+00:00,2026-08-21 14:30:00+05:45
rasuwagadhi,4913,23251,2.0,2026-08-21 08:55:00+00:00,2026-08-21 14:40:00+05:45
rasuwagadhi,4913,23251,2.062,2026-08-21 09:05:00+00:00,2026-08-21 14:50:00+05:45
rasuwagadhi,4913,23251,2.077,2026-08-21 09:15:00+00:00,2026-08-21 15:00:00+05:45
rasuwagadhi,4913,23251,1.902,2026-08-21 09:25:00+00:00,2026-08-21 15:10:00+05:45
rasuwagadhi,4913,23251,1.878,2026-08-21 09:35:00+00:00,2026-08-21 15:20:00+05:45
rasuwagadhi,4913,23251,1.889,2026-08-21 09:45:00+00:00,2026-08-21 15:30:00+05:45
rasuwagadhi,4913,23251,1.912,2026-08-21 09:55:00+00:00,2026-08-21 15:40:00+05:45
rasuwagadhi,4913,23251,1.909,2026-08-21 10:05:00+00:00,2026-08-21 15:50:00+05:45
rasuwagadhi,4913,23251,1.909,2026-08-21 10:15:00+00:00,2026-08-21 16:00:00+05:45
rasuwagadhi,4913,23251,1.901,2026-08-21 10:25:00+00:00,2026-08-21 16:10:00+05:45
rasuwagadhi,4913,23251,1.918,2026-08-21 10:35:00+00:00,2026-08-21 16:20:00+05:45
rasuwagadhi,4913,23251,1.91,2026-08-21 10:45:00+00:00,2026-08-21 16:30:00+05:45
rasuwagadhi,4913,23251,1.919,2026-08-21 10:55:00+00:00,2026-08-21 16:40:00+05:45
rasuwagadhi,4913,23251,1.904,2026-08-21 11:05:00+00:00,2026-08-21 16:50:00+05:45
rasuwagadhi,4913,23251,1.911,2026-08-21 11:15:00+00:00,2026-08-21 17:00:00+05:45
rasuwagadhi,4913,23251,1.93,2026-08-21 11:25:00+00:00,2026-08-21 17:10:00+05:45
rasuwagadhi,4913,23251,1.934,2026-08-21 11:35:00+00:00,2026-08-21 17:20:00+05:45
rasuwagadhi,4913,23251,1.952,2026-08-21 11:45:00+00:00,2026-08-21 17:30:00+05:45
rasuwagadhi,4913,23251,2.025,2026-08-21 11:55:00+00:00,2026-08-21 17:40:00+05:45
rasuwagadhi,4913,23251,1.99,2026-08-21 12:05:00+00:00,2026-08-21 17:50:00+05:45
rasuwagadhi,4913,23251,1.972,2026-08-21 12:15:00+00:00,2026-08-21 18:00:00+05:45
rasuwagadhi,4913,23251,1.95,2026-08-21 12:25:00+00:00,2026-08-21 18:10:00+05:45
rasuwagadhi,4913,23251,1.968,2026-08-21 12:35:00+00:00,2026-08-21 18:20:00+05:45
rasuwagadhi,4913,23251,1.918,2026-08-21 12:45:00+00:00,2026-08-21 18:30:00+05:45
rasuwagadhi,4913,23251,1.909,2026-08-21 12:55:00+00:00,2026-08-21 18:40:00+05:45
rasuwagadhi,4913,23251,1.987,2026-08-21 13:05:00+00:00,2026-08-21 18:50:00+05:45
rasuwagadhi,4913,23251,2.0,2026-08-21 13:15:00+00:00,2026-08-21 19:00:00+05:45
rasuwagadhi,4913,23251,1.994,2026-08-21 13:25:00+00:00,2026-08-21 19:10:00+05:45
rasuwagadhi,4913,23251,1.997,2026-08-21 13:35:00+00:00,2026-08-21 19:20:00+05:45
rasuwagadhi,4913,23251,1.999,2026-08-21 13:45:00+00:00,2026-08-21 19:30:00+05:45
rasuwagadhi,4913,23251,2.025,2026-08-21 13:55:00+00:00,2026-08-21 19:40:00+05:45
rasuwagadhi,4913,23251,2.01,2026-08-21 14:05:00+00:00,2026-08-21 19:50:00+05:45
rasuwagadhi,4913,23251,2.016,2026-08-21 14:15:00+00:00,2026-08-21 20:00:00+05:45
rasuwagadhi,4913,23251,2.01,2026-08-21 14:25:00+00:00,2026-08-21 20:10:00+05:45
rasuwagadhi,4913,23251,2.051,2026-08-21 14:35:00+00:00,2026-08-21 20:20:00+05:45
rasuwagadhi,4913,23251,2.019,2026-08-21 14:45:00+00:00,2026-08-21 20:30:00+05:45
rasuwagadhi,4913,23251,1.935,2026-08-21 14:55:00+00:00,2026-08-21 20:40:00+05:45
rasuwagadhi,4913,23251,1.941,2026-08-21 15:05:00+00:00,2026-08-21 20:50:00+05:45
rasuwagadhi,4913,23251,1.948,2026-08-21 15:15:00+00:00,2026-08-21 21:00:00+05:45
rasuwagadhi,4913,23251,1.947,2026-08-21 15:25:00+00:00,2026-08-21 21:10:00+05:45
rasuwagadhi,4913,23251,1.943,2026-08-21 15:35:00+00:00,2026-08-21 21:20:00+05:45
rasuwagadhi,4913,23251,1.942,2026-08-21 15:45:00+00:00,2026-08-21 21:30:00+05:45
rasuwagadhi,4913,23251,1.96,2026-08-21 15:55:00+00:00,2026-08-21 21:40:00+05:45
rasuwagadhi,4913,23251,1.944,2026-08-21 16:05:00+00:00,2026-08-21 21:50:00+05:45
rasuwagadhi,4913,23251,1.957,2026-08-21 16:15:00+00:00,2026-08-21 22:00:00+05:45
rasuwagadhi,4913,23251,1.944,2026-08-21 16:25:00+00:00,2026-08-21 22:10:00+05:45
rasuwagadhi,4913,23251,1.961,2026-08-21 16:35:00+00:00,2026-08-21 22:20:00+05:45
rasuwagadhi,4913,23251,1.971,2026-08-21 16:45:00+00:00,2026-08-21 22:30:00+05:45
rasuwagadhi,4913,23251,1.967,2026-08-21 16:55:00+00:00,2026-08-21 22:40:00+05:45
rasuwagadhi,4913,23251,2.021,2026-08-21 17:05:00+00:00,2026-08-21 22:50:00+05:45
rasuwagadhi,4913,23251,2.0,2026-08-21 17:15:00+00:00,2026-08-21 23:00:00+05:45
rasuwagadhi,4913,23251,2.094,2026-08-21 17:25:00+00:00,2026-08-21 23:10:00+05:45
rasuwagadhi,4913,23251,2.019,2026-08-21 17:35:00+00:00,2026-08-21 23:20:00+05:45
rasuwagadhi,4913,23251,2.035,2026-08-21 17:45:00+00:00,2026-08-21 23:30:00+05:45
rasuwagadhi,4913,23251,2.054,2026-08-21 17:55:00+00:00,2026-08-21 23:40:00+05:45
rasuwagadhi,4913,23251,2.043,2026-08-21 18:05:00+00:00,2026-08-21 23:50:00+05:45
rasuwagadhi,4913,23251,2.042,2026-08-21 18:15:00+00:00,2026-08-22 00:00:00+05:45
rasuwagadhi,4913,23251,2.053,2026-08-21 18:25:00+00:00,2026-08-22 00:10:00+05:45
rasuwagadhi,4913,23251,2.056,2026-08-21 18:35:00+00:00,2026-08-22 00:20:00+05:45
rasuwagadhi,4913,23251,2.061,2026-08-21 18:45:00+00:00,2026-08-22 00:30:00+05:45
rasuwagadhi,4913,23251,2.097,2026-08-21 18:55:00+00:00,2026-08-22 00:40:00+05:45
rasuwagadhi,4913,23251,2.107,2026-08-21 19:05:00+00:00,2026-08-22 00:50:00+05:45
rasuwagadhi,4913,23251,2.125,2026-08-21 19:15:00+00:00,2026-08-22 01:00:00+05:45
rasuwagadhi,4913,23251,2.135,2026-08-21 19:25:00+00:00,2026-08-22 01:10:00+05:45
rasuwagadhi,4913,23251,2.143,2026-08-21 19:35:00+00:00,2026-08-22 01:20:00+05:45
rasuwagadhi,4913,23251,2.155,2026-08-21 19:45:00+00:00,2026-08-22 01:30:00+05:45
rasuwagadhi,4913,23251,2.186,2026-08-21 19:55:00+00:00,2026-08-22 01:40:00+05:45
rasuwagadhi,4913,23251,2.138,2026-08-21 20:05:00+00:00,2026-08-22 01:50:00+05:45
rasuwagadhi,4913,23251,2.159,2026-08-21 20:15:00+00:00,2026-08-22 02:00:00+05:45
rasuwagadhi,4913,23251,2.162,2026-08-21 20:25:00+00:00,2026-08-22 02:10:00+05:45
rasuwagadhi,4913,23251,2.182,2026-08-21 20:35:00+00:00,2026-08-22 02:20:00+05:45
rasuwagadhi,4913,23251,2.165,2026-08-21 20:45:00+00:00,2026-08-22 02:30:00+05:45
rasuwagadhi,4913,23251,2.2,2026-08-21 20:55:00+00:00,2026-08-22 02:40:00+05:45
rasuwagadhi,4913,23251,2.164,2026-08-21 21:05:00+00:00,2026-08-22 02:50:00+05:45
rasuwagadhi,4913,23251,2.201,2026-08-21 21:15:00+00:00,2026-08-22 03:00:00+05:45
rasuwagadhi,4913,23251,2.165,2026-08-21 21:25:00+00:00,2026-08-22 03:10:00+05:45
rasuwagadhi,4913,23251,2.169,2026-08-21 21:35:00+00:00,2026-08-22 03:20:00+05:45
rasuwagadhi,4913,23251,2.169,2026-08-21 21:45:00+00:00,2026-08-22 03:30:00+05:45
rasuwagadhi,4913,23251,2.186,2026-08-21 21:55:00+00:00,2026-08-22 03:40:00+05:45
rasuwagadhi,4913,23251,2.188,2026-08-21 22:05:00+00:00,2026-08-22 03:50:00+05:45
rasuwagadhi,4913,23251,2.162,2026-08-21 22:15:00+00:00,2026-08-22 04:00:00+05:45
rasuwagadhi,4913,23251,2.16,2026-08-21 22:25:00+00:00,2026-08-22 04:10:00+05:45
rasuwagadhi,4913,23251,2.168,2026-08-21 22:35:00+00:00,2026-08-22 04:20:00+05:45
rasuwagadhi,4913,23251,2.148,2026-08-21 22:45:00+00:00,2026-08-22 04:30:00+05:45
rasuwagadhi,4913,23251,2.197,2026-08-21 22:55:00+00:00,2026-08-22 04:40:00+05:45
rasuwagadhi,4913,23251,2.196,2026-08-21 23:05:00+00:00,2026-08-22 04:50:00+05:45
rasuwagadhi,4913,23251,2.169,2026-08-21 23:15:00+00:00,2026-08-22 05:00:00+05:45
rasuwagadhi,4913,23251,2.181,2026-08-21 23:25:00+00:00,2026-08-22 05:10:00+05:45
rasuwagadhi,4913,23251,2.174,2026-08-21 23:35:00+00:00,2026-08-22 05:20:00+05:45
rasuwagadhi,4913,23251,2.171,2026-08-21 23:45:00+00:00,2026-08-22 05:30:00+05:45
rasuwagadhi,4913,23251,2.169,2026-08-21 23:55:00+00:00,2026-08-22 05:40:00+05:45
rasuwagadhi,4913,23251,2.171,2026-08-22 00:05:00+00:00,2026-08-22 05:50:00+05:45
rasuwagadhi,4913,23251,2.19,2026-08-22 00:15:00+00:00,2026-08-22 06:00:00+05:45
rasuwagadhi,4913,23251,2.196,2026-08-22 00:25:00+00:00,2026-08-22 06:10:00+05:45
rasuwagadhi,4913,23251,2.185,2026-08-22 00:35:00+00:00,2026-08-22 06:20:00+05:45
rasuwagadhi,4913,23251,2.181,2026-08-22 00:45:00+00:00,2026-08-22 06:30:00+05:45
rasuwagadhi,4913,23251,2.178,2026-08-22 00:55:00+00:00,2026-08-22 06:40:00+05:45
rasuwagadhi,4913,23251,2.181,2026-08-22 01:05:00+00:00,2026-08-22 06:50:00+05:45
rasuwagadhi,4913,23251,2.146,2026-08-22 01:15:00+00:00,2026-08-22 07:00:00+05:45
rasuwagadhi,4913,23251,2.215,2026-08-22 01:25:00+00:00,2026-08-22 07:10:00+05:45
rasuwagadhi,4913,23251,2.163,2026-08-22 01:35:00+00:00,2026-08-22 07:20:00+05:45
rasuwagadhi,4913,23251,2.12,2026-08-22 01:45:00+00:00,2026-08-22 07:30:00+05:45
rasuwagadhi,4913,23251,2.127,2026-08-22 01:55:00+00:00,2026-08-22 07:40:00+05:45
rasuwagadhi,4913,23251,2.12,2026-08-22 02:05:00+00:00,2026-08-22 07:50:00+05:45
rasuwagadhi,4913,23251,2.102,2026-08-22 02:15:00+00:00,2026-08-22 08:00:00+05:45
rasuwagadhi,4913,23251,2.104,2026-08-22 02:25:00+00:00,2026-08-22 08:10:00+05:45
rasuwagadhi,4913,23251,2.05,2026-08-22 02:35:00+00:00,2026-08-22 08:20:00+05:45
rasuwagadhi,4913,23251,2.076,2026-08-22 02:45:00+00:00,2026-08-22 08:30:00+05:45
rasuwagadhi,4913,23251,2.028,2026-08-22 02:55:00+00:00,2026-08-22 08:40:00+05:45
rasuwagadhi,4913,23251,2.048,2026-08-22 03:05:00+00:00,2026-08-22 08:50:00+05:45
rasuwagadhi,4913,23251,2.031,2026-08-22 03:15:00+00:00,2026-08-22 09:00:00+05:45
rasuwagadhi,4913,23251,2.045,2026-08-22 03:25:00+00:00,2026-08-22 09:10:00+05:45
rasuwagadhi,4913,23251,2.023,2026-08-22 03:35:00+00:00,2026-08-22 09:20:00+05:45
rasuwagadhi,4913,23251,2.027,2026-08-22 03:45:00+00:00,2026-08-22 09:30:00+05:45
rasuwagadhi,4913,23251,2.043,2026-08-22 03:55:00+00:00,2026-08-22 09:40:00+05:45
rasuwagadhi,4913,23251,2.015,2026-08-22 04:05:00+00:00,2026-08-22 09:50:00+05:45
rasuwagadhi,4913,23251,2.006,2026-08-22 04:15:00+00:00,2026-08-22 10:00:00+05:45
rasuwagadhi,4913,23251,1.998,2026-08-22 04:25:00+00:00,2026-08-22 10:10:00+05:45
rasuwagadhi,4913,23251,1.971,2026-08-22 04:35:00+00:00,2026-08-22 10:20:00+05:45
rasuwagadhi,4913,23251,1.973,2026-08-22 04:45:00+00:00,2026-08-22 10:30:00+05:45
rasuwagadhi,4913,23251,1.965,2026-08-22 04:55:00+00:00,2026-08-22 10:40:00+05:45
rasuwagadhi,4913,23251,1.996,2026-08-22 05:05:00+00:00,2026-08-22 10:50:00+05:45
rasuwagadhi,4913,23251,1.983,2026-08-22 05:15:00+00:00,2026-08-22 11:00:00+05:45
rasuwagadhi,4913,23251,1.979,2026-08-22 05:25:00+00:00,2026-08-22 11:10:00+05:45
rasuwagadhi,4913,23251,1.976,2026-08-22 05:35:00+00:00,2026-08-22 11:20:00+05:45
rasuwagadhi,4913,23251,1.982,2026-08-22 05:45:00+00:00,2026-08-22 11:30:00+05:45
rasuwagadhi,4913,23251,1.984,2026-08-22 05:55:00+00:00,2026-08-22 11:40:00+05:45
rasuwagadhi,4913,23251,2.027,2026-08-22 06:05:00+00:00,2026-08-22 11:50:00+05:45
rasuwagadhi,4913,23251,2.154,2026-08-22 06:15:00+00:00,2026-08-22 12:00:00+05:45
rasuwagadhi,4913,23251,2.179,2026-08-22 06:25:00+00:00,2026-08-22 12:10:00+05:45
rasuwagadhi,4913,23251,2.199,2026-08-22 06:35:00+00:00,2026-08-22 12:20:00+05:45
rasuwagadhi,4913,23251,2.174,2026-08-22 06:45:00+00:00,2026-08-22 12:30:00+05:45
rasuwagadhi,4913,23251,2.168,2026-08-22 06:55:00+00:00,2026-08-22 12:40:00+05:45
rasuwagadhi,4913,23251,2.16,2026-08-22 07:05:00+00:00,2026-08-22 12:50:00+05:45
rasuwagadhi,4913,23251,2.188,2026-08-22 07:15:00+00:00,2026-08-22 13:00:00+05:45
rasuwagadhi,4913,23251,2.159,2026-08-22 07:25:00+00:00,2026-08-22 13:10:00+05:45
rasuwagadhi,4913,23251,2.144,2026-08-22 07:35:00+00:00,2026-08-22 13:20:00+05:45
rasuwagadhi,4913,23251,2.171,2026-08-22 07:45:00+00:00,2026-08-22 13:30:00+05:45
rasuwagadhi,4913,23251,2.169,2026-08-22 07:55:00+00:00,2026-08-22 13:40:00+05:45
rasuwagadhi,4913,23251,2.181,2026-08-22 08:05:00+00:00,2026-08-22 13:50:00+05:45
rasuwagadhi,4913,23251,2.133,2026-08-22 08:15:00+00:00,2026-08-22 14:00:00+05:45
rasuwagadhi,4913,23251,2.114,2026-08-22 08:25:00+00:00,2026-08-22 14:10:00+05:45
rasuwagadhi,4913,23251,2.118,2026-08-22 08:35:00+00:00,2026-08-22 14:20:00+05:45
rasuwagadhi,4913,23251,2.09,2026-08-22 08:45:00+00:00,2026-08-22 14:30:00+05:45
rasuwagadhi,4913,23251,2.011,2026-08-22 08:55:00+00:00,2026-08-22 14:40:00+05:45
rasuwagadhi,4913,23251,1.995,2026-08-22 09:05:00+00:00,2026-08-22 14:50:00+05:45
rasuwagadhi,4913,23251,1.976,2026-08-22 09:15:00+00:00,2026-08-22 15:00:00+05:45
rasuwagadhi,4913,23251,1.984,2026-08-22 09:25:00+00:00,2026-08-22 15:10:00+05:45
rasuwagadhi,4913,23251,1.987,2026-08-22 09:35:00+00:00,2026-08-22 15:20:00+05:45
rasuwagadhi,4913,23251,1.973,2026-08-22 09:45:00+00:00,2026-08-22 15:30:00+05:45
rasuwagadhi,4913,23251,1.988,2026-08-22 09:55:00+00:00,2026-08-22 15:40:00+05:45
rasuwagadhi,4913,23251,1.997,2026-08-22 10:05:00+00:00,2026-08-22 15:50:00+05:45
rasuwagadhi,4913,23251,1.984,2026-08-22 10:15:00+00:00,2026-08-22 16:00:00+05:45
rasuwagadhi,4913,23251,2.001,2026-08-22 10:25:00+00:00,2026-08-22 16:10:00+05:45
rasuwagadhi,4913,23251,2.033,2026-08-22 10:35:00+00:00,2026-08-22 16:20:00+05:45
rasuwagadhi,4913,23251,2.027,2026-08-22 10:45:00+00:00,2026-08-22 16:30:00+05:45
rasuwagadhi,4913,23251,2.051,2026-08-22 10:55:00+00:00,2026-08-22 16:40:00+05:45
rasuwagadhi,4913,23251,2.059,2026-08-22 11:05:00+00:00,2026-08-22 16:50:00+05:45
rasuwagadhi,4913,23251,2.106,2026-08-22 11:15:00+00:00,2026-08-22 17:00:00+05:45
rasuwagadhi,4913,23251,2.088,2026-08-22 11:25:00+00:00,2026-08-22 17:10:00+05:45
rasuwagadhi,4913,23251,2.11,2026-08-22 11:35:00+00:00,2026-08-22 17:20:00+05:45
rasuwagadhi,4913,23251,2.131,2026-08-22 11:45:00+00:00,2026-08-22 17:30:00+05:45
rasuwagadhi,4913,23251,2.128,2026-08-22 11:55:00+00:00,2026-08-22 17:40:00+05:45
rasuwagadhi,4913,23251,2.106,2026-08-22 12:05:00+00:00,2026-08-22 17:50:00+05:45
rasuwagadhi,4913,23251,2.173,2026-08-22 12:15:00+00:00,2026-08-22 18:00:00+05:45
rasuwagadhi,4913,23251,2.155,2026-08-22 12:25:00+00:00,2026-08-22 18:10:00+05:45
rasuwagadhi,4913,23251,2.166,2026-08-22 12:35:00+00:00,2026-08-22 18:20:00+05:45
rasuwagadhi,4913,23251,2.16,2026-08-22 12:45:00+00:00,2026-08-22 18:30:00+05:45
rasuwagadhi,4913,23251,2.132,2026-08-22 12:55:00+00:00,2026-08-22 18:40:00+05:45
rasuwagadhi,4913,23251,2.09,2026-08-22 13:05:00+00:00,2026-08-22 18:50:00+05:45
rasuwagadhi,4913,23251,2.084,2026-08-22 13:15:00+00:00,2026-08-22 19:00:00+05:45
rasuwagadhi,4913,23251,2.099,2026-08-22 13:25:00+00:00,2026-08-22 19:10:00+05:45
rasuwagadhi,4913,23251,2.057,2026-08-22 13:35:00+00:00,2026-08-22 19:20:00+05:45
rasuwagadhi,4913,23251,2.047,2026-08-22 13:45:00+00:00,2026-08-22 19:30:00+05:45
rasuwagadhi,4913,23251,2.081,2026-08-22 13:55:00+00:00,2026-08-22 19:40:00+05:45
rasuwagadhi,4913,23251,2.068,2026-08-22 14:05:00+00:00,2026-08-22 19:50:00+05:45
rasuwagadhi,4913,23251,2.035,2026-08-22 14:15:00+00:00,2026-08-22 20:00:00+05:45
rasuwagadhi,4913,23251,2.045,2026-08-22 14:25:00+00:00,2026-08-22 20:10:00+05:45
rasuwagadhi,4913,23251,2.055,2026-08-22 14:35:00+00:00,2026-08-22 20:20:00+05:45
rasuwagadhi,4913,23251,2.044,2026-08-22 14:45:00+00:00,2026-08-22 20:30:00+05:45
rasuwagadhi,4913,23251,2.098,2026-08-22 14:55:00+00:00,2026-08-22 20:40:00+05:45
rasuwagadhi,4913,23251,2.099,2026-08-22 15:05:00+00:00,2026-08-22 20:50:00+05:45
rasuwagadhi,4913,23251,2.108,2026-08-22 15:15:00+00:00,2026-08-22 21:00:00+05:45
rasuwagadhi,4913,23251,2.133,2026-08-22 15:25:00+00:00,2026-08-22 21:10:00+05:45
rasuwagadhi,4913,23251,2.105,2026-08-22 15:35:00+00:00,2026-08-22 21:20:00+05:45
rasuwagadhi,4913,23251,2.078,2026-08-22 15:45:00+00:00,2026-08-22 21:30:00+05:45
rasuwagadhi,4913,23251,2.097,2026-08-22 15:55:00+00:00,2026-08-22 21:40:00+05:45
rasuwagadhi,4913,23251,2.116,2026-08-22 16:05:00+00:00,2026-08-22 21:50:00+05:45
rasuwagadhi,4913,23251,2.109,2026-08-22 16:15:00+00:00,2026-08-22 22:00:00+05:45
rasuwagadhi,4913,23251,2.094,2026-08-22 16:25:00+00:00,2026-08-22 22:10:00+05:45
rasuwagadhi,4913,23251,2.119,2026-08-22 16:35:00+00:00,2026-08-22 22:20:00+05:45
rasuwagadhi,4913,23251,2.096,2026-08-22 16:45:00+00:00,2026-08-22 22:30:00+05:45
rasuwagadhi,4913,23251,2.047,2026-08-22 16:55:00+00:00,2026-08-22 22:40:00+05:45
rasuwagadhi,4913,23251,2.085,2026-08-22 17:05:00+00:00,2026-08-22 22:50:00+05:45
rasuwagadhi,4913,23251,2.072,2026-08-22 17:15:00+00:00,2026-08-22 23:00:00+05:45
rasuwagadhi,4913,23251,2.099,2026-08-22 17:25:00+00:00,2026-08-22 23:10:00+05:45
rasuwagadhi,4913,23251,2.052,2026-08-22 17:35:00+00:00,2026-08-22 23:20:00+05:45
rasuwagadhi,4913,23251,2.092,2026-08-22 17:45:00+00:00,2026-08-22 23:30:00+05:45
rasuwagadhi,4913,23251,2.101,2026-08-22 17:55:00+00:00,2026-08-22 23:40:00+05:45
rasuwagadhi,4913,23251,2.094,2026-08-22 18:05:00+00:00,2026-08-22 23:50:00+05:45
rasuwagadhi,4913,23251,2.095,2026-08-22 18:15:00+00:00,2026-08-23 00:00:00+05:45
rasuwagadhi,4913,23251,2.105,2026-08-22 18:25:00+00:00,2026-08-23 00:10:00+05:45
rasuwagadhi,4913,23251,2.144,2026-08-22 18:35:00+00:00,2026-08-23 00:20:00+05:45
rasuwagadhi,4913,23251,2.102,2026-08-22 18:45:00+00:00,2026-08-23 00:30:00+05:45
rasuwagadhi,4913,23251,2.126,2026-08-22 18:55:00+00:00,2026-08-23 00:40:00+05:45
rasuwagadhi,4913,23251,2.1,2026-08-22 19:05:00+00:00,2026-08-23 00:50:00+05:45
rasuwagadhi,4913,23251,2.127,2026-08-22 19:15:00+00:00,2026-08-23 01:00:00+05:45
rasuwagadhi,4913,23251,2.144,2026-08-22 19:25:00+00:00,2026-08-23 01:10:00+05:45
rasuwagadhi,4913,23251,2.141,2026-08-22 19:35:00+00:00,2026-08-23 01:20:00+05:45
rasuwagadhi,4913,23251,2.153,2026-08-22 19:45:00+00:00,2026-08-23 01:30:00+05:45
rasuwagadhi,4913,23251,2.169,2026-08-22 19:55:00+00:00,2026-08-23 01:40:00+05:45
rasuwagadhi,4913,23251,2.149,2026-08-22 20:05:00+00:00,2026-08-23 01:50:00+05:45
rasuwagadhi,4913,23251,2.166,2026-08-22 20:15:00+00:00,2026-08-23 02:00:00+05:45
rasuwagadhi,4913,23251,2.191,2026-08-22 20:25:00+00:00,2026-08-23 02:10:00+05:45
rasuwagadhi,4913,23251,2.187,2026-08-22 20:35:00+00:00,2026-08-23 02:20:00+05:45
rasuwagadhi,4913,23251,2.192,2026-08-22 20:45:00+00:00,2026-08-23 02:30:00+05:45
rasuwagadhi,4913,23251,2.217,2026-08-22 20:55:00+00:00,2026-08-23 02:40:00+05:45
rasuwagadhi,4913,23251,2.196,2026-08-22 21:05:00+00:00,2026-08-23 02:50:00+05:45
rasuwagadhi,4913,23251,2.188,2026-08-22 21:15:00+00:00,2026-08-23 03:00:00+05:45
rasuwagadhi,4913,23251,2.242,2026-08-22 21:25:00+00:00,2026-08-23 03:10:00+05:45
rasuwagadhi,4913,23251,2.212,2026-08-22 21:35:00+00:00,2026-08-23 03:20:00+05:45
rasuwagadhi,4913,23251,2.223,2026-08-22 21:45:00+00:00,2026-08-23 03:30:00+05:45
rasuwagadhi,4913,23251,2.2,2026-08-22 21:55:00+00:00,2026-08-23 03:40:00+05:45
rasuwagadhi,4913,23251,2.198,2026-08-22 22:05:00+00:00,2026-08-23 03:50:00+05:45
rasuwagadhi,4913,23251,2.19,2026-08-22 22:15:00+00:00,2026-08-23 04:00:00+05:45
rasuwagadhi,4913,23251,2.169,2026-08-22 22:25:00+00:00,2026-08-23 04:10:00+05:45
rasuwagadhi,4913,23251,2.205,2026-08-22 22:35:00+00:00,2026-08-23 04:20:00+05:45
rasuwagadhi,4913,23251,2.181,2026-08-22 22:45:00+00:00,2026-08-23 04:30:00+05:45
rasuwagadhi,4913,23251,2.209,2026-08-22 22:55:00+00:00,2026-08-23 04:40:00+05:45
rasuwagadhi,4913,23251,2.185,2026-08-22 23:05:00+00:00,2026-08-23 04:50:00+05:45
rasuwagadhi,4913,23251,2.196,2026-08-22 23:15:00+00:00,2026-08-23 05:00:00+05:45
rasuwagadhi,4913,23251,2.198,2026-08-22 23:25:00+00:00,2026-08-23 05:10:00+05:45
rasuwagadhi,4913,23251,2.17,2026-08-22 23:35:00+00:00,2026-08-23 05:20:00+05:45
rasuwagadhi,4913,23251,2.179,2026-08-22 23:45:00+00:00,2026-08-23 05:30:00+05:45
rasuwagadhi,4913,23251,2.179,2026-08-22 23:55:00+00:00,2026-08-23 05:40:00+05:45
rasuwagadhi,4913,23251,2.168,2026-08-23 00:05:00+00:00,2026-08-23 05:50:00+05:45
rasuwagadhi,4913,23251,1.992,2026-08-23 00:15:00+00:00,2026-08-23 06:00:00+05:45
rasuwagadhi,4913,23251,2.16,2026-08-23 00:25:00+00:00,2026-08-23 06:10:00+05:45
rasuwagadhi,4913,23251,2.162,2026-08-23 00:35:00+00:00,2026-08-23 06:20:00+05:45
rasuwagadhi,4913,23251,2.151,2026-08-23 00:45:00+00:00,2026-08-23 06:30:00+05:45
rasuwagadhi,4913,23251,2.152,2026-08-23 00:55:00+00:00,2026-08-23 06:40:00+05:45
rasuwagadhi,4913,23251,2.152,2026-08-23 01:05:00+00:00,2026-08-23 06:50:00+05:45
rasuwagadhi,4913,23251,2.085,2026-08-23 01:15:00+00:00,2026-08-23 07:00:00+05:45
rasuwagadhi,4913,23251,2.09,2026-08-23 01:25:00+00:00,2026-08-23 07:10:00+05:45
rasuwagadhi,4913,23251,2.083,2026-08-23 01:35:00+00:00,2026-08-23 07:20:00+05:45
rasuwagadhi,4913,23251,2.032,2026-08-23 01:45:00+00:00,2026-08-23 07:30:00+05:45
rasuwagadhi,4913,23251,2.02,2026-08-23 01:55:00+00:00,2026-08-23 07:40:00+05:45
rasuwagadhi,4913,23251,2.002,2026-08-23 02:05:00+00:00,2026-08-23 07:50:00+05:45
rasuwagadhi,4913,23251,1.998,2026-08-23 02:15:00+00:00,2026-08-23 08:00:00+05:45
rasuwagadhi,4913,23251,1.965,2026-08-23 02:25:00+00:00,2026-08-23 08:10:00+05:45
rasuwagadhi,4913,23251,1.956,2026-08-23 02:35:00+00:00,2026-08-23 08:20:00+05:45
rasuwagadhi,4913,23251,1.962,2026-08-23 02:45:00+00:00,2026-08-23 08:30:00+05:45
rasuwagadhi,4913,23251,1.971,2026-08-23 02:55:00+00:00,2026-08-23 08:40:00+05:45
rasuwagadhi,4913,23251,1.986,2026-08-23 03:05:00+00:00,2026-08-23 08:50:00+05:45
rasuwagadhi,4913,23251,1.967,2026-08-23 03:15:00+00:00,2026-08-23 09:00:00+05:45
rasuwagadhi,4913,23251,1.968,2026-08-23 03:25:00+00:00,2026-08-23 09:10:00+05:45
rasuwagadhi,4913,23251,1.963,2026-08-23 03:35:00+00:00,2026-08-23 09:20:00+05:45
rasuwagadhi,4913,23251,1.951,2026-08-23 03:45:00+00:00,2026-08-23 09:30:00+05:45
rasuwagadhi,4913,23251,1.969,2026-08-23 03:55:00+00:00,2026-08-23 09:40:00+05:45
rasuwagadhi,4913,23251,1.963,2026-08-23 04:05:00+00:00,2026-08-23 09:50:00+05:45
rasuwagadhi,4913,23251,1.984,2026-08-23 04:15:00+00:00,2026-08-23 10:00:00+05:45
rasuwagadhi,4913,23251,1.993,2026-08-23 04:25:00+00:00,2026-08-23 10:10:00+05:45
rasuwagadhi,4913,23251,1.983,2026-08-23 04:35:00+00:00,2026-08-23 10:20:00+05:45
rasuwagadhi,4913,23251,1.983,2026-08-23 04:45:00+00:00,2026-08-23 10:30:00+05:45
rasuwagadhi,4913,23251,1.983,2026-08-23 04:55:00+00:00,2026-08-23 10:40:00+05:45
rasuwagadhi,4913,23251,1.998,2026-08-23 05:05:00+00:00,2026-08-23 10:50:00+05:45
rasuwagadhi,4913,23251,2.0,2026-08-23 05:15:00+00:00,2026-08-23 11:00:00+05:45
rasuwagadhi,4913,23251,1.978,2026-08-23 05:25:00+00:00,2026-08-23 11:10:00+05:45
rasuwagadhi,4913,23251,1.982,2026-08-23 05:35:00+00:00,2026-08-23 11:20:00+05:45
rasuwagadhi,4913,23251,1.959,2026-08-23 05:45:00+00:00,2026-08-23 11:30:00+05:45
rasuwagadhi,4913,23251,1.974,2026-08-23 05:55:00+00:00,2026-08-23 11:40:00+05:45
rasuwagadhi,4913,23251,1.967,2026-08-23 06:05:00+00:00,2026-08-23 11:50:00+05:45
rasuwagadhi,4913,23251,1.993,2026-08-23 06:15:00+00:00,2026-08-23 12:00:00+05:45
rasuwagadhi,4913,23251,1.966,2026-08-23 06:25:00+00:00,2026-08-23 12:10:00+05:45
rasuwagadhi,4913,23251,1.98,2026-08-23 06:35:00+00:00,2026-08-23 12:20:00+05:45
rasuwagadhi,4913,23251,1.976,2026-08-23 06:45:00+00:00,2026-08-23 12:30:00+05:45
rasuwagadhi,4913,23251,1.958,2026-08-23 06:55:00+00:00,2026-08-23 12:40:00+05:45
rasuwagadhi,4913,23251,1.982,2026-08-23 07:05:00+00:00,2026-08-23 12:50:00+05:45
rasuwagadhi,4913,23251,1.966,2026-08-23 07:15:00+00:00,2026-08-23 13:00:00+05:45
rasuwagadhi,4913,23251,1.986,2026-08-23 07:25:00+00:00,2026-08-23 13:10:00+05:45
rasuwagadhi,4913,23251,1.989,2026-08-23 07:35:00+00:00,2026-08-23 13:20:00+05:45
rasuwagadhi,4913,23251,1.983,2026-08-23 07:45:00+00:00,2026-08-23 13:30:00+05:45
rasuwagadhi,4913,23251,1.973,2026-08-23 07:55:00+00:00,2026-08-23 13:40:00+05:45
rasuwagadhi,4913,23251,1.983,2026-08-23 08:05:00+00:00,2026-08-23 13:50:00+05:45
rasuwagadhi,4913,23251,1.992,2026-08-23 08:15:00+00:00,2026-08-23 14:00:00+05:45
rasuwagadhi,4913,23251,1.99,2026-08-23 08:25:00+00:00,2026-08-23 14:10:00+05:45
rasuwagadhi,4913,23251,1.974,2026-08-23 08:35:00+00:00,2026-08-23 14:20:00+05:45
rasuwagadhi,4913,23251,2.011,2026-08-23 08:45:00+00:00,2026-08-23 14:30:00+05:45
rasuwagadhi,4913,23251,2.17,2026-08-23 08:55:00+00:00,2026-08-23 14:40:00+05:45
rasuwagadhi,4913,23251,2.208,2026-08-23 09:05:00+00:00,2026-08-23 14:50:00+05:45
rasuwagadhi,4913,23251,2.283,2026-08-23 09:15:00+00:00,2026-08-23 15:00:00+05:45
rasuwagadhi,4913,23251,2.17,2026-08-23 09:25:00+00:00,2026-08-23 15:10:00+05:45
rasuwagadhi,4913,23251,2.18,2026-08-23 09:35:00+00:00,2026-08-23 15:20:00+05:45
rasuwagadhi,4913,23251,2.162,2026-08-23 09:45:00+00:00,2026-08-23 15:30:00+05:45
rasuwagadhi,4913,23251,2.102,2026-08-23 09:55:00+00:00,2026-08-23 15:40:00+05:45
rasuwagadhi,4913,23251,2.079,2026-08-23 10:05:00+00:00,2026-08-23 15:50:00+05:45
rasuwagadhi,4913,23251,2.11,2026-08-23 10:15:00+00:00,2026-08-23 16:00:00+05:45
rasuwagadhi,4913,23251,2.057,2026-08-23 10:25:00+00:00,2026-08-23 16:10:00+05:45
rasuwagadhi,4913,23251,2.126,2026-08-23 10:35:00+00:00,2026-08-23 16:20:00+05:45
rasuwagadhi,4913,23251,2.054,2026-08-23 10:45:00+00:00,2026-08-23 16:30:00+05:45
rasuwagadhi,4913,23251,2.097,2026-08-23 10:55:00+00:00,2026-08-23 16:40:00+05:45
rasuwagadhi,4913,23251,1.959,2026-08-23 11:05:00+00:00,2026-08-23 16:50:00+05:45
rasuwagadhi,4913,23251,1.963,2026-08-23 11:15:00+00:00,2026-08-23 17:00:00+05:45
rasuwagadhi,4913,23251,1.998,2026-08-23 11:25:00+00:00,2026-08-23 17:10:00+05:45
rasuwagadhi,4913,23251,2.054,2026-08-23 11:35:00+00:00,2026-08-23 17:20:00+05:45
rasuwagadhi,4913,23251,1.979,2026-08-23 11:45:00+00:00,2026-08-23 17:30:00+05:45
rasuwagadhi,4913,23251,1.953,2026-08-23 11:55:00+00:00,2026-08-23 17:40:00+05:45
rasuwagadhi,4913,23251,1.961,2026-08-23 12:05:00+00:00,2026-08-23 17:50:00+05:45
rasuwagadhi,4913,23251,1.97,2026-08-23 12:15:00+00:00,2026-08-23 18:00:00+05:45
rasuwagadhi,4913,23251,1.977,2026-08-23 12:25:00+00:00,2026-08-23 18:10:00+05:45
rasuwagadhi,4913,23251,1.997,2026-08-23 12:35:00+00:00,2026-08-23 18:20:00+05:45
rasuwagadhi,4913,23251,2.052,2026-08-23 12:45:00+00:00,2026-08-23 18:30:00+05:45
rasuwagadhi,4913,23251,2.031,2026-08-23 12:55:00+00:00,2026-08-23 18:40:00+05:45
rasuwagadhi,4913,23251,2.028,2026-08-23 13:05:00+00:00,2026-08-23 18:50:00+05:45
rasuwagadhi,4913,23251,2.069,2026-08-23 13:15:00+00:00,2026-08-23 19:00:00+05:45
rasuwagadhi,4913,23251,1.919,2026-08-23 13:25:00+00:00,2026-08-23 19:10:00+05:45
rasuwagadhi,4913,23251,2.035,2026-08-23 13:35:00+00:00,2026-08-23 19:20:00+05:45
rasuwagadhi,4913,23251,2.102,2026-08-23 13:45:00+00:00,2026-08-23 19:30:00+05:45
rasuwagadhi,4913,23251,2.111,2026-08-23 13:55:00+00:00,2026-08-23 19:40:00+05:45
rasuwagadhi,4913,23251,2.113,2026-08-23 14:05:00+00:00,2026-08-23 19:50:00+05:45
rasuwagadhi,4913,23251,2.125,2026-08-23 14:15:00+00:00,2026-08-23 20:00:00+05:45
rasuwagadhi,4913,23251,2.123,2026-08-23 14:25:00+00:00,2026-08-23 20:10:00+05:45
rasuwagadhi,4913,23251,2.151,2026-08-23 14:35:00+00:00,2026-08-23 20:20:00+05:45
rasuwagadhi,4913,23251,2.139,2026-08-23 14:45:00+00:00,2026-08-23 20:30:00+05:45
rasuwagadhi,4913,23251,2.096,2026-08-23 14:55:00+00:00,2026-08-23 20:40:00+05:45
rasuwagadhi,4913,23251,2.12,2026-08-23 15:05:00+00:00,2026-08-23 20:50:00+05:45
rasuwagadhi,4913,23251,2.116,2026-08-23 15:15:00+00:00,2026-08-23 21:00:00+05:45
rasuwagadhi,4913,23251,2.14,2026-08-23 15:25:00+00:00,2026-08-23 21:10:00+05:45
rasuwagadhi,4913,23251,2.145,2026-08-23 15:35:00+00:00,2026-08-23 21:20:00+05:45
rasuwagadhi,4913,23251,2.166,2026-08-23 15:45:00+00:00,2026-08-23 21:30:00+05:45
rasuwagadhi,4913,23251,2.146,2026-08-23 15:55:00+00:00,2026-08-23 21:40:00+05:45
rasuwagadhi,4913,23251,2.139,2026-08-23 16:05:00+00:00,2026-08-23 21:50:00+05:45
rasuwagadhi,4913,23251,2.148,2026-08-23 16:15:00+00:00,2026-08-23 22:00:00+05:45
rasuwagadhi,4913,23251,2.12,2026-08-23 16:25:00+00:00,2026-08-23 22:10:00+05:45
rasuwagadhi,4913,23251,2.13,2026-08-23 16:35:00+00:00,2026-08-23 22:20:00+05:45
rasuwagadhi,4913,23251,2.129,2026-08-23 16:45:00+00:00,2026-08-23 22:30:00+05:45
rasuwagadhi,4913,23251,2.115,2026-08-23 16:55:00+00:00,2026-08-23 22:40:00+05:45
rasuwagadhi,4913,23251,2.118,2026-08-23 17:05:00+00:00,2026-08-23 22:50:00+05:45
rasuwagadhi,4913,23251,2.142,2026-08-23 17:15:00+00:00,2026-08-23 23:00:00+05:45
rasuwagadhi,4913,23251,2.117,2026-08-23 17:25:00+00:00,2026-08-23 23:10:00+05:45
rasuwagadhi,4913,23251,2.107,2026-08-23 17:35:00+00:00,2026-08-23 23:20:00+05:45
rasuwagadhi,4913,23251,2.142,2026-08-23 17:45:00+00:00,2026-08-23 23:30:00+05:45
rasuwagadhi,4913,23251,2.115,2026-08-23 17:55:00+00:00,2026-08-23 23:40:00+05:45
rasuwagadhi,4913,23251,2.133,2026-08-23 18:05:00+00:00,2026-08-23 23:50:00+05:45
rasuwagadhi,4913,23251,2.098,2026-08-23 18:15:00+00:00,2026-08-24 00:00:00+05:45
rasuwagadhi,4913,23251,2.118,2026-08-23 18:25:00+00:00,2026-08-24 00:10:00+05:45
rasuwagadhi,4913,23251,2.145,2026-08-23 18:35:00+00:00,2026-08-24 00:20:00+05:45
rasuwagadhi,4913,23251,2.146,2026-08-23 18:45:00+00:00,2026-08-24 00:30:00+05:45
rasuwagadhi,4913,23251,2.148,2026-08-23 18:55:00+00:00,2026-08-24 00:40:00+05:45
rasuwagadhi,4913,23251,2.131,2026-08-23 19:05:00+00:00,2026-08-24 00:50:00+05:45
rasuwagadhi,4913,23251,2.127,2026-08-23 19:15:00+00:00,2026-08-24 01:00:00+05:45
rasuwagadhi,4913,23251,2.147,2026-08-23 19:25:00+00:00,2026-08-24 01:10:00+05:45
rasuwagadhi,4913,23251,2.16,2026-08-23 19:35:00+00:00,2026-08-24 01:20:00+05:45
rasuwagadhi,4913,23251,2.15,2026-08-23 19:45:00+00:00,2026-08-24 01:30:00+05:45
rasuwagadhi,4913,23251,2.147,2026-08-23 19:55:00+00:00,2026-08-24 01:40:00+05:45
rasuwagadhi,4913,23251,2.168,2026-08-23 20:05:00+00:00,2026-08-24 01:50:00+05:45
rasuwagadhi,4913,23251,2.15,2026-08-23 20:15:00+00:00,2026-08-24 02:00:00+05:45
rasuwagadhi,4913,23251,2.127,2026-08-23 20:25:00+00:00,2026-08-24 02:10:00+05:45
rasuwagadhi,4913,23251,2.099,2026-08-23 20:35:00+00:00,2026-08-24 02:20:00+05:45
rasuwagadhi,4913,23251,2.113,2026-08-23 20:45:00+00:00,2026-08-24 02:30:00+05:45
rasuwagadhi,4913,23251,2.109,2026-08-23 20:55:00+00:00,2026-08-24 02:40:00+05:45
rasuwagadhi,4913,23251,2.123,2026-08-23 21:05:00+00:00,2026-08-24 02:50:00+05:45
rasuwagadhi,4913,23251,2.092,2026-08-23 21:15:00+00:00,2026-08-24 03:00:00+05:45
rasuwagadhi,4913,23251,2.1,2026-08-23 21:25:00+00:00,2026-08-24 03:10:00+05:45
rasuwagadhi,4913,23251,2.063,2026-08-23 21:35:00+00:00,2026-08-24 03:20:00+05:45
rasuwagadhi,4913,23251,2.075,2026-08-23 21:45:00+00:00,2026-08-24 03:30:00+05:45
rasuwagadhi,4913,23251,2.047,2026-08-23 21:55:00+00:00,2026-08-24 03:40:00+05:45
rasuwagadhi,4913,23251,2.05,2026-08-23 22:05:00+00:00,2026-08-24 03:50:00+05:45
rasuwagadhi,4913,23251,2.057,2026-08-23 22:15:00+00:00,2026-08-24 04:00:00+05:45
rasuwagadhi,4913,23251,2.049,2026-08-23 22:25:00+00:00,2026-08-24 04:10:00+05:45
rasuwagadhi,4913,23251,2.022,2026-08-23 22:35:00+00:00,2026-08-24 04:20:00+05:45
rasuwagadhi,4913,23251,2.003,2026-08-23 22:45:00+00:00,2026-08-24 04:30:00+05:45
rasuwagadhi,4913,23251,2.026,2026-08-23 22:55:00+00:00,2026-08-24 04:40:00+05:45
rasuwagadhi,4913,23251,1.996,2026-08-23 23:05:00+00:00,2026-08-24 04:50:00+05:45
rasuwagadhi,4913,23251,2.017,2026-08-23 23:15:00+00:00,2026-08-24 05:00:00+05:45
rasuwagadhi,4913,23251,1.996,2026-08-23 23:25:00+00:00,2026-08-24 05:10:00+05:45
rasuwagadhi,4913,23251,1.959,2026-08-23 23:35:00+00:00,2026-08-24 05:20:00+05:45
rasuwagadhi,4913,23251,1.963,2026-08-23 23:45:00+00:00,2026-08-24 05:30:00+05:45
rasuwagadhi,4913,23251,1.968,2026-08-23 23:55:00+00:00,2026-08-24 05:40:00+05:45
rasuwagadhi,4913,23251,1.944,2026-08-24 00:05:00+00:00,2026-08-24 05:50:00+05:45
rasuwagadhi,4913,23251,1.953,2026-08-24 00:15:00+00:00,2026-08-24 06:00:00+05:45
rasuwagadhi,4913,23251,1.963,2026-08-24 00:25:00+00:00,2026-08-24 06:10:00+05:45
rasuwagadhi,4913,23251,1.992,2026-08-24 00:35:00+00:00,2026-08-24 06:20:00+05:45
rasuwagadhi,4913,23251,1.975,2026-08-24 00:45:00+00:00,2026-08-24 06:30:00+05:45
rasuwagadhi,4913,23251,1.986,2026-08-24 00:55:00+00:00,2026-08-24 06:40:00+05:45
rasuwagadhi,4913,23251,1.964,2026-08-24 01:05:00+00:00,2026-08-24 06:50:00+05:45
rasuwagadhi,4913,23251,1.955,2026-08-24 01:15:00+00:00,2026-08-24 07:00:00+05:45
rasuwagadhi,4913,23251,1.965,2026-08-24 01:25:00+00:00,2026-08-24 07:10:00+05:45
rasuwagadhi,4913,23251,1.96,2026-08-24 01:35:00+00:00,2026-08-24 07:20:00+05:45
rasuwagadhi,4913,23251,1.932,2026-08-24 01:45:00+00:00,2026-08-24 07:30:00+05:45
rasuwagadhi,4913,23251,1.952,2026-08-24 01:55:00+00:00,2026-08-24 07:40:00+05:45
rasuwagadhi,4913,23251,1.965,2026-08-24 02:05:00+00:00,2026-08-24 07:50:00+05:45
rasuwagadhi,4913,23251,1.942,2026-08-24 02:15:00+00:00,2026-08-24 08:00:00+05:45
rasuwagadhi,4913,23251,1.936,2026-08-24 02:25:00+00:00,2026-08-24 08:10:00+05:45
rasuwagadhi,4913,23251,1.952,2026-08-24 02:35:00+00:00,2026-08-24 08:20:00+05:45
rasuwagadhi,4913,23251,1.943,2026-08-24 02:45:00+00:00,2026-08-24 08:30:00+05:45
rasuwagadhi,4913,23251,1.916,2026-08-24 02:55:00+00:00,2026-08-24 08:40:00+05:45
rasuwagadhi,4913,23251,1.793,2026-08-24 03:05:00+00:00,2026-08-24 08:50:00+05:45
rasuwagadhi,4913,23251,1.928,2026-08-24 03:15:00+00:00,2026-08-24 09:00:00+05:45
rasuwagadhi,4913,23251,1.914,2026-08-24 03:25:00+00:00,2026-08-24 09:10:00+05:45
rasuwagadhi,4913,23251,1.878,2026-08-24 03:35:00+00:00,2026-08-24 09:20:00+05:45
rasuwagadhi,4913,23251,1.914,2026-08-24 03:45:00+00:00,2026-08-24 09:30:00+05:45
rasuwagadhi,4913,23251,1.926,2026-08-24 03:55:00+00:00,2026-08-24 09:40:00+05:45
rasuwagadhi,4913,23251,1.894,2026-08-24 04:05:00+00:00,2026-08-24 09:50:00+05:45
rasuwagadhi,4913,23251,1.912,2026-08-24 04:15:00+00:00,2026-08-24 10:00:00+05:45
rasuwagadhi,4913,23251,1.898,2026-08-24 04:25:00+00:00,2026-08-24 10:10:00+05:45
rasuwagadhi,4913,23251,2.013,2026-08-24 04:35:00+00:00,2026-08-24 10:20:00+05:45
rasuwagadhi,4913,23251,1.945,2026-08-24 04:45:00+00:00,2026-08-24 10:30:00+05:45
rasuwagadhi,4913,23251,1.946,2026-08-24 04:55:00+00:00,2026-08-24 10:40:00+05:45
rasuwagadhi,4913,23251,2.147,2026-08-24 05:05:00+00:00,2026-08-24 10:50:00+05:45
rasuwagadhi,4913,23251,2.157,2026-08-24 05:15:00+00:00,2026-08-24 11:00:00+05:45
rasuwagadhi,4913,23251,2.072,2026-08-24 05:25:00+00:00,2026-08-24 11:10:00+05:45
rasuwagadhi,4913,23251,2.076,2026-08-24 05:35:00+00:00,2026-08-24 11:20:00+05:45
rasuwagadhi,4913,23251,2.102,2026-08-24 05:45:00+00:00,2026-08-24 11:30:00+05:45
rasuwagadhi,4913,23251,1.944,2026-08-24 05:55:00+00:00,2026-08-24 11:40:00+05:45
rasuwagadhi,4913,23251,2.028,2026-08-24 06:05:00+00:00,2026-08-24 11:50:00+05:45
rasuwagadhi,4913,23251,2.046,2026-08-24 06:15:00+00:00,2026-08-24 12:00:00+05:45
rasuwagadhi,4913,23251,2.075,2026-08-24 06:25:00+00:00,2026-08-24 12:10:00+05:45
rasuwagadhi,4913,23251,2.096,2026-08-24 06:35:00+00:00,2026-08-24 12:20:00+05:45
rasuwagadhi,4913,23251,2.016,2026-08-24 06:45:00+00:00,2026-08-24 12:30:00+05:45
rasuwagadhi,4913,23251,2.019,2026-08-24 06:55:00+00:00,2026-08-24 12:40:00+05:45
rasuwagadhi,4913,23251,1.954,2026-08-24 07:05:00+00:00,2026-08-24 12:50:00+05:45
rasuwagadhi,4913,23251,1.933,2026-08-24 07:15:00+00:00,2026-08-24 13:00:00+05:45
rasuwagadhi,4913,23251,1.896,2026-08-24 07:25:00+00:00,2026-08-24 13:10:00+05:45
rasuwagadhi,4913,23251,1.894,2026-08-24 07:35:00+00:00,2026-08-24 13:20:00+05:45
rasuwagadhi,4913,23251,1.871,2026-08-24 07:45:00+00:00,2026-08-24 13:30:00+05:45
rasuwagadhi,4913,23251,1.848,2026-08-24 07:55:00+00:00,2026-08-24 13:40:00+05:45
rasuwagadhi,4913,23251,1.813,2026-08-24 08:05:00+00:00,2026-08-24 13:50:00+05:45
rasuwagadhi,4913,23251,1.857,2026-08-24 08:15:00+00:00,2026-08-24 14:00:00+05:45
rasuwagadhi,4913,23251,1.844,2026-08-24 08:25:00+00:00,2026-08-24 14:10:00+05:45
rasuwagadhi,4913,23251,1.86,2026-08-24 08:35:00+00:00,2026-08-24 14:20:00+05:45
rasuwagadhi,4913,23251,1.844,2026-08-24 08:45:00+00:00,2026-08-24 14:30:00+05:45
rasuwagadhi,4913,23251,1.827,2026-08-24 08:55:00+00:00,2026-08-24 14:40:00+05:45
rasuwagadhi,4913,23251,1.859,2026-08-24 09:05:00+00:00,2026-08-24 14:50:00+05:45
rasuwagadhi,4913,23251,1.841,2026-08-24 09:15:00+00:00,2026-08-24 15:00:00+05:45
rasuwagadhi,4913,23251,1.85,2026-08-24 09:25:00+00:00,2026-08-24 15:10:00+05:45
rasuwagadhi,4913,23251,1.852,2026-08-24 09:35:00+00:00,2026-08-24 15:20:00+05:45
rasuwagadhi,4913,23251,1.843,2026-08-24 09:45:00+00:00,2026-08-24 15:30:00+05:45
rasuwagadhi,4913,23251,1.852,2026-08-24 09:55:00+00:00,2026-08-24 15:40:00+05:45
rasuwagadhi,4913,23251,1.832,2026-08-24 10:05:00+00:00,2026-08-24 15:50:00+05:45
rasuwagadhi,4913,23251,1.882,2026-08-24 10:15:00+00:00,2026-08-24 16:00:00+05:45
rasuwagadhi,4913,23251,1.894,2026-08-24 10:25:00+00:00,2026-08-24 16:10:00+05:45
rasuwagadhi,4913,23251,1.881,2026-08-24 10:35:00+00:00,2026-08-24 16:20:00+05:45
rasuwagadhi,4913,23251,1.894,2026-08-24 10:45:00+00:00,2026-08-24 16:30:00+05:45
rasuwagadhi,4913,23251,1.891,2026-08-24 10:55:00+00:00,2026-08-24 16:40:00+05:45
rasuwagadhi,4913,23251,1.905,2026-08-24 11:05:00+00:00,2026-08-24 16:50:00+05:45
rasuwagadhi,4913,23251,1.892,2026-08-24 11:15:00+00:00,2026-08-24 17:00:00+05:45
rasuwagadhi,4913,23251,1.892,2026-08-24 11:25:00+00:00,2026-08-24 17:10:00+05:45
rasuwagadhi,4913,23251,1.872,2026-08-24 11:35:00+00:00,2026-08-24 17:20:00+05:45
rasuwagadhi,4913,23251,1.898,2026-08-24 11:45:00+00:00,2026-08-24 17:30:00+05:45
rasuwagadhi,4913,23251,1.9,2026-08-24 11:55:00+00:00,2026-08-24 17:40:00+05:45
rasuwagadhi,4913,23251,1.896,2026-08-24 12:05:00+00:00,2026-08-24 17:50:00+05:45
rasuwagadhi,4913,23251,1.889,2026-08-24 12:15:00+00:00,2026-08-24 18:00:00+05:45
rasuwagadhi,4913,23251,1.885,2026-08-24 12:25:00+00:00,2026-08-24 18:10:00+05:45
rasuwagadhi,4913,23251,1.911,2026-08-24 12:35:00+00:00,2026-08-24 18:20:00+05:45
rasuwagadhi,4913,23251,1.873,2026-08-24 12:45:00+00:00,2026-08-24 18:30:00+05:45
rasuwagadhi,4913,23251,1.911,2026-08-24 12:55:00+00:00,2026-08-24 18:40:00+05:45
rasuwagadhi,4913,23251,1.918,2026-08-24 13:05:00+00:00,2026-08-24 18:50:00+05:45
rasuwagadhi,4913,23251,1.916,2026-08-24 13:15:00+00:00,2026-08-24 19:00:00+05:45
rasuwagadhi,4913,23251,1.947,2026-08-24 13:25:00+00:00,2026-08-24 19:10:00+05:45
rasuwagadhi,4913,23251,1.894,2026-08-24 13:35:00+00:00,2026-08-24 19:20:00+05:45
rasuwagadhi,4913,23251,1.895,2026-08-24 13:45:00+00:00,2026-08-24 19:30:00+05:45
rasuwagadhi,4913,23251,1.912,2026-08-24 13:55:00+00:00,2026-08-24 19:40:00+05:45
rasuwagadhi,4913,23251,1.897,2026-08-24 14:05:00+00:00,2026-08-24 19:50:00+05:45
rasuwagadhi,4913,23251,1.879,2026-08-24 14:15:00+00:00,2026-08-24 20:00:00+05:45
rasuwagadhi,4913,23251,1.907,2026-08-24 14:25:00+00:00,2026-08-24 20:10:00+05:45
rasuwagadhi,4913,23251,1.894,2026-08-24 14:35:00+00:00,2026-08-24 20:20:00+05:45
rasuwagadhi,4913,23251,1.906,2026-08-24 14:45:00+00:00,2026-08-24 20:30:00+05:45
rasuwagadhi,4913,23251,1.931,2026-08-24 14:55:00+00:00,2026-08-24 20:40:00+05:45
rasuwagadhi,4913,23251,1.899,2026-08-24 15:05:00+00:00,2026-08-24 20:50:00+05:45
rasuwagadhi,4913,23251,1.921,2026-08-24 15:15:00+00:00,2026-08-24 21:00:00+05:45
rasuwagadhi,4913,23251,1.903,2026-08-24 15:25:00+00:00,2026-08-24 21:10:00+05:45
rasuwagadhi,4913,23251,1.914,2026-08-24 15:35:00+00:00,2026-08-24 21:20:00+05:45
rasuwagadhi,4913,23251,1.902,2026-08-24 15:45:00+00:00,2026-08-24 21:30:00+05:45
rasuwagadhi,4913,23251,1.902,2026-08-24 15:55:00+00:00,2026-08-24 21:40:00+05:45
rasuwagadhi,4913,23251,1.891,2026-08-24 16:05:00+00:00,2026-08-24 21:50:00+05:45
rasuwagadhi,4913,23251,1.897,2026-08-24 16:15:00+00:00,2026-08-24 22:00:00+05:45
rasuwagadhi,4913,23251,1.903,2026-08-24 16:25:00+00:00,2026-08-24 22:10:00+05:45
rasuwagadhi,4913,23251,1.914,2026-08-24 16:35:00+00:00,2026-08-24 22:20:00+05:45
rasuwagadhi,4913,23251,1.931,2026-08-24 16:45:00+00:00,2026-08-24 22:30:00+05:45
rasuwagadhi,4913,23251,1.933,2026-08-24 16:55:00+00:00,2026-08-24 22:40:00+05:45
rasuwagadhi,4913,23251,1.929,2026-08-24 17:15:00+00:00,2026-08-24 23:00:00+05:45
rasuwagadhi,4913,23251,1.933,2026-08-24 17:25:00+00:00,2026-08-24 23:10:00+05:45
rasuwagadhi,4913,23251,1.926,2026-08-24 17:35:00+00:00,2026-08-24 23:20:00+05:45
rasuwagadhi,4913,23251,1.913,2026-08-24 17:45:00+00:00,2026-08-24 23:30:00+05:45
rasuwagadhi,4913,23251,1.919,2026-08-24 17:55:00+00:00,2026-08-24 23:40:00+05:45
rasuwagadhi,4913,23251,1.92,2026-08-24 18:05:00+00:00,2026-08-24 23:50:00+05:45
rasuwagadhi,4913,23251,1.925,2026-08-24 18:15:00+00:00,2026-08-25 00:00:00+05:45
rasuwagadhi,4913,23251,1.936,2026-08-24 18:25:00+00:00,2026-08-25 00:10:00+05:45
rasuwagadhi,4913,23251,1.949,2026-08-24 18:35:00+00:00,2026-08-25 00:20:00+05:45
rasuwagadhi,4913,23251,1.94,2026-08-24 18:45:00+00:00,2026-08-25 00:30:00+05:45
rasuwagadhi,4913,23251,1.951,2026-08-24 18:55:00+00:00,2026-08-25 00:40:00+05:45
rasuwagadhi,4913,23251,1.955,2026-08-24 19:05:00+00:00,2026-08-25 00:50:00+05:45
rasuwagadhi,4913,23251,1.951,2026-08-24 19:15:00+00:00,2026-08-25 01:00:00+05:45
rasuwagadhi,4913,23251,1.922,2026-08-24 19:25:00+00:00,2026-08-25 01:10:00+05:45
rasuwagadhi,4913,23251,1.946,2026-08-24 19:35:00+00:00,2026-08-25 01:20:00+05:45
rasuwagadhi,4913,23251,1.945,2026-08-24 19:45:00+00:00,2026-08-25 01:30:00+05:45
rasuwagadhi,4913,23251,1.945,2026-08-24 19:55:00+00:00,2026-08-25 01:40:00+05:45
rasuwagadhi,4913,23251,1.969,2026-08-24 20:05:00+00:00,2026-08-25 01:50:00+05:45
rasuwagadhi,4913,23251,1.953,2026-08-24 20:15:00+00:00,2026-08-25 02:00:00+05:45
rasuwagadhi,4913,23251,1.918,2026-08-24 20:25:00+00:00,2026-08-25 02:10:00+05:45
rasuwagadhi,4913,23251,1.947,2026-08-24 20:35:00+00:00,2026-08-25 02:20:00+05:45
rasuwagadhi,4913,23251,2.136,2026-08-24 20:45:00+00:00,2026-08-25 02:30:00+05:45
rasuwagadhi,4913,23251,1.922,2026-08-24 20:55:00+00:00,2026-08-25 02:40:00+05:45
rasuwagadhi,4913,23251,2.094,2026-08-24 21:05:00+00:00,2026-08-25 02:50:00+05:45
rasuwagadhi,4913,23251,1.967,2026-08-24 21:15:00+00:00,2026-08-25 03:00:00+05:45
rasuwagadhi,4913,23251,1.938,2026-08-24 21:25:00+00:00,2026-08-25 03:10:00+05:45
rasuwagadhi,4913,23251,1.945,2026-08-24 21:35:00+00:00,2026-08-25 03:20:00+05:45
rasuwagadhi,4913,23251,1.951,2026-08-24 21:45:00+00:00,2026-08-25 03:30:00+05:45
rasuwagadhi,4913,23251,1.916,2026-08-24 21:55:00+00:00,2026-08-25 03:40:00+05:45
rasuwagadhi,4913,23251,1.922,2026-08-24 22:05:00+00:00,2026-08-25 03:50:00+05:45
rasuwagadhi,4913,23251,1.911,2026-08-24 22:15:00+00:00,2026-08-25 04:00:00+05:45
rasuwagadhi,4913,23251,1.888,2026-08-24 22:25:00+00:00,2026-08-25 04:10:00+05:45
rasuwagadhi,4913,23251,1.898,2026-08-24 22:35:00+00:00,2026-08-25 04:20:00+05:45
rasuwagadhi,4913,23251,1.948,2026-08-24 22:45:00+00:00,2026-08-25 04:30:00+05:45
rasuwagadhi,4913,23251,1.894,2026-08-24 22:55:00+00:00,2026-08-25 04:40:00+05:45
rasuwagadhi,4913,23251,1.891,2026-08-24 23:05:00+00:00,2026-08-25 04:50:00+05:45
rasuwagadhi,4913,23251,1.873,2026-08-24 23:15:00+00:00,2026-08-25 05:00:00+05:45
rasuwagadhi,4913,23251,1.901,2026-08-24 23:25:00+00:00,2026-08-25 05:10:00+05:45
rasuwagadhi,4913,23251,1.896,2026-08-24 23:35:00+00:00,2026-08-25 05:20:00+05:45
rasuwagadhi,4913,23251,1.901,2026-08-24 23:45:00+00:00,2026-08-25 05:30:00+05:45
rasuwagadhi,4913,23251,1.898,2026-08-24 23:55:00+00:00,2026-08-25 05:40:00+05:45
rasuwagadhi,4913,23251,1.911,2026-08-25 00:05:00+00:00,2026-08-25 05:50:00+05:45
rasuwagadhi,4913,23251,1.921,2026-08-25 00:15:00+00:00,2026-08-25 06:00:00+05:45
rasuwagadhi,4913,23251,2.105,2026-08-25 00:25:00+00:00,2026-08-25 06:10:00+05:45
rasuwagadhi,4913,23251,2.152,2026-08-25 00:35:00+00:00,2026-08-25 06:20:00+05:45
rasuwagadhi,4913,23251,2.128,2026-08-25 00:45:00+00:00,2026-08-25 06:30:00+05:45
rasuwagadhi,4913,23251,2.143,2026-08-25 00:55:00+00:00,2026-08-25 06:40:00+05:45
rasuwagadhi,4913,23251,2.064,2026-08-25 01:05:00+00:00,2026-08-25 06:50:00+05:45
rasuwagadhi,4913,23251,2.128,2026-08-25 01:15:00+00:00,2026-08-25 07:00:00+05:45
rasuwagadhi,4913,23251,1.979,2026-08-25 01:25:00+00:00,2026-08-25 07:10:00+05:45
rasuwagadhi,4913,23251,2.05,2026-08-25 01:35:00+00:00,2026-08-25 07:20:00+05:45
rasuwagadhi,4913,23251,2.1,2026-08-25 01:45:00+00:00,2026-08-25 07:30:00+05:45
rasuwagadhi,4913,23251,2.07,2026-08-25 01:55:00+00:00,2026-08-25 07:40:00+05:45
rasuwagadhi,4913,23251,2.08,2026-08-25 02:05:00+00:00,2026-08-25 07:50:00+05:45
rasuwagadhi,4913,23251,1.85,2026-08-25 02:15:00+00:00,2026-08-25 08:00:00+05:45
rasuwagadhi,4913,23251,2.026,2026-08-25 02:25:00+00:00,2026-08-25 08:10:00+05:45
rasuwagadhi,4913,23251,2.002,2026-08-25 02:35:00+00:00,2026-08-25 08:20:00+05:45
rasuwagadhi,4913,23251,1.962,2026-08-25 02:45:00+00:00,2026-08-25 08:30:00+05:45
rasuwagadhi,4913,23251,1.854,2026-08-25 02:55:00+00:00,2026-08-25 08:40:00+05:45
rasuwagadhi,4913,23251,1.879,2026-08-25 03:05:00+00:00,2026-08-25 08:50:00+05:45
rasuwagadhi,4913,23251,1.903,2026-08-25 03:15:00+00:00,2026-08-25 09:00:00+05:45
rasuwagadhi,4913,23251,1.888,2026-08-25 03:25:00+00:00,2026-08-25 09:10:00+05:45
rasuwagadhi,4913,23251,1.873,2026-08-25 03:35:00+00:00,2026-08-25 09:20:00+05:45
rasuwagadhi,4913,23251,1.859,2026-08-25 03:45:00+00:00,2026-08-25 09:30:00+05:45
rasuwagadhi,4913,23251,1.739,2026-08-25 03:55:00+00:00,2026-08-25 09:40:00+05:45
rasuwagadhi,4913,23251,1.798,2026-08-25 04:05:00+00:00,2026-08-25 09:50:00+05:45
rasuwagadhi,4913,23251,1.799,2026-08-25 04:15:00+00:00,2026-08-25 10:00:00+05:45
rasuwagadhi,4913,23251,1.828,2026-08-25 04:25:00+00:00,2026-08-25 10:10:00+05:45
rasuwagadhi,4913,23251,1.786,2026-08-25 04:35:00+00:00,2026-08-25 10:20:00+05:45
rasuwagadhi,4913,23251,1.786,2026-08-25 04:45:00+00:00,2026-08-25 10:30:00+05:45
rasuwagadhi,4913,23251,1.738,2026-08-25 04:55:00+00:00,2026-08-25 10:40:00+05:45
rasuwagadhi,4913,23251,1.706,2026-08-25 05:05:00+00:00,2026-08-25 10:50:00+05:45
rasuwagadhi,4913,23251,1.738,2026-08-25 05:15:00+00:00,2026-08-25 11:00:00+05:45
rasuwagadhi,4913,23251,1.752,2026-08-25 05:25:00+00:00,2026-08-25 11:10:00+05:45
rasuwagadhi,4913,23251,1.72,2026-08-25 05:35:00+00:00,2026-08-25 11:20:00+05:45
rasuwagadhi,4913,23251,1.699,2026-08-25 05:45:00+00:00,2026-08-25 11:30:00+05:45
rasuwagadhi,4913,23251,1.732,2026-08-25 05:55:00+00:00,2026-08-25 11:40:00+05:45
rasuwagadhi,4913,23251,1.708,2026-08-25 06:05:00+00:00,2026-08-25 11:50:00+05:45
rasuwagadhi,4913,23251,1.686,2026-08-25 06:15:00+00:00,2026-08-25 12:00:00+05:45
rasuwagadhi,4913,23251,1.696,2026-08-25 06:25:00+00:00,2026-08-25 12:10:00+05:45
rasuwagadhi,4913,23251,1.702,2026-08-25 06:35:00+00:00,2026-08-25 12:20:00+05:45
rasuwagadhi,4913,23251,1.752,2026-08-25 06:45:00+00:00,2026-08-25 12:30:00+05:45
rasuwagadhi,4913,23251,1.755,2026-08-25 06:55:00+00:00,2026-08-25 12:40:00+05:45
rasuwagadhi,4913,23251,1.758,2026-08-25 07:05:00+00:00,2026-08-25 12:50:00+05:45
rasuwagadhi,4913,23251,1.772,2026-08-25 07:15:00+00:00,2026-08-25 13:00:00+05:45
rasuwagadhi,4913,23251,1.739,2026-08-25 07:25:00+00:00,2026-08-25 13:10:00+05:45
rasuwagadhi,4913,23251,1.756,2026-08-25 07:35:00+00:00,2026-08-25 13:20:00+05:45
rasuwagadhi,4913,23251,1.651,2026-08-25 07:45:00+00:00,2026-08-25 13:30:00+05:45
rasuwagadhi,4913,23251,1.706,2026-08-25 07:55:00+00:00,2026-08-25 13:40:00+05:45
rasuwagadhi,4913,23251,1.728,2026-08-25 08:05:00+00:00,2026-08-25 13:50:00+05:45
rasuwagadhi,4913,23251,1.74,2026-08-25 08:15:00+00:00,2026-08-25 14:00:00+05:45
rasuwagadhi,4913,23251,1.715,2026-08-25 08:25:00+00:00,2026-08-25 14:10:00+05:45
rasuwagadhi,4913,23251,1.713,2026-08-25 08:35:00+00:00,2026-08-25 14:20:00+05:45
rasuwagadhi,4913,23251,1.769,2026-08-25 08:45:00+00:00,2026-08-25 14:30:00+05:45
rasuwagadhi,4913,23251,1.745,2026-08-25 08:55:00+00:00,2026-08-25 14:40:00+05:45
rasuwagadhi,4913,23251,1.781,2026-08-25 09:05:00+00:00,2026-08-25 14:50:00+05:45
rasuwagadhi,4913,23251,1.794,2026-08-25 09:15:00+00:00,2026-08-25 15:00:00+05:45
rasuwagadhi,4913,23251,1.79,2026-08-25 09:25:00+00:00,2026-08-25 15:10:00+05:45
rasuwagadhi,4913,23251,1.784,2026-08-25 09:35:00+00:00,2026-08-25 15:20:00+05:45
rasuwagadhi,4913,23251,1.804,2026-08-25 09:45:00+00:00,2026-08-25 15:30:00+05:45
rasuwagadhi,4913,23251,1.825,2026-08-25 09:55:00+00:00,2026-08-25 15:40:00+05:45
rasuwagadhi,4913,23251,1.773,2026-08-25 10:05:00+00:00,2026-08-25 15:50:00+05:45
rasuwagadhi,4913,23251,1.806,2026-08-25 10:15:00+00:00,2026-08-25 16:00:00+05:45
rasuwagadhi,4913,23251,1.822,2026-08-25 10:25:00+00:00,2026-08-25 16:10:00+05:45
rasuwagadhi,4913,23251,1.804,2026-08-25 10:35:00+00:00,2026-08-25 16:20:00+05:45
rasuwagadhi,4913,23251,1.834,2026-08-25 10:45:00+00:00,2026-08-25 16:30:00+05:45
rasuwagadhi,4913,23251,1.844,2026-08-25 10:55:00+00:00,2026-08-25 16:40:00+05:45
rasuwagadhi,4913,23251,1.866,2026-08-25 11:05:00+00:00,2026-08-25 16:50:00+05:45
rasuwagadhi,4913,23251,1.845,2026-08-25 11:15:00+00:00,2026-08-25 17:00:00+05:45
rasuwagadhi,4913,23251,1.86,2026-08-25 11:25:00+00:00,2026-08-25 17:10:00+05:45
rasuwagadhi,4913,23251,1.861,2026-08-25 11:35:00+00:00,2026-08-25 17:20:00+05:45
rasuwagadhi,4913,23251,1.855,2026-08-25 11:45:00+00:00,2026-08-25 17:30:00+05:45
rasuwagadhi,4913,23251,1.894,2026-08-25 11:55:00+00:00,2026-08-25 17:40:00+05:45
rasuwagadhi,4913,23251,1.883,2026-08-25 12:05:00+00:00,2026-08-25 17:50:00+05:45
rasuwagadhi,4913,23251,1.894,2026-08-25 12:15:00+00:00,2026-08-25 18:00:00+05:45
rasuwagadhi,4913,23251,1.897,2026-08-25 12:25:00+00:00,2026-08-25 18:10:00+05:45
rasuwagadhi,4913,23251,1.887,2026-08-25 12:35:00+00:00,2026-08-25 18:20:00+05:45
rasuwagadhi,4913,23251,1.904,2026-08-25 12:45:00+00:00,2026-08-25 18:30:00+05:45
rasuwagadhi,4913,23251,1.902,2026-08-25 12:55:00+00:00,2026-08-25 18:40:00+05:45
rasuwagadhi,4913,23251,1.925,2026-08-25 13:05:00+00:00,2026-08-25 18:50:00+05:45
rasuwagadhi,4913,23251,1.905,2026-08-25 13:15:00+00:00,2026-08-25 19:00:00+05:45
rasuwagadhi,4913,23251,1.92,2026-08-25 13:25:00+00:00,2026-08-25 19:10:00+05:45
rasuwagadhi,4913,23251,1.896,2026-08-25 13:35:00+00:00,2026-08-25 19:20:00+05:45
rasuwagadhi,4913,23251,1.895,2026-08-25 13:45:00+00:00,2026-08-25 19:30:00+05:45
rasuwagadhi,4913,23251,1.897,2026-08-25 13:55:00+00:00,2026-08-25 19:40:00+05:45
rasuwagadhi,4913,23251,1.896,2026-08-25 14:05:00+00:00,2026-08-25 19:50:00+05:45
rasuwagadhi,4913,23251,1.905,2026-08-25 14:15:00+00:00,2026-08-25 20:00:00+05:45
rasuwagadhi,4913,23251,1.903,2026-08-25 14:25:00+00:00,2026-08-25 20:10:00+05:45
rasuwagadhi,4913,23251,1.909,2026-08-25 14:35:00+00:00,2026-08-25 20:20:00+05:45
rasuwagadhi,4913,23251,1.895,2026-08-25 14:45:00+00:00,2026-08-25 20:30:00+05:45
rasuwagadhi,4913,23251,1.91,2026-08-25 14:55:00+00:00,2026-08-25 20:40:00+05:45
rasuwagadhi,4913,23251,1.918,2026-08-25 15:05:00+00:00,2026-08-25 20:50:00+05:45
rasuwagadhi,4913,23251,1.91,2026-08-25 15:15:00+00:00,2026-08-25 21:00:00+05:45
rasuwagadhi,4913,23251,1.907,2026-08-25 15:25:00+00:00,2026-08-25 21:10:00+05:45
rasuwagadhi,4913,23251,1.895,2026-08-25 15:35:00+00:00,2026-08-25 21:20:00+05:45
rasuwagadhi,4913,23251,1.894,2026-08-25 15:45:00+00:00,2026-08-25 21:30:00+05:45
rasuwagadhi,4913,23251,1.897,2026-08-25 15:55:00+00:00,2026-08-25 21:40:00+05:45
rasuwagadhi,4913,23251,1.91,2026-08-25 16:05:00+00:00,2026-08-25 21:50:00+05:45
rasuwagadhi,4913,23251,1.915,2026-08-25 16:15:00+00:00,2026-08-25 22:00:00+05:45
rasuwagadhi,4913,23251,1.906,2026-08-25 16:25:00+00:00,2026-08-25 22:10:00+05:45
rasuwagadhi,4913,23251,1.916,2026-08-25 16:35:00+00:00,2026-08-25 22:20:00+05:45
rasuwagadhi,4913,23251,1.912,2026-08-25 16:45:00+00:00,2026-08-25 22:30:00+05:45
rasuwagadhi,4913,23251,1.913,2026-08-25 16:55:00+00:00,2026-08-25 22:40:00+05:45
rasuwagadhi,4913,23251,1.915,2026-08-25 17:05:00+00:00,2026-08-25 22:50:00+05:45
rasuwagadhi,4913,23251,1.885,2026-08-25 17:15:00+00:00,2026-08-25 23:00:00+05:45
rasuwagadhi,4913,23251,1.904,2026-08-25 17:25:00+00:00,2026-08-25 23:10:00+05:45
rasuwagadhi,4913,23251,1.928,2026-08-25 17:35:00+00:00,2026-08-25 23:20:00+05:45
rasuwagadhi,4913,23251,1.927,2026-08-25 17:45:00+00:00,2026-08-25 23:30:00+05:45
rasuwagadhi,4913,23251,1.89,2026-08-25 17:55:00+00:00,2026-08-25 23:40:00+05:45
rasuwagadhi,4913,23251,1.892,2026-08-25 18:05:00+00:00,2026-08-25 23:50:00+05:45
rasuwagadhi,4913,23251,1.899,2026-08-25 18:15:00+00:00,2026-08-26 00:00:00+05:45
rasuwagadhi,4913,23251,1.888,2026-08-25 18:25:00+00:00,2026-08-26 00:10:00+05:45
rasuwagadhi,4913,23251,1.887,2026-08-25 18:35:00+00:00,2026-08-26 00:20:00+05:45
rasuwagadhi,4913,23251,1.879,2026-08-25 18:45:00+00:00,2026-08-26 00:30:00+05:45
rasuwagadhi,4913,23251,1.871,2026-08-25 18:55:00+00:00,2026-08-26 00:40:00+05:45
rasuwagadhi,4913,23251,1.89,2026-08-25 19:05:00+00:00,2026-08-26 00:50:00+05:45
rasuwagadhi,4913,23251,1.884,2026-08-25 19:15:00+00:00,2026-08-26 01:00:00+05:45
rasuwagadhi,4913,23251,1.884,2026-08-25 19:25:00+00:00,2026-08-26 01:10:00+05:45
rasuwagadhi,4913,23251,1.893,2026-08-25 19:35:00+00:00,2026-08-26 01:20:00+05:45
rasuwagadhi,4913,23251,1.906,2026-08-25 19:45:00+00:00,2026-08-26 01:30:00+05:45
rasuwagadhi,4913,23251,1.844,2026-08-25 19:55:00+00:00,2026-08-26 01:40:00+05:45
rasuwagadhi,4913,23251,1.797,2026-08-25 20:05:00+00:00,2026-08-26 01:50:00+05:45
rasuwagadhi,4913,23251,1.822,2026-08-25 20:15:00+00:00,2026-08-26 02:00:00+05:45
rasuwagadhi,4913,23251,1.835,2026-08-25 20:25:00+00:00,2026-08-26 02:10:00+05:45
rasuwagadhi,4913,23251,1.827,2026-08-25 20:35:00+00:00,2026-08-26 02:20:00+05:45
rasuwagadhi,4913,23251,1.823,2026-08-25 20:45:00+00:00,2026-08-26 02:30:00+05:45
rasuwagadhi,4913,23251,1.804,2026-08-25 20:55:00+00:00,2026-08-26 02:40:00+05:45
rasuwagadhi,4913,23251,1.815,2026-08-25 21:05:00+00:00,2026-08-26 02:50:00+05:45
rasuwagadhi,4913,23251,1.818,2026-08-25 21:15:00+00:00,2026-08-26 03:00:00+05:45
rasuwagadhi,4913,23251,1.804,2026-08-25 21:25:00+00:00,2026-08-26 03:10:00+05:45
rasuwagadhi,4913,23251,1.816,2026-08-25 21:35:00+00:00,2026-08-26 03:20:00+05:45
rasuwagadhi,4913,23251,1.817,2026-08-25 21:45:00+00:00,2026-08-26 03:30:00+05:45
rasuwagadhi,4913,23251,1.804,2026-08-25 21:55:00+00:00,2026-08-26 03:40:00+05:45
rasuwagadhi,4913,23251,1.796,2026-08-25 22:05:00+00:00,2026-08-26 03:50:00+05:45
rasuwagadhi,4913,23251,1.793,2026-08-25 22:15:00+00:00,2026-08-26 04:00:00+05:45
rasuwagadhi,4913,23251,1.785,2026-08-25 22:25:00+00:00,2026-08-26 04:10:00+05:45
rasuwagadhi,4913,23251,1.767,2026-08-25 22:35:00+00:00,2026-08-26 04:20:00+05:45
rasuwagadhi,4913,23251,1.766,2026-08-25 22:45:00+00:00,2026-08-26 04:30:00+05:45
rasuwagadhi,4913,23251,1.808,2026-08-25 22:55:00+00:00,2026-08-26 04:40:00+05:45
rasuwagadhi,4913,23251,1.767,2026-08-25 23:05:00+00:00,2026-08-26 04:50:00+05:45
rasuwagadhi,4913,23251,1.78,2026-08-25 23:15:00+00:00,2026-08-26 05:00:00+05:45
rasuwagadhi,4913,23251,1.767,2026-08-25 23:25:00+00:00,2026-08-26 05:10:00+05:45
rasuwagadhi,4913,23251,1.762,2026-08-25 23:35:00+00:00,2026-08-26 05:20:00+05:45
rasuwagadhi,4913,23251,1.791,2026-08-25 23:45:00+00:00,2026-08-26 05:30:00+05:45
rasuwagadhi,4913,23251,1.751,2026-08-25 23:55:00+00:00,2026-08-26 05:40:00+05:45
rasuwagadhi,4913,23251,1.776,2026-08-26 00:05:00+00:00,2026-08-26 05:50:00+05:45
rasuwagadhi,4913,23251,1.743,2026-08-26 00:15:00+00:00,2026-08-26 06:00:00+05:45
rasuwagadhi,4913,23251,1.747,2026-08-26 00:25:00+00:00,2026-08-26 06:10:00+05:45
rasuwagadhi,4913,23251,1.772,2026-08-26 00:35:00+00:00,2026-08-26 06:20:00+05:45
rasuwagadhi,4913,23251,1.735,2026-08-26 00:45:00+00:00,2026-08-26 06:30:00+05:45
rasuwagadhi,4913,23251,1.734,2026-08-26 00:55:00+00:00,2026-08-26 06:40:00+05:45
rasuwagadhi,4913,23251,1.736,2026-08-26 01:05:00+00:00,2026-08-26 06:50:00+05:45
rasuwagadhi,4913,23251,1.714,2026-08-26 01:15:00+00:00,2026-08-26 07:00:00+05:45
rasuwagadhi,4913,23251,1.725,2026-08-26 01:25:00+00:00,2026-08-26 07:10:00+05:45
rasuwagadhi,4913,23251,1.682,2026-08-26 01:35:00+00:00,2026-08-26 07:20:00+05:45
rasuwagadhi,4913,23251,1.676,2026-08-26 01:45:00+00:00,2026-08-26 07:30:00+05:45
rasuwagadhi,4913,23251,1.668,2026-08-26 01:55:00+00:00,2026-08-26 07:40:00+05:45
rasuwagadhi,4913,23251,1.654,2026-08-26 02:05:00+00:00,2026-08-26 07:50:00+05:45
rasuwagadhi,4913,23251,1.64,2026-08-26 02:15:00+00:00,2026-08-26 08:00:00+05:45
rasuwagadhi,4913,23251,1.641,2026-08-26 02:25:00+00:00,2026-08-26 08:10:00+05:45
rasuwagadhi,4913,23251,1.64,2026-08-26 02:35:00+00:00,2026-08-26 08:20:00+05:45
rasuwagadhi,4913,23251,1.626,2026-08-26 02:45:00+00:00,2026-08-26 08:30:00+05:45
rasuwagadhi,4913,23251,1.62,2026-08-26 02:55:00+00:00,2026-08-26 08:40:00+05:45
syabrubesi,191,2810,4.30600070953,2026-08-20 00:05:00+00:00,2026-08-20 05:50:00+05:45
syabrubesi,191,2810,4.33340072632,2026-08-20 00:15:00+00:00,2026-08-20 06:00:00+05:45
syabrubesi,191,2810,4.38870048523,2026-08-20 00:25:00+00:00,2026-08-20 06:10:00+05:45
syabrubesi,191,2810,4.36420059204,2026-08-20 00:35:00+00:00,2026-08-20 06:20:00+05:45
syabrubesi,191,2810,4.32670021057,2026-08-20 00:45:00+00:00,2026-08-20 06:30:00+05:45
syabrubesi,191,2810,4.35249996185,2026-08-20 00:55:00+00:00,2026-08-20 06:40:00+05:45
syabrubesi,191,2810,4.34899997711,2026-08-20 01:05:00+00:00,2026-08-20 06:50:00+05:45
syabrubesi,191,2810,4.30990028381,2026-08-20 01:15:00+00:00,2026-08-20 07:00:00+05:45
syabrubesi,191,2810,4.25570011139,2026-08-20 01:25:00+00:00,2026-08-20 07:10:00+05:45
syabrubesi,191,2810,4.30720043182,2026-08-20 01:35:00+00:00,2026-08-20 07:20:00+05:45
syabrubesi,191,2810,4.25120067596,2026-08-20 01:45:00+00:00,2026-08-20 07:30:00+05:45
syabrubesi,191,2810,4.32499980927,2026-08-20 01:55:00+00:00,2026-08-20 07:40:00+05:45
syabrubesi,191,2810,4.27900028229,2026-08-20 02:05:00+00:00,2026-08-20 07:50:00+05:45
syabrubesi,191,2810,4.33540058136,2026-08-20 02:15:00+00:00,2026-08-20 08:00:00+05:45
syabrubesi,191,2810,4.27300071716,2026-08-20 02:25:00+00:00,2026-08-20 08:10:00+05:45
syabrubesi,191,2810,4.27400016785,2026-08-20 02:35:00+00:00,2026-08-20 08:20:00+05:45
syabrubesi,191,2810,4.19229984283,2026-08-20 02:55:00+00:00,2026-08-20 08:40:00+05:45
syabrubesi,191,2810,4.24670028687,2026-08-20 03:05:00+00:00,2026-08-20 08:50:00+05:45
syabrubesi,191,2810,4.22280025482,2026-08-20 03:15:00+00:00,2026-08-20 09:00:00+05:45
syabrubesi,191,2810,4.2091999054,2026-08-20 03:25:00+00:00,2026-08-20 09:10:00+05:45
syabrubesi,191,2810,4.19280052185,2026-08-20 03:35:00+00:00,2026-08-20 09:20:00+05:45
syabrubesi,191,2810,4.23810005188,2026-08-20 03:45:00+00:00,2026-08-20 09:30:00+05:45
syabrubesi,191,2810,4.21969985962,2026-08-20 03:55:00+00:00,2026-08-20 09:40:00+05:45
syabrubesi,191,2810,4.16060066223,2026-08-20 04:05:00+00:00,2026-08-20 09:50:00+05:45
syabrubesi,191,2810,4.20870018005,2026-08-20 04:15:00+00:00,2026-08-20 10:00:00+05:45
syabrubesi,191,2810,4.20130062103,2026-08-20 04:25:00+00:00,2026-08-20 10:10:00+05:45
syabrubesi,191,2810,4.08660030365,2026-08-20 04:35:00+00:00,2026-08-20 10:20:00+05:45
syabrubesi,191,2810,4.1062002182,2026-08-20 04:45:00+00:00,2026-08-20 10:30:00+05:45
syabrubesi,191,2810,4.09810066223,2026-08-20 04:55:00+00:00,2026-08-20 10:40:00+05:45
syabrubesi,191,2810,4.20480060577,2026-08-20 05:05:00+00:00,2026-08-20 10:50:00+05:45
syabrubesi,191,2810,4.13860034943,2026-08-20 05:15:00+00:00,2026-08-20 11:00:00+05:45
syabrubesi,191,2810,3.97790050507,2026-08-20 05:25:00+00:00,2026-08-20 11:10:00+05:45
syabrubesi,191,2810,4.08850002289,2026-08-20 05:35:00+00:00,2026-08-20 11:20:00+05:45
syabrubesi,191,2810,4.1514005661,2026-08-20 05:45:00+00:00,2026-08-20 11:30:00+05:45
syabrubesi,191,2810,4.07579994202,2026-08-20 05:55:00+00:00,2026-08-20 11:40:00+05:45
syabrubesi,191,2810,4.16489982605,2026-08-20 06:05:00+00:00,2026-08-20 11:50:00+05:45
syabrubesi,191,2810,4.08150005341,2026-08-20 06:15:00+00:00,2026-08-20 12:00:00+05:45
syabrubesi,191,2810,4.11770057678,2026-08-20 06:25:00+00:00,2026-08-20 12:10:00+05:45
syabrubesi,191,2810,4.1761007309,2026-08-20 06:35:00+00:00,2026-08-20 12:20:00+05:45
syabrubesi,191,2810,4.13020038605,2026-08-20 06:45:00+00:00,2026-08-20 12:30:00+05:45
syabrubesi,191,2810,4.08340072632,2026-08-20 06:55:00+00:00,2026-08-20 12:40:00+05:45
syabrubesi,191,2810,4.05830001831,2026-08-20 07:05:00+00:00,2026-08-20 12:50:00+05:45
syabrubesi,191,2810,4.11570072174,2026-08-20 07:15:00+00:00,2026-08-20 13:00:00+05:45
syabrubesi,191,2810,4.13399982452,2026-08-20 07:25:00+00:00,2026-08-20 13:10:00+05:45
syabrubesi,191,2810,3.85010051727,2026-08-20 07:35:00+00:00,2026-08-20 13:20:00+05:45
syabrubesi,191,2810,3.72060012817,2026-08-20 07:45:00+00:00,2026-08-20 13:30:00+05:45
syabrubesi,191,2810,3.94690036774,2026-08-20 07:55:00+00:00,2026-08-20 13:40:00+05:45
syabrubesi,191,2810,4.20840072632,2026-08-20 08:05:00+00:00,2026-08-20 13:50:00+05:45
syabrubesi,191,2810,4.25069999695,2026-08-20 08:15:00+00:00,2026-08-20 14:00:00+05:45
syabrubesi,191,2810,4.06050014496,2026-08-20 08:25:00+00:00,2026-08-20 14:10:00+05:45
syabrubesi,191,2810,4.06799983978,2026-08-20 08:35:00+00:00,2026-08-20 14:20:00+05:45
syabrubesi,191,2810,4.25800037384,2026-08-20 08:45:00+00:00,2026-08-20 14:30:00+05:45
syabrubesi,191,2810,4.16359996796,2026-08-20 08:55:00+00:00,2026-08-20 14:40:00+05:45
syabrubesi,191,2810,4.168800354,2026-08-20 09:05:00+00:00,2026-08-20 14:50:00+05:45
syabrubesi,191,2810,4.17829990387,2026-08-20 09:15:00+00:00,2026-08-20 15:00:00+05:45
syabrubesi,191,2810,3.91940021515,2026-08-20 09:25:00+00:00,2026-08-20 15:10:00+05:45
syabrubesi,191,2810,4.12270069122,2026-08-20 09:35:00+00:00,2026-08-20 15:20:00+05:45
syabrubesi,191,2810,4.17290019989,2026-08-20 09:45:00+00:00,2026-08-20 15:30:00+05:45
syabrubesi,191,2810,4.16909980774,2026-08-20 09:55:00+00:00,2026-08-20 15:40:00+05:45
syabrubesi,191,2810,4.12880039215,2026-08-20 10:05:00+00:00,2026-08-20 15:50:00+05:45
syabrubesi,191,2810,4.27160072327,2026-08-20 10:15:00+00:00,2026-08-20 16:00:00+05:45
syabrubesi,191,2810,4.3606004715,2026-08-20 10:25:00+00:00,2026-08-20 16:10:00+05:45
syabrubesi,191,2810,4.25960063934,2026-08-20 10:35:00+00:00,2026-08-20 16:20:00+05:45
syabrubesi,191,2810,4.32719993591,2026-08-20 10:45:00+00:00,2026-08-20 16:30:00+05:45
syabrubesi,191,2810,4.26459980011,2026-08-20 10:55:00+00:00,2026-08-20 16:40:00+05:45
syabrubesi,191,2810,4.26210021973,2026-08-20 11:05:00+00:00,2026-08-20 16:50:00+05:45
syabrubesi,191,2810,4.2983007431,2026-08-20 11:15:00+00:00,2026-08-20 17:00:00+05:45
syabrubesi,191,2810,4.24930000305,2026-08-20 11:25:00+00:00,2026-08-20 17:10:00+05:45
syabrubesi,191,2810,4.31220054626,2026-08-20 11:35:00+00:00,2026-08-20 17:20:00+05:45
syabrubesi,191,2810,4.40710067749,2026-08-20 11:45:00+00:00,2026-08-20 17:30:00+05:45
syabrubesi,191,2810,4.51459980011,2026-08-20 11:55:00+00:00,2026-08-20 17:40:00+05:45
syabrubesi,191,2810,4.46030044556,2026-08-20 12:05:00+00:00,2026-08-20 17:50:00+05:45
syabrubesi,191,2810,4.39490032196,2026-08-20 12:15:00+00:00,2026-08-20 18:00:00+05:45
syabrubesi,191,2810,4.28079986572,2026-08-20 12:25:00+00:00,2026-08-20 18:10:00+05:45
syabrubesi,191,2810,4.3781003952,2026-08-20 12:35:00+00:00,2026-08-20 18:20:00+05:45
syabrubesi,191,2810,4.21990013123,2026-08-20 12:45:00+00:00,2026-08-20 18:30:00+05:45
syabrubesi,191,2810,4.43190002441,2026-08-20 12:55:00+00:00,2026-08-20 18:40:00+05:45
syabrubesi,191,2810,4.35570049286,2026-08-20 13:05:00+00:00,2026-08-20 18:50:00+05:45
syabrubesi,191,2810,4.41090011597,2026-08-20 13:15:00+00:00,2026-08-20 19:00:00+05:45
syabrubesi,191,2810,4.36009979248,2026-08-20 13:25:00+00:00,2026-08-20 19:10:00+05:45
syabrubesi,191,2810,4.28970050812,2026-08-20 13:35:00+00:00,2026-08-20 19:20:00+05:45
syabrubesi,191,2810,4.41090011597,2026-08-20 13:45:00+00:00,2026-08-20 19:30:00+05:45
syabrubesi,191,2810,4.28779983521,2026-08-20 13:55:00+00:00,2026-08-20 19:40:00+05:45
syabrubesi,191,2810,4.34560012817,2026-08-20 14:05:00+00:00,2026-08-20 19:50:00+05:45
syabrubesi,191,2810,4.41110038757,2026-08-20 14:15:00+00:00,2026-08-20 20:00:00+05:45
syabrubesi,191,2810,4.42660045624,2026-08-20 14:25:00+00:00,2026-08-20 20:10:00+05:45
syabrubesi,191,2810,4.43080043793,2026-08-20 14:35:00+00:00,2026-08-20 20:20:00+05:45
syabrubesi,191,2810,4.37919998169,2026-08-20 14:45:00+00:00,2026-08-20 20:30:00+05:45
syabrubesi,191,2810,4.4640007019,2026-08-20 14:55:00+00:00,2026-08-20 20:40:00+05:45
syabrubesi,191,2810,4.40690040588,2026-08-20 15:05:00+00:00,2026-08-20 20:50:00+05:45
syabrubesi,191,2810,4.38940048218,2026-08-20 15:15:00+00:00,2026-08-20 21:00:00+05:45
syabrubesi,191,2810,4.40400028229,2026-08-20 15:25:00+00:00,2026-08-20 21:10:00+05:45
syabrubesi,191,2810,4.30490016937,2026-08-20 15:35:00+00:00,2026-08-20 21:20:00+05:45
syabrubesi,191,2810,4.41380023956,2026-08-20 15:45:00+00:00,2026-08-20 21:30:00+05:45
syabrubesi,191,2810,4.37559986115,2026-08-20 15:55:00+00:00,2026-08-20 21:40:00+05:45
syabrubesi,191,2810,4.24590015411,2026-08-20 16:05:00+00:00,2026-08-20 21:50:00+05:45
syabrubesi,191,2810,4.30329990387,2026-08-20 16:15:00+00:00,2026-08-20 22:00:00+05:45
syabrubesi,191,2810,4.3373003006,2026-08-20 16:25:00+00:00,2026-08-20 22:10:00+05:45
syabrubesi,191,2810,4.32830047607,2026-08-20 16:35:00+00:00,2026-08-20 22:20:00+05:45
syabrubesi,191,2810,4.30910015106,2026-08-20 16:45:00+00:00,2026-08-20 22:30:00+05:45
syabrubesi,191,2810,4.33530044556,2026-08-20 16:55:00+00:00,2026-08-20 22:40:00+05:45
syabrubesi,191,2810,4.24499988556,2026-08-20 17:05:00+00:00,2026-08-20 22:50:00+05:45
syabrubesi,191,2810,4.35900020599,2026-08-20 17:15:00+00:00,2026-08-20 23:00:00+05:45
syabrubesi,191,2810,4.26970005035,2026-08-20 17:25:00+00:00,2026-08-20 23:10:00+05:45
syabrubesi,191,2810,4.4231004715,2026-08-20 17:35:00+00:00,2026-08-20 23:20:00+05:45
syabrubesi,191,2810,4.3545999527,2026-08-20 17:45:00+00:00,2026-08-20 23:30:00+05:45
syabrubesi,191,2810,4.19220066071,2026-08-20 17:55:00+00:00,2026-08-20 23:40:00+05:45
syabrubesi,191,2810,4.193400383,2026-08-20 18:05:00+00:00,2026-08-20 23:50:00+05:45
syabrubesi,191,2810,4.37410068512,2026-08-20 18:15:00+00:00,2026-08-21 00:00:00+05:45
syabrubesi,191,2810,4.27850055695,2026-08-20 18:25:00+00:00,2026-08-21 00:10:00+05:45
syabrubesi,191,2810,4.29190063477,2026-08-20 18:35:00+00:00,2026-08-21 00:20:00+05:45
syabrubesi,191,2810,4.27550029755,2026-08-20 18:45:00+00:00,2026-08-21 00:30:00+05:45
syabrubesi,191,2810,4.21300029755,2026-08-20 18:55:00+00:00,2026-08-21 00:40:00+05:45
syabrubesi,191,2810,4.17870044708,2026-08-20 19:05:00+00:00,2026-08-21 00:50:00+05:45
syabrubesi,191,2810,4.22160053253,2026-08-20 19:15:00+00:00,2026-08-21 01:00:00+05:45
syabrubesi,191,2810,4.26850032806,2026-08-20 19:25:00+00:00,2026-08-21 01:10:00+05:45
syabrubesi,191,2810,4.18330001831,2026-08-20 19:35:00+00:00,2026-08-21 01:20:00+05:45
syabrubesi,191,2810,4.25260066986,2026-08-20 19:45:00+00:00,2026-08-21 01:30:00+05:45
syabrubesi,191,2810,4.23910045624,2026-08-20 19:55:00+00:00,2026-08-21 01:40:00+05:45
syabrubesi,191,2810,4.17990016937,2026-08-20 20:05:00+00:00,2026-08-21 01:50:00+05:45
syabrubesi,191,2810,4.15220069885,2026-08-20 20:15:00+00:00,2026-08-21 02:00:00+05:45
syabrubesi,191,2810,4.16090011597,2026-08-20 20:25:00+00:00,2026-08-21 02:10:00+05:45
syabrubesi,191,2810,4.13450050354,2026-08-20 20:35:00+00:00,2026-08-21 02:20:00+05:45
syabrubesi,191,2810,4.11310005188,2026-08-20 20:45:00+00:00,2026-08-21 02:30:00+05:45
syabrubesi,191,2810,4.2139005661,2026-08-20 20:55:00+00:00,2026-08-21 02:40:00+05:45
syabrubesi,191,2810,4.11760044098,2026-08-20 21:05:00+00:00,2026-08-21 02:50:00+05:45
syabrubesi,191,2810,4.18370056152,2026-08-20 21:15:00+00:00,2026-08-21 03:00:00+05:45
syabrubesi,191,2810,4.16470050812,2026-08-20 21:25:00+00:00,2026-08-21 03:10:00+05:45
syabrubesi,191,2810,4.19330024719,2026-08-20 21:35:00+00:00,2026-08-21 03:20:00+05:45
syabrubesi,191,2810,4.16540050507,2026-08-20 21:45:00+00:00,2026-08-21 03:30:00+05:45
syabrubesi,191,2810,4.1746006012,2026-08-20 21:55:00+00:00,2026-08-21 03:40:00+05:45
syabrubesi,191,2810,4.23729991913,2026-08-20 22:05:00+00:00,2026-08-21 03:50:00+05:45
syabrubesi,191,2810,4.12220001221,2026-08-20 22:15:00+00:00,2026-08-21 04:00:00+05:45
syabrubesi,191,2810,4.11980056763,2026-08-20 22:25:00+00:00,2026-08-21 04:10:00+05:45
syabrubesi,191,2810,4.20989990234,2026-08-20 22:35:00+00:00,2026-08-21 04:20:00+05:45
syabrubesi,191,2810,4.17080020905,2026-08-20 22:45:00+00:00,2026-08-21 04:30:00+05:45
syabrubesi,191,2810,4.15540027618,2026-08-20 22:55:00+00:00,2026-08-21 04:40:00+05:45
syabrubesi,191,2810,4.21180057526,2026-08-20 23:05:00+00:00,2026-08-21 04:50:00+05:45
syabrubesi,191,2810,4.15640068054,2026-08-20 23:15:00+00:00,2026-08-21 05:00:00+05:45
syabrubesi,191,2810,4.14010047913,2026-08-20 23:25:00+00:00,2026-08-21 05:10:00+05:45
syabrubesi,191,2810,4.09670066833,2026-08-20 23:35:00+00:00,2026-08-21 05:20:00+05:45
syabrubesi,191,2810,4.02880001068,2026-08-20 23:45:00+00:00,2026-08-21 05:30:00+05:45
syabrubesi,191,2810,4.10410022736,2026-08-20 23:55:00+00:00,2026-08-21 05:40:00+05:45
syabrubesi,191,2810,4.18809986115,2026-08-21 00:05:00+00:00,2026-08-21 05:50:00+05:45
syabrubesi,191,2810,4.19880008698,2026-08-21 00:15:00+00:00,2026-08-21 06:00:00+05:45
syabrubesi,191,2810,4.17300033569,2026-08-21 00:25:00+00:00,2026-08-21 06:10:00+05:45
syabrubesi,191,2810,4.14960002899,2026-08-21 00:35:00+00:00,2026-08-21 06:20:00+05:45
syabrubesi,191,2810,4.11630058289,2026-08-21 00:45:00+00:00,2026-08-21 06:30:00+05:45
syabrubesi,191,2810,4.11320018768,2026-08-21 00:55:00+00:00,2026-08-21 06:40:00+05:45
syabrubesi,191,2810,4.27060031891,2026-08-21 01:05:00+00:00,2026-08-21 06:50:00+05:45
syabrubesi,191,2810,4.13940048218,2026-08-21 01:15:00+00:00,2026-08-21 07:00:00+05:45
syabrubesi,191,2810,4.16260051727,2026-08-21 01:25:00+00:00,2026-08-21 07:10:00+05:45
syabrubesi,191,2810,4.17899990082,2026-08-21 01:35:00+00:00,2026-08-21 07:20:00+05:45
syabrubesi,191,2810,4.06080055237,2026-08-21 01:45:00+00:00,2026-08-21 07:30:00+05:45
syabrubesi,191,2810,4.13560009003,2026-08-21 01:55:00+00:00,2026-08-21 07:40:00+05:45
syabrubesi,191,2810,4.15260028839,2026-08-21 02:05:00+00:00,2026-08-21 07:50:00+05:45
syabrubesi,191,2810,4.16989994049,2026-08-21 02:15:00+00:00,2026-08-21 08:00:00+05:45
syabrubesi,191,2810,4.07400035858,2026-08-21 02:25:00+00:00,2026-08-21 08:10:00+05:45
syabrubesi,191,2810,4.22030067444,2026-08-21 02:35:00+00:00,2026-08-21 08:20:00+05:45
syabrubesi,191,2810,4.02589988708,2026-08-21 02:45:00+00:00,2026-08-21 08:30:00+05:45
syabrubesi,191,2810,3.95110034943,2026-08-21 02:55:00+00:00,2026-08-21 08:40:00+05:45
syabrubesi,191,2810,4.06070041656,2026-08-21 03:05:00+00:00,2026-08-21 08:50:00+05:45
syabrubesi,191,2810,4.05910015106,2026-08-21 03:15:00+00:00,2026-08-21 09:00:00+05:45
syabrubesi,191,2810,4.09320068359,2026-08-21 03:25:00+00:00,2026-08-21 09:10:00+05:45
syabrubesi,191,2810,4.00899982452,2026-08-21 03:35:00+00:00,2026-08-21 09:20:00+05:45
syabrubesi,191,2810,3.96790027618,2026-08-21 03:45:00+00:00,2026-08-21 09:30:00+05:45
syabrubesi,191,2810,3.87699985504,2026-08-21 03:55:00+00:00,2026-08-21 09:40:00+05:45
syabrubesi,191,2810,3.96280002594,2026-08-21 04:05:00+00:00,2026-08-21 09:50:00+05:45
syabrubesi,191,2810,3.94150066376,2026-08-21 04:15:00+00:00,2026-08-21 10:00:00+05:45
syabrubesi,191,2810,3.92950057983,2026-08-21 04:25:00+00:00,2026-08-21 10:10:00+05:45
syabrubesi,191,2810,3.88790035248,2026-08-21 04:35:00+00:00,2026-08-21 10:20:00+05:45
syabrubesi,191,2810,3.99580001831,2026-08-21 04:45:00+00:00,2026-08-21 10:30:00+05:45
syabrubesi,191,2810,4.05550003052,2026-08-21 04:55:00+00:00,2026-08-21 10:40:00+05:45
syabrubesi,191,2810,3.97599983215,2026-08-21 05:05:00+00:00,2026-08-21 10:50:00+05:45
syabrubesi,191,2810,4.01030063629,2026-08-21 05:15:00+00:00,2026-08-21 11:00:00+05:45
syabrubesi,191,2810,3.95230007172,2026-08-21 05:25:00+00:00,2026-08-21 11:10:00+05:45
syabrubesi,191,2810,4.04050064087,2026-08-21 05:35:00+00:00,2026-08-21 11:20:00+05:45
syabrubesi,191,2810,4.06150054932,2026-08-21 05:45:00+00:00,2026-08-21 11:30:00+05:45
syabrubesi,191,2810,3.99440002441,2026-08-21 05:55:00+00:00,2026-08-21 11:40:00+05:45
syabrubesi,191,2810,3.93730068207,2026-08-21 06:05:00+00:00,2026-08-21 11:50:00+05:45
syabrubesi,191,2810,4.06930065155,2026-08-21 06:15:00+00:00,2026-08-21 12:00:00+05:45
syabrubesi,191,2810,3.92700004578,2026-08-21 06:25:00+00:00,2026-08-21 12:10:00+05:45
syabrubesi,191,2810,3.98530006409,2026-08-21 06:35:00+00:00,2026-08-21 12:20:00+05:45
syabrubesi,191,2810,4.01389980316,2026-08-21 06:45:00+00:00,2026-08-21 12:30:00+05:45
syabrubesi,191,2810,3.96490001678,2026-08-21 06:55:00+00:00,2026-08-21 12:40:00+05:45
syabrubesi,191,2810,3.8998003006,2026-08-21 07:05:00+00:00,2026-08-21 12:50:00+05:45
syabrubesi,191,2810,4.03480052948,2026-08-21 07:15:00+00:00,2026-08-21 13:00:00+05:45
syabrubesi,191,2810,3.9610004425,2026-08-21 07:25:00+00:00,2026-08-21 13:10:00+05:45
syabrubesi,191,2810,3.75409984589,2026-08-21 07:35:00+00:00,2026-08-21 13:20:00+05:45
syabrubesi,191,2810,3.59380054474,2026-08-21 07:45:00+00:00,2026-08-21 13:30:00+05:45
syabrubesi,191,2810,3.74230003357,2026-08-21 07:55:00+00:00,2026-08-21 13:40:00+05:45
syabrubesi,191,2810,3.97920036316,2026-08-21 08:05:00+00:00,2026-08-21 13:50:00+05:45
syabrubesi,191,2810,4.13490009308,2026-08-21 08:15:00+00:00,2026-08-21 14:00:00+05:45
syabrubesi,191,2810,4.04950046539,2026-08-21 08:25:00+00:00,2026-08-21 14:10:00+05:45
syabrubesi,191,2810,4.0611000061,2026-08-21 08:35:00+00:00,2026-08-21 14:20:00+05:45
syabrubesi,191,2810,3.96610069275,2026-08-21 08:45:00+00:00,2026-08-21 14:30:00+05:45
syabrubesi,191,2810,4.03859996796,2026-08-21 08:55:00+00:00,2026-08-21 14:40:00+05:45
syabrubesi,191,2810,4.06060028076,2026-08-21 09:05:00+00:00,2026-08-21 14:50:00+05:45
syabrubesi,191,2810,3.98460006714,2026-08-21 09:15:00+00:00,2026-08-21 15:00:00+05:45
syabrubesi,191,2810,3.88030052185,2026-08-21 09:25:00+00:00,2026-08-21 15:10:00+05:45
syabrubesi,191,2810,3.84450054169,2026-08-21 09:35:00+00:00,2026-08-21 15:20:00+05:45
syabrubesi,191,2810,4.22020053864,2026-08-21 09:45:00+00:00,2026-08-21 15:30:00+05:45
syabrubesi,191,2810,4.20560073853,2026-08-21 09:55:00+00:00,2026-08-21 15:40:00+05:45
syabrubesi,191,2810,4.12419986725,2026-08-21 10:05:00+00:00,2026-08-21 15:50:00+05:45
syabrubesi,191,2810,4.12190055847,2026-08-21 10:15:00+00:00,2026-08-21 16:00:00+05:45
syabrubesi,191,2810,4.10290050507,2026-08-21 10:25:00+00:00,2026-08-21 16:10:00+05:45
syabrubesi,191,2810,4.18070030212,2026-08-21 10:35:00+00:00,2026-08-21 16:20:00+05:45
syabrubesi,191,2810,4.17890071869,2026-08-21 10:45:00+00:00,2026-08-21 16:30:00+05:45
syabrubesi,191,2810,4.07079982758,2026-08-21 10:55:00+00:00,2026-08-21 16:40:00+05:45
syabrubesi,191,2810,4.13539981842,2026-08-21 11:05:00+00:00,2026-08-21 16:50:00+05:45
syabrubesi,191,2810,4.13129997253,2026-08-21 11:15:00+00:00,2026-08-21 17:00:00+05:45
syabrubesi,191,2810,4.20079994202,2026-08-21 11:25:00+00:00,2026-08-21 17:10:00+05:45
syabrubesi,191,2810,4.10890007019,2026-08-21 11:35:00+00:00,2026-08-21 17:20:00+05:45
syabrubesi,191,2810,4.22539997101,2026-08-21 11:45:00+00:00,2026-08-21 17:30:00+05:45
syabrubesi,191,2810,4.17370033264,2026-08-21 11:55:00+00:00,2026-08-21 17:40:00+05:45
syabrubesi,191,2810,4.16769981384,2026-08-21 12:05:00+00:00,2026-08-21 17:50:00+05:45
syabrubesi,191,2810,4.19910049438,2026-08-21 12:15:00+00:00,2026-08-21 18:00:00+05:45
syabrubesi,191,2810,4.31319999695,2026-08-21 12:25:00+00:00,2026-08-21 18:10:00+05:45
syabrubesi,191,2810,4.34060001373,2026-08-21 12:35:00+00:00,2026-08-21 18:20:00+05:45
syabrubesi,191,2810,4.30700016022,2026-08-21 12:45:00+00:00,2026-08-21 18:30:00+05:45
syabrubesi,191,2810,4.18319988251,2026-08-21 12:55:00+00:00,2026-08-21 18:40:00+05:45
syabrubesi,191,2810,4.19890022278,2026-08-21 13:05:00+00:00,2026-08-21 18:50:00+05:45
syabrubesi,191,2810,4.26560020447,2026-08-21 13:15:00+00:00,2026-08-21 19:00:00+05:45
syabrubesi,191,2810,4.21630001068,2026-08-21 13:25:00+00:00,2026-08-21 19:10:00+05:45
syabrubesi,191,2810,4.15570068359,2026-08-21 13:35:00+00:00,2026-08-21 19:20:00+05:45
syabrubesi,191,2810,4.35690021515,2026-08-21 13:45:00+00:00,2026-08-21 19:30:00+05:45
syabrubesi,191,2810,4.35570049286,2026-08-21 13:55:00+00:00,2026-08-21 19:40:00+05:45
syabrubesi,191,2810,4.36509990692,2026-08-21 14:05:00+00:00,2026-08-21 19:50:00+05:45
syabrubesi,191,2810,4.28120040894,2026-08-21 14:15:00+00:00,2026-08-21 20:00:00+05:45
syabrubesi,191,2810,4.38380050659,2026-08-21 14:25:00+00:00,2026-08-21 20:10:00+05:45
syabrubesi,191,2810,4.35869979858,2026-08-21 14:35:00+00:00,2026-08-21 20:20:00+05:45
syabrubesi,191,2810,4.26500034332,2026-08-21 14:45:00+00:00,2026-08-21 20:30:00+05:45
syabrubesi,191,2810,4.30000019073,2026-08-21 14:55:00+00:00,2026-08-21 20:40:00+05:45
syabrubesi,191,2810,4.40640068054,2026-08-21 15:05:00+00:00,2026-08-21 20:50:00+05:45
syabrubesi,191,2810,4.37320041656,2026-08-21 15:15:00+00:00,2026-08-21 21:00:00+05:45
syabrubesi,191,2810,4.47220039368,2026-08-21 15:25:00+00:00,2026-08-21 21:10:00+05:45
syabrubesi,191,2810,4.33250045776,2026-08-21 15:35:00+00:00,2026-08-21 21:20:00+05:45
syabrubesi,191,2810,4.40780067444,2026-08-21 15:45:00+00:00,2026-08-21 21:30:00+05:45
syabrubesi,191,2810,4.25759983063,2026-08-21 15:55:00+00:00,2026-08-21 21:40:00+05:45
syabrubesi,191,2810,4.35599994659,2026-08-21 16:05:00+00:00,2026-08-21 21:50:00+05:45
syabrubesi,191,2810,4.34819984436,2026-08-21 16:15:00+00:00,2026-08-21 22:00:00+05:45
syabrubesi,191,2810,4.42280006409,2026-08-21 16:25:00+00:00,2026-08-21 22:10:00+05:45
syabrubesi,191,2810,4.4203004837,2026-08-21 16:35:00+00:00,2026-08-21 22:20:00+05:45
syabrubesi,191,2810,4.32250022888,2026-08-21 16:45:00+00:00,2026-08-21 22:30:00+05:45
syabrubesi,191,2810,4.35220050812,2026-08-21 16:55:00+00:00,2026-08-21 22:40:00+05:45
syabrubesi,191,2810,4.45139980316,2026-08-21 17:05:00+00:00,2026-08-21 22:50:00+05:45
syabrubesi,191,2810,4.3734998703,2026-08-21 17:15:00+00:00,2026-08-21 23:00:00+05:45
syabrubesi,191,2810,4.27110004425,2026-08-21 17:25:00+00:00,2026-08-21 23:10:00+05:45
syabrubesi,191,2810,4.32190036774,2026-08-21 17:35:00+00:00,2026-08-21 23:20:00+05:45
syabrubesi,191,2810,4.4000005722,2026-08-21 17:45:00+00:00,2026-08-21 23:30:00+05:45
syabrubesi,191,2810,4.49070072174,2026-08-21 17:55:00+00:00,2026-08-21 23:40:00+05:45
syabrubesi,191,2810,4.37460041046,2026-08-21 18:05:00+00:00,2026-08-21 23:50:00+05:45
syabrubesi,191,2810,4.3155002594,2026-08-21 18:15:00+00:00,2026-08-22 00:00:00+05:45
syabrubesi,191,2810,4.34320068359,2026-08-21 18:25:00+00:00,2026-08-22 00:10:00+05:45
syabrubesi,191,2810,4.40080070496,2026-08-21 18:35:00+00:00,2026-08-22 00:20:00+05:45
syabrubesi,191,2810,4.43300056458,2026-08-21 18:45:00+00:00,2026-08-22 00:30:00+05:45
syabrubesi,191,2810,4.41240024567,2026-08-21 18:55:00+00:00,2026-08-22 00:40:00+05:45
syabrubesi,191,2810,4.39310073853,2026-08-21 19:05:00+00:00,2026-08-22 00:50:00+05:45
syabrubesi,191,2810,4.41100025177,2026-08-21 19:15:00+00:00,2026-08-22 01:00:00+05:45
syabrubesi,191,2810,4.40480041504,2026-08-21 19:25:00+00:00,2026-08-22 01:10:00+05:45
syabrubesi,191,2810,4.4984998703,2026-08-21 19:35:00+00:00,2026-08-22 01:20:00+05:45
syabrubesi,191,2810,4.46490001678,2026-08-21 19:45:00+00:00,2026-08-22 01:30:00+05:45
syabrubesi,191,2810,4.60239982605,2026-08-21 19:55:00+00:00,2026-08-22 01:40:00+05:45
syabrubesi,191,2810,4.56790065765,2026-08-21 20:05:00+00:00,2026-08-22 01:50:00+05:45
syabrubesi,191,2810,4.65460014343,2026-08-21 20:15:00+00:00,2026-08-22 02:00:00+05:45
syabrubesi,191,2810,4.61830043793,2026-08-21 20:25:00+00:00,2026-08-22 02:10:00+05:45
syabrubesi,191,2810,4.60449981689,2026-08-21 20:35:00+00:00,2026-08-22 02:20:00+05:45
syabrubesi,191,2810,4.64760017395,2026-08-21 20:45:00+00:00,2026-08-22 02:30:00+05:45
syabrubesi,191,2810,4.64200019836,2026-08-21 20:55:00+00:00,2026-08-22 02:40:00+05:45
syabrubesi,191,2810,4.59539985657,2026-08-21 21:05:00+00:00,2026-08-22 02:50:00+05:45
syabrubesi,191,2810,4.60060024261,2026-08-21 21:15:00+00:00,2026-08-22 03:00:00+05:45
syabrubesi,191,2810,4.54409980774,2026-08-22 00:15:00+00:00,2026-08-22 06:00:00+05:45
syabrubesi,191,2810,4.70260047913,2026-08-22 00:25:00+00:00,2026-08-22 06:10:00+05:45
syabrubesi,191,2810,4.65780067444,2026-08-22 00:35:00+00:00,2026-08-22 06:20:00+05:45
syabrubesi,191,2810,4.74470043182,2026-08-22 00:45:00+00:00,2026-08-22 06:30:00+05:45
syabrubesi,191,2810,4.66250038147,2026-08-22 00:55:00+00:00,2026-08-22 06:40:00+05:45
syabrubesi,191,2810,4.73239994049,2026-08-22 01:05:00+00:00,2026-08-22 06:50:00+05:45
syabrubesi,191,2810,4.68640041351,2026-08-22 01:15:00+00:00,2026-08-22 07:00:00+05:45
syabrubesi,191,2810,4.70030021667,2026-08-22 01:25:00+00:00,2026-08-22 07:10:00+05:45
syabrubesi,191,2810,4.64800071716,2026-08-22 01:35:00+00:00,2026-08-22 07:20:00+05:45
syabrubesi,191,2810,4.63790035248,2026-08-22 01:45:00+00:00,2026-08-22 07:30:00+05:45
syabrubesi,191,2810,4.61439990997,2026-08-22 01:55:00+00:00,2026-08-22 07:40:00+05:45
syabrubesi,191,2810,4.50660037994,2026-08-22 02:05:00+00:00,2026-08-22 07:50:00+05:45
syabrubesi,191,2810,4.60690021515,2026-08-22 02:15:00+00:00,2026-08-22 08:00:00+05:45
syabrubesi,191,2810,4.5452003479,2026-08-22 02:25:00+00:00,2026-08-22 08:10:00+05:45
syabrubesi,191,2810,4.55620002747,2026-08-22 02:35:00+00:00,2026-08-22 08:20:00+05:45
syabrubesi,191,2810,4.58450031281,2026-08-22 02:45:00+00:00,2026-08-22 08:30:00+05:45
syabrubesi,191,2810,4.64420032501,2026-08-22 02:55:00+00:00,2026-08-22 08:40:00+05:45
syabrubesi,191,2810,4.5595998764,2026-08-22 03:05:00+00:00,2026-08-22 08:50:00+05:45
syabrubesi,191,2810,4.48460006714,2026-08-22 03:15:00+00:00,2026-08-22 09:00:00+05:45
syabrubesi,191,2810,4.50489997864,2026-08-22 03:25:00+00:00,2026-08-22 09:10:00+05:45
syabrubesi,191,2810,4.52860069275,2026-08-22 03:35:00+00:00,2026-08-22 09:20:00+05:45
syabrubesi,191,2810,4.57310009003,2026-08-22 03:45:00+00:00,2026-08-22 09:30:00+05:45
syabrubesi,191,2810,4.57730007172,2026-08-22 03:55:00+00:00,2026-08-22 09:40:00+05:45
syabrubesi,191,2810,4.49359989166,2026-08-22 04:05:00+00:00,2026-08-22 09:50:00+05:45
syabrubesi,191,2810,4.5030002594,2026-08-22 04:15:00+00:00,2026-08-22 10:00:00+05:45
syabrubesi,191,2810,4.50129985809,2026-08-22 04:25:00+00:00,2026-08-22 10:10:00+05:45
syabrubesi,191,2810,4.40270042419,2026-08-22 04:35:00+00:00,2026-08-22 10:20:00+05:45
syabrubesi,191,2810,4.43109989166,2026-08-22 04:45:00+00:00,2026-08-22 10:30:00+05:45
syabrubesi,191,2810,4.2983007431,2026-08-22 04:55:00+00:00,2026-08-22 10:40:00+05:45
syabrubesi,191,2810,4.44410037994,2026-08-22 05:05:00+00:00,2026-08-22 10:50:00+05:45
syabrubesi,191,2810,4.38010025024,2026-08-22 05:15:00+00:00,2026-08-22 11:00:00+05:45
syabrubesi,191,2810,4.49440002441,2026-08-22 05:25:00+00:00,2026-08-22 11:10:00+05:45
syabrubesi,191,2810,4.37020015717,2026-08-22 05:35:00+00:00,2026-08-22 11:20:00+05:45
syabrubesi,191,2810,4.29640007019,2026-08-22 05:45:00+00:00,2026-08-22 11:30:00+05:45
syabrubesi,191,2810,4.41940021515,2026-08-22 05:55:00+00:00,2026-08-22 11:40:00+05:45
syabrubesi,191,2810,4.3200006485,2026-08-22 06:05:00+00:00,2026-08-22 11:50:00+05:45
syabrubesi,191,2810,4.34000015259,2026-08-22 06:15:00+00:00,2026-08-22 12:00:00+05:45
syabrubesi,191,2810,4.26080036163,2026-08-22 06:25:00+00:00,2026-08-22 12:10:00+05:45
syabrubesi,191,2810,4.16230010986,2026-08-22 06:35:00+00:00,2026-08-22 12:20:00+05:45
syabrubesi,191,2810,4.13580036163,2026-08-22 06:45:00+00:00,2026-08-22 12:30:00+05:45
syabrubesi,191,2810,4.13350009918,2026-08-22 06:55:00+00:00,2026-08-22 12:40:00+05:45
syabrubesi,191,2810,4.30420017242,2026-08-22 07:05:00+00:00,2026-08-22 12:50:00+05:45
syabrubesi,191,2810,4.46470069885,2026-08-22 07:15:00+00:00,2026-08-22 13:00:00+05:45
syabrubesi,191,2810,4.49740028381,2026-08-22 07:25:00+00:00,2026-08-22 13:10:00+05:45
syabrubesi,191,2810,4.3794002533,2026-08-22 07:35:00+00:00,2026-08-22 13:20:00+05:45
syabrubesi,191,2810,4.30760002136,2026-08-22 07:45:00+00:00,2026-08-22 13:30:00+05:45
syabrubesi,191,2810,4.20110034943,2026-08-22 07:55:00+00:00,2026-08-22 13:40:00+05:45
syabrubesi,191,2810,4.17380046844,2026-08-22 08:05:00+00:00,2026-08-22 13:50:00+05:45
syabrubesi,191,2810,4.13560009003,2026-08-22 08:15:00+00:00,2026-08-22 14:00:00+05:45
syabrubesi,191,2810,4.20120048523,2026-08-22 08:25:00+00:00,2026-08-22 14:10:00+05:45
syabrubesi,191,2810,4.29139995575,2026-08-22 08:35:00+00:00,2026-08-22 14:20:00+05:45
syabrubesi,191,2810,4.24030017853,2026-08-22 08:45:00+00:00,2026-08-22 14:30:00+05:45
syabrubesi,191,2810,4.34080028534,2026-08-22 08:55:00+00:00,2026-08-22 14:40:00+05:45
syabrubesi,191,2810,4.25670051575,2026-08-22 09:05:00+00:00,2026-08-22 14:50:00+05:45
syabrubesi,191,2810,4.43030071259,2026-08-22 09:15:00+00:00,2026-08-22 15:00:00+05:45
syabrubesi,191,2810,4.27060031891,2026-08-22 09:25:00+00:00,2026-08-22 15:10:00+05:45
syabrubesi,191,2810,4.3593006134,2026-08-22 09:35:00+00:00,2026-08-22 15:20:00+05:45
syabrubesi,191,2810,4.3531999588,2026-08-22 09:45:00+00:00,2026-08-22 15:30:00+05:45
syabrubesi,191,2810,4.40610027313,2026-08-22 09:55:00+00:00,2026-08-22 15:40:00+05:45
syabrubesi,191,2810,4.32200050354,2026-08-22 10:05:00+00:00,2026-08-22 15:50:00+05:45
syabrubesi,191,2810,4.32900047302,2026-08-22 10:15:00+00:00,2026-08-22 16:00:00+05:45
syabrubesi,191,2810,4.2748003006,2026-08-22 10:25:00+00:00,2026-08-22 16:10:00+05:45
syabrubesi,191,2810,4.41209983826,2026-08-22 10:35:00+00:00,2026-08-22 16:20:00+05:45
syabrubesi,191,2810,4.51329994202,2026-08-22 10:45:00+00:00,2026-08-22 16:30:00+05:45
syabrubesi,191,2810,4.37690067291,2026-08-22 10:55:00+00:00,2026-08-22 16:40:00+05:45
syabrubesi,191,2810,4.42250061035,2026-08-22 11:05:00+00:00,2026-08-22 16:50:00+05:45
syabrubesi,191,2810,4.36570072174,2026-08-22 11:15:00+00:00,2026-08-22 17:00:00+05:45
syabrubesi,191,2810,4.39400005341,2026-08-22 11:25:00+00:00,2026-08-22 17:10:00+05:45
syabrubesi,191,2810,4.45200061798,2026-08-22 11:35:00+00:00,2026-08-22 17:20:00+05:45
syabrubesi,191,2810,4.50769996643,2026-08-22 11:45:00+00:00,2026-08-22 17:30:00+05:45
syabrubesi,191,2810,4.45149993896,2026-08-22 11:55:00+00:00,2026-08-22 17:40:00+05:45
syabrubesi,191,2810,4.52510070801,2026-08-22 12:05:00+00:00,2026-08-22 17:50:00+05:45
syabrubesi,191,2810,4.50670051575,2026-08-22 12:15:00+00:00,2026-08-22 18:00:00+05:45
syabrubesi,191,2810,4.47420024872,2026-08-22 12:25:00+00:00,2026-08-22 18:10:00+05:45
syabrubesi,191,2810,4.44700050354,2026-08-22 12:35:00+00:00,2026-08-22 18:20:00+05:45
syabrubesi,191,2810,4.48060035706,2026-08-22 12:45:00+00:00,2026-08-22 18:30:00+05:45
syabrubesi,191,2810,4.38280010223,2026-08-22 12:55:00+00:00,2026-08-22 18:40:00+05:45
syabrubesi,191,2810,4.56140041351,2026-08-22 13:05:00+00:00,2026-08-22 18:50:00+05:45
syabrubesi,191,2810,4.41079998016,2026-08-22 13:15:00+00:00,2026-08-22 19:00:00+05:45
syabrubesi,191,2810,4.45440006256,2026-08-22 13:25:00+00:00,2026-08-22 19:10:00+05:45
syabrubesi,191,2810,4.5015001297,2026-08-22 13:35:00+00:00,2026-08-22 19:20:00+05:45
syabrubesi,191,2810,4.41919994354,2026-08-22 13:45:00+00:00,2026-08-22 19:30:00+05:45
syabrubesi,191,2810,4.5015001297,2026-08-22 13:55:00+00:00,2026-08-22 19:40:00+05:45
syabrubesi,191,2810,4.5265007019,2026-08-22 14:05:00+00:00,2026-08-22 19:50:00+05:45
syabrubesi,191,2810,4.49240016937,2026-08-22 14:15:00+00:00,2026-08-22 20:00:00+05:45
syabrubesi,191,2810,4.47800064087,2026-08-22 14:25:00+00:00,2026-08-22 20:10:00+05:45
syabrubesi,191,2810,4.51850032806,2026-08-22 14:35:00+00:00,2026-08-22 20:20:00+05:45
syabrubesi,191,2810,4.55700016022,2026-08-22 14:45:00+00:00,2026-08-22 20:30:00+05:45
syabrubesi,191,2810,4.44000053406,2026-08-22 14:55:00+00:00,2026-08-22 20:40:00+05:45
syabrubesi,191,2810,4.48770046234,2026-08-22 15:05:00+00:00,2026-08-22 20:50:00+05:45
syabrubesi,191,2810,4.481300354,2026-08-22 15:15:00+00:00,2026-08-22 21:00:00+05:45
syabrubesi,191,2810,4.49610042572,2026-08-22 15:25:00+00:00,2026-08-22 21:10:00+05:45
syabrubesi,191,2810,4.44610023499,2026-08-22 15:35:00+00:00,2026-08-22 21:20:00+05:45
syabrubesi,191,2810,4.51840019226,2026-08-22 15:45:00+00:00,2026-08-22 21:30:00+05:45
syabrubesi,191,2810,4.45030021667,2026-08-22 15:55:00+00:00,2026-08-22 21:40:00+05:45
syabrubesi,191,2810,4.42440032959,2026-08-22 16:05:00+00:00,2026-08-22 21:50:00+05:45
syabrubesi,191,2810,4.43300056458,2026-08-22 16:15:00+00:00,2026-08-22 22:00:00+05:45
syabrubesi,191,2810,4.49030017853,2026-08-22 16:25:00+00:00,2026-08-22 22:10:00+05:45
syabrubesi,191,2810,4.46339988708,2026-08-22 16:35:00+00:00,2026-08-22 22:20:00+05:45
syabrubesi,191,2810,4.59189987183,2026-08-22 16:45:00+00:00,2026-08-22 22:30:00+05:45
syabrubesi,191,2810,4.43590068817,2026-08-22 16:55:00+00:00,2026-08-22 22:40:00+05:45
syabrubesi,191,2810,4.45289993286,2026-08-22 17:05:00+00:00,2026-08-22 22:50:00+05:45
syabrubesi,191,2810,4.42269992828,2026-08-22 17:15:00+00:00,2026-08-22 23:00:00+05:45
syabrubesi,191,2810,4.38350009918,2026-08-22 17:25:00+00:00,2026-08-22 23:10:00+05:45
syabrubesi,191,2810,4.38070011139,2026-08-22 17:35:00+00:00,2026-08-22 23:20:00+05:45
syabrubesi,191,2810,4.49910068512,2026-08-22 17:45:00+00:00,2026-08-22 23:30:00+05:45
syabrubesi,191,2810,4.52449989319,2026-08-22 17:55:00+00:00,2026-08-22 23:40:00+05:45
syabrubesi,191,2810,4.41919994354,2026-08-22 18:05:00+00:00,2026-08-22 23:50:00+05:45
syabrubesi,191,2810,4.45700073242,2026-08-22 18:15:00+00:00,2026-08-23 00:00:00+05:45
syabrubesi,191,2810,4.35410022736,2026-08-22 18:25:00+00:00,2026-08-23 00:10:00+05:45
syabrubesi,191,2810,4.50800037384,2026-08-22 18:35:00+00:00,2026-08-23 00:20:00+05:45
syabrubesi,191,2810,4.48950004578,2026-08-22 18:45:00+00:00,2026-08-23 00:30:00+05:45
syabrubesi,191,2810,4.54990005493,2026-08-22 18:55:00+00:00,2026-08-23 00:40:00+05:45
syabrubesi,191,2810,4.58629989624,2026-08-22 19:05:00+00:00,2026-08-23 00:50:00+05:45
syabrubesi,191,2810,4.5904006958,2026-08-22 19:15:00+00:00,2026-08-23 01:00:00+05:45
syabrubesi,191,2810,4.61710071564,2026-08-22 19:25:00+00:00,2026-08-23 01:10:00+05:45
syabrubesi,191,2810,4.53050041199,2026-08-22 19:35:00+00:00,2026-08-23 01:20:00+05:45
syabrubesi,191,2810,4.50820064545,2026-08-22 19:45:00+00:00,2026-08-23 01:30:00+05:45
syabrubesi,191,2810,4.51550006866,2026-08-22 19:55:00+00:00,2026-08-23 01:40:00+05:45
syabrubesi,191,2810,4.50530052185,2026-08-22 20:05:00+00:00,2026-08-23 01:50:00+05:45
syabrubesi,191,2810,4.50979995728,2026-08-22 20:15:00+00:00,2026-08-23 02:00:00+05:45
syabrubesi,191,2810,4.57779979706,2026-08-22 20:25:00+00:00,2026-08-23 02:10:00+05:45
syabrubesi,191,2810,4.50660037994,2026-08-22 20:35:00+00:00,2026-08-23 02:20:00+05:45
syabrubesi,191,2810,4.55119991302,2026-08-22 20:45:00+00:00,2026-08-23 02:30:00+05:45
syabrubesi,191,2810,4.61420059204,2026-08-22 20:55:00+00:00,2026-08-23 02:40:00+05:45
syabrubesi,191,2810,4.49460029602,2026-08-22 21:05:00+00:00,2026-08-23 02:50:00+05:45
syabrubesi,191,2810,4.60799980164,2026-08-22 21:15:00+00:00,2026-08-23 03:00:00+05:45
syabrubesi,191,2810,4.51510047913,2026-08-22 21:25:00+00:00,2026-08-23 03:10:00+05:45
syabrubesi,191,2810,4.55410003662,2026-08-22 21:35:00+00:00,2026-08-23 03:20:00+05:45
syabrubesi,191,2810,4.63740062714,2026-08-22 21:45:00+00:00,2026-08-23 03:30:00+05:45
syabrubesi,191,2810,4.55189990997,2026-08-22 21:55:00+00:00,2026-08-23 03:40:00+05:45
syabrubesi,191,2810,4.60830020905,2026-08-22 22:05:00+00:00,2026-08-23 03:50:00+05:45
syabrubesi,191,2810,4.64660072327,2026-08-22 22:15:00+00:00,2026-08-23 04:00:00+05:45
syabrubesi,191,2810,4.5031003952,2026-08-22 22:25:00+00:00,2026-08-23 04:10:00+05:45
syabrubesi,191,2810,4.49090003967,2026-08-22 22:35:00+00:00,2026-08-23 04:20:00+05:45
syabrubesi,191,2810,4.52160072327,2026-08-22 22:45:00+00:00,2026-08-23 04:30:00+05:45
syabrubesi,191,2810,4.57400035858,2026-08-22 22:55:00+00:00,2026-08-23 04:40:00+05:45
syabrubesi,191,2810,4.55670070648,2026-08-22 23:05:00+00:00,2026-08-23 04:50:00+05:45
syabrubesi,191,2810,4.49470043182,2026-08-22 23:15:00+00:00,2026-08-23 05:00:00+05:45
syabrubesi,191,2810,4.40630054474,2026-08-22 23:25:00+00:00,2026-08-23 05:10:00+05:45
syabrubesi,191,2810,4.3938999176,2026-08-22 23:35:00+00:00,2026-08-23 05:20:00+05:45
syabrubesi,191,2810,4.57680034637,2026-08-22 23:45:00+00:00,2026-08-23 05:30:00+05:45
syabrubesi,191,2810,4.58940029144,2026-08-22 23:55:00+00:00,2026-08-23 05:40:00+05:45
syabrubesi,191,2810,4.53470039368,2026-08-23 00:05:00+00:00,2026-08-23 05:50:00+05:45
syabrubesi,191,2810,4.52379989624,2026-08-23 00:15:00+00:00,2026-08-23 06:00:00+05:45
syabrubesi,191,2810,4.47210025787,2026-08-23 00:25:00+00:00,2026-08-23 06:10:00+05:45
syabrubesi,191,2810,4.57800006866,2026-08-23 00:35:00+00:00,2026-08-23 06:20:00+05:45
syabrubesi,191,2810,4.46059989929,2026-08-23 00:45:00+00:00,2026-08-23 06:30:00+05:45
syabrubesi,191,2810,4.31160068512,2026-08-23 00:55:00+00:00,2026-08-23 06:40:00+05:45
syabrubesi,191,2810,4.48350048065,2026-08-23 01:05:00+00:00,2026-08-23 06:50:00+05:45
syabrubesi,191,2810,4.45880031586,2026-08-23 01:15:00+00:00,2026-08-23 07:00:00+05:45
syabrubesi,191,2810,4.66240024567,2026-08-23 01:25:00+00:00,2026-08-23 07:10:00+05:45
syabrubesi,191,2810,4.57530021667,2026-08-23 01:35:00+00:00,2026-08-23 07:20:00+05:45
syabrubesi,191,2810,4.39330005646,2026-08-23 01:45:00+00:00,2026-08-23 07:30:00+05:45
syabrubesi,191,2810,4.40560054779,2026-08-23 01:55:00+00:00,2026-08-23 07:40:00+05:45
syabrubesi,191,2810,4.51249980927,2026-08-23 02:05:00+00:00,2026-08-23 07:50:00+05:45
syabrubesi,191,2810,4.40400028229,2026-08-23 02:15:00+00:00,2026-08-23 08:00:00+05:45
syabrubesi,191,2810,4.37580013275,2026-08-23 02:25:00+00:00,2026-08-23 08:10:00+05:45
syabrubesi,191,2810,4.36290073395,2026-08-23 02:35:00+00:00,2026-08-23 08:20:00+05:45
syabrubesi,191,2810,4.45139980316,2026-08-23 02:45:00+00:00,2026-08-23 08:30:00+05:45
syabrubesi,191,2810,4.29030036926,2026-08-23 02:55:00+00:00,2026-08-23 08:40:00+05:45
syabrubesi,191,2810,4.36690044403,2026-08-23 03:05:00+00:00,2026-08-23 08:50:00+05:45
syabrubesi,191,2810,4.23910045624,2026-08-23 03:15:00+00:00,2026-08-23 09:00:00+05:45
syabrubesi,191,2810,4.33850002289,2026-08-23 03:25:00+00:00,2026-08-23 09:10:00+05:45
syabrubesi,191,2810,4.3171005249,2026-08-23 03:35:00+00:00,2026-08-23 09:20:00+05:45
syabrubesi,191,2810,4.30570030212,2026-08-23 03:45:00+00:00,2026-08-23 09:30:00+05:45
syabrubesi,191,2810,4.31830024719,2026-08-23 04:05:00+00:00,2026-08-23 09:50:00+05:45
syabrubesi,191,2810,4.2498998642,2026-08-23 04:15:00+00:00,2026-08-23 10:00:00+05:45
syabrubesi,191,2810,4.22070026398,2026-08-23 04:25:00+00:00,2026-08-23 10:10:00+05:45
syabrubesi,191,2810,4.25190067291,2026-08-23 04:35:00+00:00,2026-08-23 10:20:00+05:45
syabrubesi,191,2810,4.20980072021,2026-08-23 04:45:00+00:00,2026-08-23 10:30:00+05:45
syabrubesi,191,2810,4.16489982605,2026-08-23 04:55:00+00:00,2026-08-23 10:40:00+05:45
syabrubesi,191,2810,4.24450016022,2026-08-23 05:05:00+00:00,2026-08-23 10:50:00+05:45
syabrubesi,191,2810,4.10430049896,2026-08-23 05:15:00+00:00,2026-08-23 11:00:00+05:45
syabrubesi,191,2810,4.1482000351,2026-08-23 05:25:00+00:00,2026-08-23 11:10:00+05:45
syabrubesi,191,2810,4.22580051422,2026-08-23 05:35:00+00:00,2026-08-23 11:20:00+05:45
syabrubesi,191,2810,4.21580028534,2026-08-23 05:45:00+00:00,2026-08-23 11:30:00+05:45
syabrubesi,191,2810,4.21770000458,2026-08-23 05:55:00+00:00,2026-08-23 11:40:00+05:45
syabrubesi,191,2810,4.13560009003,2026-08-23 06:05:00+00:00,2026-08-23 11:50:00+05:45
syabrubesi,191,2810,4.15200042725,2026-08-23 06:15:00+00:00,2026-08-23 12:00:00+05:45
syabrubesi,191,2810,4.21129989624,2026-08-23 06:25:00+00:00,2026-08-23 12:10:00+05:45
syabrubesi,191,2810,4.18470001221,2026-08-23 06:35:00+00:00,2026-08-23 12:20:00+05:45
syabrubesi,191,2810,4.19250011444,2026-08-23 06:45:00+00:00,2026-08-23 12:30:00+05:45
syabrubesi,191,2810,4.08220005035,2026-08-23 06:55:00+00:00,2026-08-23 12:40:00+05:45
syabrubesi,191,2810,4.12830066681,2026-08-23 07:05:00+00:00,2026-08-23 12:50:00+05:45
syabrubesi,191,2810,4.1733007431,2026-08-23 07:15:00+00:00,2026-08-23 13:00:00+05:45
syabrubesi,191,2810,4.20980072021,2026-08-23 07:25:00+00:00,2026-08-23 13:10:00+05:45
syabrubesi,191,2810,4.21210002899,2026-08-23 07:35:00+00:00,2026-08-23 13:20:00+05:45
syabrubesi,191,2810,4.18280029297,2026-08-23 07:45:00+00:00,2026-08-23 13:30:00+05:45
syabrubesi,191,2810,4.17189979553,2026-08-23 07:55:00+00:00,2026-08-23 13:40:00+05:45
syabrubesi,191,2810,4.14640045166,2026-08-23 08:05:00+00:00,2026-08-23 13:50:00+05:45
syabrubesi,191,2810,4.24890041351,2026-08-23 08:15:00+00:00,2026-08-23 14:00:00+05:45
syabrubesi,191,2810,4.24170017242,2026-08-23 08:25:00+00:00,2026-08-23 14:10:00+05:45
syabrubesi,191,2810,4.21050071716,2026-08-23 08:35:00+00:00,2026-08-23 14:20:00+05:45
syabrubesi,191,2810,4.20240020752,2026-08-23 08:45:00+00:00,2026-08-23 14:30:00+05:45
syabrubesi,191,2810,4.25349998474,2026-08-23 08:55:00+00:00,2026-08-23 14:40:00+05:45
syabrubesi,191,2810,4.31659984589,2026-08-23 09:05:00+00:00,2026-08-23 14:50:00+05:45
syabrubesi,191,2810,4.10750007629,2026-08-23 09:15:00+00:00,2026-08-23 15:00:00+05:45
syabrubesi,191,2810,3.90579986572,2026-08-23 09:25:00+00:00,2026-08-23 15:10:00+05:45
syabrubesi,191,2810,4.27000045776,2026-08-23 09:35:00+00:00,2026-08-23 15:20:00+05:45
syabrubesi,191,2810,4.39470005035,2026-08-23 09:45:00+00:00,2026-08-23 15:30:00+05:45
syabrubesi,191,2810,4.35970020294,2026-08-23 09:55:00+00:00,2026-08-23 15:40:00+05:45
syabrubesi,191,2810,4.44550037384,2026-08-23 10:05:00+00:00,2026-08-23 15:50:00+05:45
syabrubesi,191,2810,4.46909999847,2026-08-23 10:15:00+00:00,2026-08-23 16:00:00+05:45
syabrubesi,191,2810,4.42440032959,2026-08-23 10:25:00+00:00,2026-08-23 16:10:00+05:45
syabrubesi,191,2810,4.47399997711,2026-08-23 10:35:00+00:00,2026-08-23 16:20:00+05:45
syabrubesi,191,2810,4.3999004364,2026-08-23 10:45:00+00:00,2026-08-23 16:30:00+05:45
syabrubesi,191,2810,4.35970020294,2026-08-23 10:55:00+00:00,2026-08-23 16:40:00+05:45
syabrubesi,191,2810,4.40360069275,2026-08-23 11:05:00+00:00,2026-08-23 16:50:00+05:45
syabrubesi,191,2810,4.35589981079,2026-08-23 11:15:00+00:00,2026-08-23 17:00:00+05:45
syabrubesi,191,2810,4.50960063934,2026-08-23 11:25:00+00:00,2026-08-23 17:10:00+05:45
syabrubesi,191,2810,4.53270053864,2026-08-23 11:35:00+00:00,2026-08-23 17:20:00+05:45
syabrubesi,191,2810,4.36159992218,2026-08-23 11:45:00+00:00,2026-08-23 17:30:00+05:45
syabrubesi,191,2810,4.37290000916,2026-08-23 11:55:00+00:00,2026-08-23 17:40:00+05:45
syabrubesi,191,2810,4.30760002136,2026-08-23 12:05:00+00:00,2026-08-23 17:50:00+05:45
syabrubesi,191,2810,4.43190002441,2026-08-23 12:15:00+00:00,2026-08-23 18:00:00+05:45
syabrubesi,191,2810,4.55560016632,2026-08-23 12:25:00+00:00,2026-08-23 18:10:00+05:45
syabrubesi,191,2810,4.33850002289,2026-08-23 12:35:00+00:00,2026-08-23 18:20:00+05:45
syabrubesi,191,2810,4.36670017242,2026-08-23 12:45:00+00:00,2026-08-23 18:30:00+05:45
syabrubesi,191,2810,4.43260002136,2026-08-23 12:55:00+00:00,2026-08-23 18:40:00+05:45
syabrubesi,191,2810,4.37590026855,2026-08-23 13:05:00+00:00,2026-08-23 18:50:00+05:45
syabrubesi,191,2810,4.38440036774,2026-08-23 13:15:00+00:00,2026-08-23 19:00:00+05:45
syabrubesi,191,2810,4.41830062866,2026-08-23 13:25:00+00:00,2026-08-23 19:10:00+05:45
syabrubesi,191,2810,4.37860012054,2026-08-23 13:35:00+00:00,2026-08-23 19:20:00+05:45
syabrubesi,191,2810,4.55060005188,2026-08-23 13:45:00+00:00,2026-08-23 19:30:00+05:45
syabrubesi,191,2810,4.49350070953,2026-08-23 13:55:00+00:00,2026-08-23 19:40:00+05:45
syabrubesi,191,2810,4.43790054321,2026-08-23 14:05:00+00:00,2026-08-23 19:50:00+05:45
syabrubesi,191,2810,4.50390052795,2026-08-23 14:15:00+00:00,2026-08-23 20:00:00+05:45
syabrubesi,191,2810,4.60010051727,2026-08-23 14:25:00+00:00,2026-08-23 20:10:00+05:45
syabrubesi,191,2810,4.49810028076,2026-08-23 14:35:00+00:00,2026-08-23 20:20:00+05:45
syabrubesi,191,2810,4.44840049744,2026-08-23 14:45:00+00:00,2026-08-23 20:30:00+05:45
syabrubesi,191,2810,4.4231004715,2026-08-23 14:55:00+00:00,2026-08-23 20:40:00+05:45
syabrubesi,191,2810,4.42520046234,2026-08-23 15:05:00+00:00,2026-08-23 20:50:00+05:45
syabrubesi,191,2810,4.59490013123,2026-08-23 15:15:00+00:00,2026-08-23 21:00:00+05:45
syabrubesi,191,2810,4.5859003067,2026-08-23 15:25:00+00:00,2026-08-23 21:10:00+05:45
syabrubesi,191,2810,4.64109992981,2026-08-23 15:35:00+00:00,2026-08-23 21:20:00+05:45
syabrubesi,191,2810,4.58330059052,2026-08-23 15:45:00+00:00,2026-08-23 21:30:00+05:45
syabrubesi,191,2810,4.54850006104,2026-08-23 15:55:00+00:00,2026-08-23 21:40:00+05:45
syabrubesi,191,2810,4.46969985962,2026-08-23 16:05:00+00:00,2026-08-23 21:50:00+05:45
syabrubesi,191,2810,4.54979991913,2026-08-23 16:15:00+00:00,2026-08-23 22:00:00+05:45
syabrubesi,191,2810,4.49340057373,2026-08-23 16:25:00+00:00,2026-08-23 22:10:00+05:45
syabrubesi,191,2810,4.49359989166,2026-08-23 16:35:00+00:00,2026-08-23 22:20:00+05:45
syabrubesi,191,2810,4.54689979553,2026-08-23 16:45:00+00:00,2026-08-23 22:30:00+05:45
syabrubesi,191,2810,4.47520065308,2026-08-23 16:55:00+00:00,2026-08-23 22:40:00+05:45
syabrubesi,191,2810,4.5001001358,2026-08-23 17:05:00+00:00,2026-08-23 22:50:00+05:45
syabrubesi,191,2810,4.55070018768,2026-08-23 17:15:00+00:00,2026-08-23 23:00:00+05:45
syabrubesi,191,2810,4.5016002655,2026-08-23 17:25:00+00:00,2026-08-23 23:10:00+05:45
syabrubesi,191,2810,4.45530033112,2026-08-23 17:35:00+00:00,2026-08-23 23:20:00+05:45
syabrubesi,191,2810,4.54419994354,2026-08-23 17:45:00+00:00,2026-08-23 23:30:00+05:45
syabrubesi,191,2810,4.43690013885,2026-08-23 17:55:00+00:00,2026-08-23 23:40:00+05:45
syabrubesi,191,2810,4.4609003067,2026-08-23 18:05:00+00:00,2026-08-23 23:50:00+05:45
syabrubesi,191,2810,4.53070068359,2026-08-23 18:15:00+00:00,2026-08-24 00:00:00+05:45
syabrubesi,191,2810,4.50339984894,2026-08-23 18:25:00+00:00,2026-08-24 00:10:00+05:45
syabrubesi,191,2810,4.51249980927,2026-08-23 18:35:00+00:00,2026-08-24 00:20:00+05:45
syabrubesi,191,2810,4.43990039825,2026-08-23 18:45:00+00:00,2026-08-24 00:30:00+05:45
syabrubesi,191,2810,4.40799999237,2026-08-23 18:55:00+00:00,2026-08-24 00:40:00+05:45
syabrubesi,191,2810,4.50260066986,2026-08-23 19:05:00+00:00,2026-08-24 00:50:00+05:45
syabrubesi,191,2810,4.45250034332,2026-08-23 19:15:00+00:00,2026-08-24 01:00:00+05:45
syabrubesi,191,2810,4.45740032196,2026-08-23 19:25:00+00:00,2026-08-24 01:10:00+05:45
syabrubesi,191,2810,4.49160003662,2026-08-23 19:35:00+00:00,2026-08-24 01:20:00+05:45
syabrubesi,191,2810,4.43640041351,2026-08-23 19:45:00+00:00,2026-08-24 01:30:00+05:45
syabrubesi,191,2810,4.33160018921,2026-08-23 19:55:00+00:00,2026-08-24 01:40:00+05:45
syabrubesi,191,2810,4.53159999847,2026-08-23 20:05:00+00:00,2026-08-24 01:50:00+05:45
syabrubesi,191,2810,4.35980033875,2026-08-23 20:15:00+00:00,2026-08-24 02:00:00+05:45
syabrubesi,191,2810,4.37279987335,2026-08-23 20:25:00+00:00,2026-08-24 02:10:00+05:45
syabrubesi,191,2810,4.4029006958,2026-08-23 20:35:00+00:00,2026-08-24 02:20:00+05:45
syabrubesi,191,2810,4.45209980011,2026-08-23 20:45:00+00:00,2026-08-24 02:30:00+05:45
syabrubesi,191,2810,4.41680049896,2026-08-23 20:55:00+00:00,2026-08-24 02:40:00+05:45
syabrubesi,191,2810,4.34920024872,2026-08-23 21:05:00+00:00,2026-08-24 02:50:00+05:45
syabrubesi,191,2810,4.26880073547,2026-08-23 21:15:00+00:00,2026-08-24 03:00:00+05:45
syabrubesi,191,2810,4.30530071259,2026-08-23 21:25:00+00:00,2026-08-24 03:10:00+05:45
syabrubesi,191,2810,4.34140014648,2026-08-23 21:35:00+00:00,2026-08-24 03:20:00+05:45
syabrubesi,191,2810,4.24730014801,2026-08-23 21:45:00+00:00,2026-08-24 03:30:00+05:45
syabrubesi,191,2810,4.36180019379,2026-08-23 21:55:00+00:00,2026-08-24 03:40:00+05:45
syabrubesi,191,2810,4.28520011902,2026-08-23 22:05:00+00:00,2026-08-24 03:50:00+05:45
syabrubesi,191,2810,4.21899986267,2026-08-23 22:15:00+00:00,2026-08-24 04:00:00+05:45
syabrubesi,191,2810,4.34290027618,2026-08-23 22:25:00+00:00,2026-08-24 04:10:00+05:45
syabrubesi,191,2810,4.32870006561,2026-08-23 22:35:00+00:00,2026-08-24 04:20:00+05:45
syabrubesi,191,2810,4.18630027771,2026-08-23 22:45:00+00:00,2026-08-24 04:30:00+05:45
syabrubesi,191,2810,4.24270057678,2026-08-23 22:55:00+00:00,2026-08-24 04:40:00+05:45
syabrubesi,191,2810,4.20510005951,2026-08-23 23:05:00+00:00,2026-08-24 04:50:00+05:45
syabrubesi,191,2810,4.24100017548,2026-08-23 23:15:00+00:00,2026-08-24 05:00:00+05:45
syabrubesi,191,2810,4.21940040588,2026-08-23 23:25:00+00:00,2026-08-24 05:10:00+05:45
syabrubesi,191,2810,4.15640068054,2026-08-23 23:35:00+00:00,2026-08-24 05:20:00+05:45
syabrubesi,191,2810,4.23690032959,2026-08-23 23:45:00+00:00,2026-08-24 05:30:00+05:45
syabrubesi,191,2810,4.24630069733,2026-08-23 23:55:00+00:00,2026-08-24 05:40:00+05:45
syabrubesi,191,2810,4.2529001236,2026-08-24 00:05:00+00:00,2026-08-24 05:50:00+05:45
syabrubesi,191,2810,4.2107000351,2026-08-24 00:15:00+00:00,2026-08-24 06:00:00+05:45
syabrubesi,191,2810,4.08320045471,2026-08-24 00:25:00+00:00,2026-08-24 06:10:00+05:45
syabrubesi,191,2810,4.05320072174,2026-08-24 00:35:00+00:00,2026-08-24 06:20:00+05:45
syabrubesi,191,2810,4.11859989166,2026-08-24 00:45:00+00:00,2026-08-24 06:30:00+05:45
syabrubesi,191,2810,4.15770053864,2026-08-24 00:55:00+00:00,2026-08-24 06:40:00+05:45
syabrubesi,191,2810,4.15820026398,2026-08-24 01:05:00+00:00,2026-08-24 06:50:00+05:45
syabrubesi,191,2810,4.10970020294,2026-08-24 01:15:00+00:00,2026-08-24 07:00:00+05:45
syabrubesi,191,2810,4.13399982452,2026-08-24 01:25:00+00:00,2026-08-24 07:10:00+05:45
syabrubesi,191,2810,4.15740013123,2026-08-24 01:35:00+00:00,2026-08-24 07:20:00+05:45
syabrubesi,191,2810,4.16100025177,2026-08-24 01:45:00+00:00,2026-08-24 07:30:00+05:45
syabrubesi,191,2810,4.20429992676,2026-08-24 01:55:00+00:00,2026-08-24 07:40:00+05:45
syabrubesi,191,2810,4.09119987488,2026-08-24 02:05:00+00:00,2026-08-24 07:50:00+05:45
syabrubesi,191,2810,4.06659984589,2026-08-24 02:15:00+00:00,2026-08-24 08:00:00+05:45
syabrubesi,191,2810,4.12989997864,2026-08-24 02:25:00+00:00,2026-08-24 08:10:00+05:45
syabrubesi,191,2810,4.13860034943,2026-08-24 02:35:00+00:00,2026-08-24 08:20:00+05:45
syabrubesi,191,2810,4.13430023193,2026-08-24 02:45:00+00:00,2026-08-24 08:30:00+05:45
syabrubesi,191,2810,4.01090049744,2026-08-24 02:55:00+00:00,2026-08-24 08:40:00+05:45
syabrubesi,191,2810,4.03989982605,2026-08-24 03:05:00+00:00,2026-08-24 08:50:00+05:45
syabrubesi,191,2810,4.1656999588,2026-08-24 03:15:00+00:00,2026-08-24 09:00:00+05:45
syabrubesi,191,2810,4.0671005249,2026-08-24 03:25:00+00:00,2026-08-24 09:10:00+05:45
syabrubesi,191,2810,3.9639005661,2026-08-24 03:35:00+00:00,2026-08-24 09:20:00+05:45
syabrubesi,191,2810,3.86940002441,2026-08-24 03:45:00+00:00,2026-08-24 09:30:00+05:45
syabrubesi,191,2810,4.01420021057,2026-08-24 03:55:00+00:00,2026-08-24 09:40:00+05:45
syabrubesi,191,2810,3.99680042267,2026-08-24 04:05:00+00:00,2026-08-24 09:50:00+05:45
syabrubesi,191,2810,3.94810009003,2026-08-24 04:15:00+00:00,2026-08-24 10:00:00+05:45
syabrubesi,191,2810,3.93179988861,2026-08-24 04:25:00+00:00,2026-08-24 10:10:00+05:45
syabrubesi,191,2810,4.00360012054,2026-08-24 04:35:00+00:00,2026-08-24 10:20:00+05:45
syabrubesi,191,2810,3.86990070343,2026-08-24 04:45:00+00:00,2026-08-24 10:30:00+05:45
syabrubesi,191,2810,3.86990070343,2026-08-24 04:55:00+00:00,2026-08-24 10:40:00+05:45
syabrubesi,191,2810,3.86999988556,2026-08-24 05:05:00+00:00,2026-08-24 10:50:00+05:45
syabrubesi,191,2810,3.75489997864,2026-08-24 05:15:00+00:00,2026-08-24 11:00:00+05:45
syabrubesi,191,2810,3.69140052795,2026-08-24 05:25:00+00:00,2026-08-24 11:10:00+05:45
syabrubesi,191,2810,3.82890033722,2026-08-24 05:35:00+00:00,2026-08-24 11:20:00+05:45
syabrubesi,191,2810,4.17400074005,2026-08-24 05:45:00+00:00,2026-08-24 11:30:00+05:45
syabrubesi,191,2810,4.01620006561,2026-08-24 05:55:00+00:00,2026-08-24 11:40:00+05:45
syabrubesi,191,2810,4.01539993286,2026-08-24 06:05:00+00:00,2026-08-24 11:50:00+05:45
syabrubesi,191,2810,3.9390001297,2026-08-24 06:15:00+00:00,2026-08-24 12:00:00+05:45
syabrubesi,191,2810,3.93319988251,2026-08-24 06:25:00+00:00,2026-08-24 12:10:00+05:45
syabrubesi,191,2810,3.95330047607,2026-08-24 06:35:00+00:00,2026-08-24 12:20:00+05:45
syabrubesi,191,2810,4.11900043488,2026-08-24 06:45:00+00:00,2026-08-24 12:30:00+05:45
syabrubesi,191,2810,3.93039989471,2026-08-24 06:55:00+00:00,2026-08-24 12:40:00+05:45
syabrubesi,191,2810,4.06529998779,2026-08-24 07:05:00+00:00,2026-08-24 12:50:00+05:45
syabrubesi,191,2810,3.75870037079,2026-08-24 07:15:00+00:00,2026-08-24 13:00:00+05:45
syabrubesi,191,2810,3.82210063934,2026-08-24 07:25:00+00:00,2026-08-24 13:10:00+05:45
syabrubesi,191,2810,4.10599994659,2026-08-24 07:35:00+00:00,2026-08-24 13:20:00+05:45
syabrubesi,191,2810,4.07240009308,2026-08-24 07:45:00+00:00,2026-08-24 13:30:00+05:45
syabrubesi,191,2810,4.05530071259,2026-08-24 07:55:00+00:00,2026-08-24 13:40:00+05:45
syabrubesi,191,2810,3.92119979858,2026-08-24 08:05:00+00:00,2026-08-24 13:50:00+05:45
syabrubesi,191,2810,4.03369998932,2026-08-24 08:15:00+00:00,2026-08-24 14:00:00+05:45
syabrubesi,191,2810,4.06630039215,2026-08-24 08:25:00+00:00,2026-08-24 14:10:00+05:45
syabrubesi,191,2810,3.99050045013,2026-08-24 08:35:00+00:00,2026-08-24 14:20:00+05:45
syabrubesi,191,2810,3.9609003067,2026-08-24 08:45:00+00:00,2026-08-24 14:30:00+05:45
syabrubesi,191,2810,3.99130058289,2026-08-24 08:55:00+00:00,2026-08-24 14:40:00+05:45
syabrubesi,191,2810,4.01710033417,2026-08-24 09:05:00+00:00,2026-08-24 14:50:00+05:45
syabrubesi,191,2810,4.05550003052,2026-08-24 09:15:00+00:00,2026-08-24 15:00:00+05:45
syabrubesi,191,2810,4.06529998779,2026-08-24 09:25:00+00:00,2026-08-24 15:10:00+05:45
syabrubesi,191,2810,4.0452003479,2026-08-24 09:35:00+00:00,2026-08-24 15:20:00+05:45
syabrubesi,191,2810,4.04940032959,2026-08-24 09:45:00+00:00,2026-08-24 15:30:00+05:45
syabrubesi,191,2810,4.08209991455,2026-08-24 09:55:00+00:00,2026-08-24 15:40:00+05:45
syabrubesi,191,2810,3.96140003204,2026-08-24 10:05:00+00:00,2026-08-24 15:50:00+05:45
syabrubesi,191,2810,4.0188999176,2026-08-24 10:15:00+00:00,2026-08-24 16:00:00+05:45
syabrubesi,191,2810,4.05910015106,2026-08-24 10:25:00+00:00,2026-08-24 16:10:00+05:45
syabrubesi,191,2810,4.20490074158,2026-08-24 10:35:00+00:00,2026-08-24 16:20:00+05:45
syabrubesi,191,2810,4.1236000061,2026-08-24 10:45:00+00:00,2026-08-24 16:30:00+05:45
syabrubesi,191,2810,4.08090019226,2026-08-24 10:55:00+00:00,2026-08-24 16:40:00+05:45
syabrubesi,191,2810,4.08220005035,2026-08-24 11:05:00+00:00,2026-08-24 16:50:00+05:45
syabrubesi,191,2810,4.16510009766,2026-08-24 11:15:00+00:00,2026-08-24 17:00:00+05:45
syabrubesi,191,2810,4.1500005722,2026-08-24 11:25:00+00:00,2026-08-24 17:10:00+05:45
syabrubesi,191,2810,4.22380065918,2026-08-24 11:35:00+00:00,2026-08-24 17:20:00+05:45
syabrubesi,191,2810,4.15560054779,2026-08-24 11:45:00+00:00,2026-08-24 17:30:00+05:45
syabrubesi,191,2810,4.27130031586,2026-08-24 11:55:00+00:00,2026-08-24 17:40:00+05:45
syabrubesi,191,2810,4.12779998779,2026-08-24 12:05:00+00:00,2026-08-24 17:50:00+05:45
syabrubesi,191,2810,4.09350013733,2026-08-24 12:15:00+00:00,2026-08-24 18:00:00+05:45
syabrubesi,191,2810,4.11170005798,2026-08-24 12:25:00+00:00,2026-08-24 18:10:00+05:45
syabrubesi,191,2810,4.16040039062,2026-08-24 12:35:00+00:00,2026-08-24 18:20:00+05:45
syabrubesi,191,2810,4.15719985962,2026-08-24 12:45:00+00:00,2026-08-24 18:30:00+05:45
syabrubesi,191,2810,4.19159984589,2026-08-24 12:55:00+00:00,2026-08-24 18:40:00+05:45
syabrubesi,191,2810,4.25699996948,2026-08-24 13:05:00+00:00,2026-08-24 18:50:00+05:45
syabrubesi,191,2810,4.07509994507,2026-08-24 13:15:00+00:00,2026-08-24 19:00:00+05:45
syabrubesi,191,2810,4.16240024567,2026-08-24 13:25:00+00:00,2026-08-24 19:10:00+05:45
syabrubesi,191,2810,4.18780040741,2026-08-24 13:35:00+00:00,2026-08-24 19:20:00+05:45
syabrubesi,191,2810,4.20510005951,2026-08-24 13:45:00+00:00,2026-08-24 19:30:00+05:45
syabrubesi,191,2810,4.26630020142,2026-08-24 13:55:00+00:00,2026-08-24 19:40:00+05:45
syabrubesi,191,2810,4.17750072479,2026-08-24 14:05:00+00:00,2026-08-24 19:50:00+05:45
syabrubesi,191,2810,4.19589996338,2026-08-24 14:15:00+00:00,2026-08-24 20:00:00+05:45
syabrubesi,191,2810,4.21020030975,2026-08-24 14:25:00+00:00,2026-08-24 20:10:00+05:45
syabrubesi,191,2810,4.22940063477,2026-08-24 14:35:00+00:00,2026-08-24 20:20:00+05:45
syabrubesi,191,2810,4.1670999527,2026-08-24 14:45:00+00:00,2026-08-24 20:30:00+05:45
syabrubesi,191,2810,4.25419998169,2026-08-24 14:55:00+00:00,2026-08-24 20:40:00+05:45
syabrubesi,191,2810,4.28700065613,2026-08-24 15:05:00+00:00,2026-08-24 20:50:00+05:45
syabrubesi,191,2810,4.28569984436,2026-08-24 15:15:00+00:00,2026-08-24 21:00:00+05:45
syabrubesi,191,2810,4.18060016632,2026-08-24 15:25:00+00:00,2026-08-24 21:10:00+05:45
syabrubesi,191,2810,4.19659996033,2026-08-24 15:35:00+00:00,2026-08-24 21:20:00+05:45
syabrubesi,191,2810,4.23010063171,2026-08-24 15:45:00+00:00,2026-08-24 21:30:00+05:45
syabrubesi,191,2810,4.22300052643,2026-08-24 15:55:00+00:00,2026-08-24 21:40:00+05:45
syabrubesi,191,2810,4.24800014496,2026-08-24 16:05:00+00:00,2026-08-24 21:50:00+05:45
syabrubesi,191,2810,4.17990016937,2026-08-24 16:15:00+00:00,2026-08-24 22:00:00+05:45
syabrubesi,191,2810,4.22109985352,2026-08-24 16:25:00+00:00,2026-08-24 22:10:00+05:45
syabrubesi,191,2810,4.17300033569,2026-08-24 16:35:00+00:00,2026-08-24 22:20:00+05:45
syabrubesi,191,2810,4.27210044861,2026-08-24 16:45:00+00:00,2026-08-24 22:30:00+05:45
syabrubesi,191,2810,4.24289989471,2026-08-24 16:55:00+00:00,2026-08-24 22:40:00+05:45
syabrubesi,191,2810,4.28100013733,2026-08-24 17:05:00+00:00,2026-08-24 22:50:00+05:45
syabrubesi,191,2810,4.16470050812,2026-08-24 17:15:00+00:00,2026-08-24 23:00:00+05:45
syabrubesi,191,2810,4.12130069733,2026-08-24 17:25:00+00:00,2026-08-24 23:10:00+05:45
syabrubesi,191,2810,4.12139987946,2026-08-24 17:35:00+00:00,2026-08-24 23:20:00+05:45
syabrubesi,191,2810,4.11470031738,2026-08-24 17:45:00+00:00,2026-08-24 23:30:00+05:45
syabrubesi,191,2810,4.19280052185,2026-08-24 17:55:00+00:00,2026-08-24 23:40:00+05:45
syabrubesi,191,2810,4.15100002289,2026-08-24 18:05:00+00:00,2026-08-24 23:50:00+05:45
syabrubesi,191,2810,4.26990032196,2026-08-24 18:15:00+00:00,2026-08-25 00:00:00+05:45
syabrubesi,191,2810,4.26650047302,2026-08-24 18:25:00+00:00,2026-08-25 00:10:00+05:45
syabrubesi,191,2810,4.29689979553,2026-08-24 18:35:00+00:00,2026-08-25 00:20:00+05:45
syabrubesi,191,2810,4.17440032959,2026-08-24 18:45:00+00:00,2026-08-25 00:30:00+05:45
syabrubesi,191,2810,4.21880054474,2026-08-24 18:55:00+00:00,2026-08-25 00:40:00+05:45
syabrubesi,191,2810,4.22080039978,2026-08-24 19:05:00+00:00,2026-08-25 00:50:00+05:45
syabrubesi,191,2810,4.26440048218,2026-08-24 19:15:00+00:00,2026-08-25 01:00:00+05:45
syabrubesi,191,2810,4.34290027618,2026-08-24 19:25:00+00:00,2026-08-25 01:10:00+05:45
syabrubesi,191,2810,4.19540023804,2026-08-24 19:35:00+00:00,2026-08-25 01:20:00+05:45
syabrubesi,191,2810,4.21470069885,2026-08-24 19:45:00+00:00,2026-08-25 01:30:00+05:45
syabrubesi,191,2810,4.24650001526,2026-08-24 19:55:00+00:00,2026-08-25 01:40:00+05:45
syabrubesi,191,2810,4.31680011749,2026-08-24 20:05:00+00:00,2026-08-25 01:50:00+05:45
syabrubesi,191,2810,4.22870063782,2026-08-24 20:15:00+00:00,2026-08-25 02:00:00+05:45
syabrubesi,191,2810,4.26200008392,2026-08-24 20:25:00+00:00,2026-08-25 02:10:00+05:45
syabrubesi,191,2810,4.15880012512,2026-08-24 20:35:00+00:00,2026-08-25 02:20:00+05:45
syabrubesi,191,2810,4.22039985657,2026-08-24 20:45:00+00:00,2026-08-25 02:30:00+05:45
syabrubesi,191,2810,4.16219997406,2026-08-24 20:55:00+00:00,2026-08-25 02:40:00+05:45
syabrubesi,191,2810,4.0264005661,2026-08-24 21:05:00+00:00,2026-08-25 02:50:00+05:45
syabrubesi,191,2810,4.06980037689,2026-08-24 21:15:00+00:00,2026-08-25 03:00:00+05:45
syabrubesi,191,2810,4.25950050354,2026-08-24 21:25:00+00:00,2026-08-25 03:10:00+05:45
syabrubesi,191,2810,4.16340065002,2026-08-24 21:35:00+00:00,2026-08-25 03:20:00+05:45
syabrubesi,191,2810,4.2545003891,2026-08-24 21:45:00+00:00,2026-08-25 03:30:00+05:45
syabrubesi,191,2810,4.18100070953,2026-08-24 21:55:00+00:00,2026-08-25 03:40:00+05:45
syabrubesi,191,2810,4.08410072327,2026-08-24 22:05:00+00:00,2026-08-25 03:50:00+05:45
syabrubesi,191,2810,4.17070007324,2026-08-24 22:15:00+00:00,2026-08-25 04:00:00+05:45
syabrubesi,191,2810,4.20989990234,2026-08-24 22:25:00+00:00,2026-08-25 04:10:00+05:45
syabrubesi,191,2810,4.15120029449,2026-08-24 22:35:00+00:00,2026-08-25 04:20:00+05:45
syabrubesi,191,2810,4.05970001221,2026-08-24 22:45:00+00:00,2026-08-25 04:30:00+05:45
syabrubesi,191,2810,4.05660057068,2026-08-24 22:55:00+00:00,2026-08-25 04:40:00+05:45
syabrubesi,191,2810,4.15530014038,2026-08-24 23:05:00+00:00,2026-08-25 04:50:00+05:45
syabrubesi,191,2810,4.11840057373,2026-08-24 23:15:00+00:00,2026-08-25 05:00:00+05:45
syabrubesi,191,2810,4.04400062561,2026-08-24 23:25:00+00:00,2026-08-25 05:10:00+05:45
syabrubesi,191,2810,4.05660057068,2026-08-24 23:35:00+00:00,2026-08-25 05:20:00+05:45
syabrubesi,191,2810,4.13630008698,2026-08-24 23:45:00+00:00,2026-08-25 05:30:00+05:45
syabrubesi,191,2810,4.11159992218,2026-08-24 23:55:00+00:00,2026-08-25 05:40:00+05:45
syabrubesi,191,2810,4.09759998322,2026-08-25 00:05:00+00:00,2026-08-25 05:50:00+05:45
syabrubesi,191,2810,4.05500030518,2026-08-25 00:15:00+00:00,2026-08-25 06:00:00+05:45
syabrubesi,191,2810,4.08520030975,2026-08-25 00:25:00+00:00,2026-08-25 06:10:00+05:45
syabrubesi,191,2810,3.98850059509,2026-08-25 00:35:00+00:00,2026-08-25 06:20:00+05:45
syabrubesi,191,2810,3.85270023346,2026-08-25 00:45:00+00:00,2026-08-25 06:30:00+05:45
syabrubesi,191,2810,3.84290027618,2026-08-25 00:55:00+00:00,2026-08-25 06:40:00+05:45
syabrubesi,191,2810,3.88790035248,2026-08-25 01:05:00+00:00,2026-08-25 06:50:00+05:45
syabrubesi,191,2810,4.30410003662,2026-08-25 01:15:00+00:00,2026-08-25 07:00:00+05:45
syabrubesi,191,2810,4.15299987793,2026-08-25 01:25:00+00:00,2026-08-25 07:10:00+05:45
syabrubesi,191,2810,4.10430049896,2026-08-25 01:35:00+00:00,2026-08-25 07:20:00+05:45
syabrubesi,191,2810,3.9998998642,2026-08-25 01:45:00+00:00,2026-08-25 07:30:00+05:45
syabrubesi,191,2810,4.10290050507,2026-08-25 01:55:00+00:00,2026-08-25 07:40:00+05:45
syabrubesi,191,2810,4.01700019836,2026-08-25 02:05:00+00:00,2026-08-25 07:50:00+05:45
syabrubesi,191,2810,4.01329994202,2026-08-25 02:15:00+00:00,2026-08-25 08:00:00+05:45
syabrubesi,191,2810,4.09030056,2026-08-25 02:25:00+00:00,2026-08-25 08:10:00+05:45
syabrubesi,191,2810,4.0249004364,2026-08-25 02:35:00+00:00,2026-08-25 08:20:00+05:45
syabrubesi,191,2810,3.85570049286,2026-08-25 02:45:00+00:00,2026-08-25 08:30:00+05:45
syabrubesi,191,2810,3.69019985199,2026-08-25 02:55:00+00:00,2026-08-25 08:40:00+05:45
syabrubesi,191,2810,3.91499996185,2026-08-25 03:05:00+00:00,2026-08-25 08:50:00+05:45
syabrubesi,191,2810,3.97160053253,2026-08-25 03:15:00+00:00,2026-08-25 09:00:00+05:45
syabrubesi,191,2810,4.01140022278,2026-08-25 03:25:00+00:00,2026-08-25 09:10:00+05:45
syabrubesi,191,2810,4.06280040741,2026-08-25 03:35:00+00:00,2026-08-25 09:20:00+05:45
syabrubesi,191,2810,3.95090007782,2026-08-25 03:45:00+00:00,2026-08-25 09:30:00+05:45
syabrubesi,191,2810,4.16090011597,2026-08-25 03:55:00+00:00,2026-08-25 09:40:00+05:45
syabrubesi,191,2810,4.01310062408,2026-08-25 04:05:00+00:00,2026-08-25 09:50:00+05:45
syabrubesi,191,2810,3.90890026093,2026-08-25 04:15:00+00:00,2026-08-25 10:00:00+05:45
syabrubesi,191,2810,3.83040046692,2026-08-25 04:25:00+00:00,2026-08-25 10:10:00+05:45
syabrubesi,191,2810,3.71759986877,2026-08-25 04:35:00+00:00,2026-08-25 10:20:00+05:45
syabrubesi,191,2810,3.85490036011,2026-08-25 04:45:00+00:00,2026-08-25 10:30:00+05:45
syabrubesi,191,2810,3.83870029449,2026-08-25 04:55:00+00:00,2026-08-25 10:40:00+05:45
syabrubesi,191,2810,3.90620040894,2026-08-25 05:05:00+00:00,2026-08-25 10:50:00+05:45
syabrubesi,191,2810,3.90999984741,2026-08-25 05:15:00+00:00,2026-08-25 11:00:00+05:45
syabrubesi,191,2810,3.87930011749,2026-08-25 05:25:00+00:00,2026-08-25 11:10:00+05:45
syabrubesi,191,2810,3.82779979706,2026-08-25 05:35:00+00:00,2026-08-25 11:20:00+05:45
syabrubesi,191,2810,3.84980010986,2026-08-25 05:45:00+00:00,2026-08-25 11:30:00+05:45
syabrubesi,191,2810,3.82050037384,2026-08-25 05:55:00+00:00,2026-08-25 11:40:00+05:45
syabrubesi,191,2810,3.78550052643,2026-08-25 06:05:00+00:00,2026-08-25 11:50:00+05:45
syabrubesi,191,2810,3.88469982147,2026-08-25 06:15:00+00:00,2026-08-25 12:00:00+05:45
syabrubesi,191,2810,3.82740020752,2026-08-25 06:25:00+00:00,2026-08-25 12:10:00+05:45
syabrubesi,191,2810,3.97440052032,2026-08-25 06:35:00+00:00,2026-08-25 12:20:00+05:45
syabrubesi,191,2810,3.74200057983,2026-08-25 06:45:00+00:00,2026-08-25 12:30:00+05:45
syabrubesi,191,2810,3.84000015259,2026-08-25 06:55:00+00:00,2026-08-25 12:40:00+05:45
syabrubesi,191,2810,3.84460067749,2026-08-25 07:05:00+00:00,2026-08-25 12:50:00+05:45
syabrubesi,191,2810,3.7892999649,2026-08-25 07:15:00+00:00,2026-08-25 13:00:00+05:45
syabrubesi,191,2810,3.84010028839,2026-08-25 07:25:00+00:00,2026-08-25 13:10:00+05:45
syabrubesi,191,2810,3.86180019379,2026-08-25 07:35:00+00:00,2026-08-25 13:20:00+05:45
syabrubesi,191,2810,3.76990032196,2026-08-25 07:45:00+00:00,2026-08-25 13:30:00+05:45
syabrubesi,191,2810,3.87740039825,2026-08-25 07:55:00+00:00,2026-08-25 13:40:00+05:45
syabrubesi,191,2810,3.92059993744,2026-08-25 08:05:00+00:00,2026-08-25 13:50:00+05:45
syabrubesi,191,2810,3.87380027771,2026-08-25 08:15:00+00:00,2026-08-25 14:00:00+05:45
syabrubesi,191,2810,3.83220005035,2026-08-25 08:25:00+00:00,2026-08-25 14:10:00+05:45
syabrubesi,191,2810,3.82840061188,2026-08-25 08:35:00+00:00,2026-08-25 14:20:00+05:45
syabrubesi,191,2810,3.75400066376,2026-08-25 08:45:00+00:00,2026-08-25 14:30:00+05:45
syabrubesi,191,2810,3.92269992828,2026-08-25 08:55:00+00:00,2026-08-25 14:40:00+05:45
syabrubesi,191,2810,3.97760009766,2026-08-25 09:05:00+00:00,2026-08-25 14:50:00+05:45
syabrubesi,191,2810,3.82550048828,2026-08-25 09:15:00+00:00,2026-08-25 15:00:00+05:45
syabrubesi,191,2810,3.92560005188,2026-08-25 09:25:00+00:00,2026-08-25 15:10:00+05:45
syabrubesi,191,2810,3.95230007172,2026-08-25 09:35:00+00:00,2026-08-25 15:20:00+05:45
syabrubesi,191,2810,3.91800022125,2026-08-25 09:45:00+00:00,2026-08-25 15:30:00+05:45
syabrubesi,191,2810,3.95400047302,2026-08-25 09:55:00+00:00,2026-08-25 15:40:00+05:45
syabrubesi,191,2810,3.94250011444,2026-08-25 10:05:00+00:00,2026-08-25 15:50:00+05:45
syabrubesi,191,2810,3.96560001373,2026-08-25 10:15:00+00:00,2026-08-25 16:00:00+05:45
syabrubesi,191,2810,3.97570037842,2026-08-25 10:25:00+00:00,2026-08-25 16:10:00+05:45
syabrubesi,191,2810,3.97080039978,2026-08-25 10:35:00+00:00,2026-08-25 16:20:00+05:45
syabrubesi,191,2810,4.03900051117,2026-08-25 10:45:00+00:00,2026-08-25 16:30:00+05:45
syabrubesi,191,2810,4.00549983978,2026-08-25 10:55:00+00:00,2026-08-25 16:40:00+05:45
syabrubesi,191,2810,3.93140029907,2026-08-25 11:05:00+00:00,2026-08-25 16:50:00+05:45
syabrubesi,191,2810,3.97780036926,2026-08-25 11:15:00+00:00,2026-08-25 17:00:00+05:45
syabrubesi,191,2810,4.07110023499,2026-08-25 11:25:00+00:00,2026-08-25 17:10:00+05:45
syabrubesi,191,2810,4.05720043182,2026-08-25 11:35:00+00:00,2026-08-25 17:20:00+05:45
syabrubesi,191,2810,4.02150058746,2026-08-25 11:45:00+00:00,2026-08-25 17:30:00+05:45
syabrubesi,191,2810,4.07250022888,2026-08-25 11:55:00+00:00,2026-08-25 17:40:00+05:45
syabrubesi,191,2810,4.04100036621,2026-08-25 12:05:00+00:00,2026-08-25 17:50:00+05:45
syabrubesi,191,2810,4.00790023804,2026-08-25 12:15:00+00:00,2026-08-25 18:00:00+05:45
syabrubesi,191,2810,4.02990055084,2026-08-25 12:25:00+00:00,2026-08-25 18:10:00+05:45
syabrubesi,191,2810,4.03280067444,2026-08-25 12:35:00+00:00,2026-08-25 18:20:00+05:45
syabrubesi,191,2810,4.12989997864,2026-08-25 12:45:00+00:00,2026-08-25 18:30:00+05:45
syabrubesi,191,2810,4.06900024414,2026-08-25 12:55:00+00:00,2026-08-25 18:40:00+05:45
syabrubesi,191,2810,4.07420063019,2026-08-25 13:05:00+00:00,2026-08-25 18:50:00+05:45
syabrubesi,191,2810,4.0420999527,2026-08-25 13:15:00+00:00,2026-08-25 19:00:00+05:45
syabrubesi,191,2810,3.96969985962,2026-08-25 13:25:00+00:00,2026-08-25 19:10:00+05:45
syabrubesi,191,2810,4.14780044556,2026-08-25 13:35:00+00:00,2026-08-25 19:20:00+05:45
syabrubesi,191,2810,4.08360004425,2026-08-25 13:45:00+00:00,2026-08-25 19:30:00+05:45
syabrubesi,191,2810,4.15810012817,2026-08-25 13:55:00+00:00,2026-08-25 19:40:00+05:45
syabrubesi,191,2810,4.14179992676,2026-08-25 14:05:00+00:00,2026-08-25 19:50:00+05:45
syabrubesi,191,2810,4.09430027008,2026-08-25 14:15:00+00:00,2026-08-25 20:00:00+05:45
syabrubesi,191,2810,4.1266002655,2026-08-25 14:25:00+00:00,2026-08-25 20:10:00+05:45
syabrubesi,191,2810,4.11740016937,2026-08-25 14:35:00+00:00,2026-08-25 20:20:00+05:45
syabrubesi,191,2810,4.17930030823,2026-08-25 14:45:00+00:00,2026-08-25 20:30:00+05:45
syabrubesi,191,2810,4.17250061035,2026-08-25 14:55:00+00:00,2026-08-25 20:40:00+05:45
syabrubesi,191,2810,4.16750049591,2026-08-25 15:05:00+00:00,2026-08-25 20:50:00+05:45
syabrubesi,191,2810,4.10900020599,2026-08-25 15:15:00+00:00,2026-08-25 21:00:00+05:45
syabrubesi,191,2810,4.15700054169,2026-08-25 15:25:00+00:00,2026-08-25 21:10:00+05:45
syabrubesi,191,2810,4.12370014191,2026-08-25 15:35:00+00:00,2026-08-25 21:20:00+05:45
syabrubesi,191,2810,4.14570045471,2026-08-25 15:45:00+00:00,2026-08-25 21:30:00+05:45
syabrubesi,191,2810,4.1732006073,2026-08-25 15:55:00+00:00,2026-08-25 21:40:00+05:45
syabrubesi,191,2810,4.10580062866,2026-08-25 16:05:00+00:00,2026-08-25 21:50:00+05:45
syabrubesi,191,2810,4.08690071106,2026-08-25 16:15:00+00:00,2026-08-25 22:00:00+05:45
syabrubesi,191,2810,4.16410064697,2026-08-25 16:25:00+00:00,2026-08-25 22:10:00+05:45
syabrubesi,191,2810,4.12730026245,2026-08-25 16:35:00+00:00,2026-08-25 22:20:00+05:45
syabrubesi,191,2810,4.16740036011,2026-08-25 16:45:00+00:00,2026-08-25 22:30:00+05:45
syabrubesi,191,2810,4.043800354,2026-08-25 16:55:00+00:00,2026-08-25 22:40:00+05:45
syabrubesi,191,2810,4.13199996948,2026-08-25 17:05:00+00:00,2026-08-25 22:50:00+05:45
syabrubesi,191,2810,4.12750053406,2026-08-25 17:15:00+00:00,2026-08-25 23:00:00+05:45
syabrubesi,191,2810,4.20520019531,2026-08-25 17:25:00+00:00,2026-08-25 23:10:00+05:45
syabrubesi,191,2810,4.11009979248,2026-08-25 17:35:00+00:00,2026-08-25 23:20:00+05:45
syabrubesi,191,2810,4.05410003662,2026-08-25 17:45:00+00:00,2026-08-25 23:30:00+05:45
syabrubesi,191,2810,4.06220054626,2026-08-25 17:55:00+00:00,2026-08-25 23:40:00+05:45
syabrubesi,191,2810,4.12160015106,2026-08-25 18:05:00+00:00,2026-08-25 23:50:00+05:45
syabrubesi,191,2810,4.19169998169,2026-08-25 18:15:00+00:00,2026-08-26 00:00:00+05:45
syabrubesi,191,2810,4.10640048981,2026-08-25 18:25:00+00:00,2026-08-26 00:10:00+05:45
syabrubesi,191,2810,4.09580039978,2026-08-25 18:35:00+00:00,2026-08-26 00:20:00+05:45
syabrubesi,191,2810,4.07940006256,2026-08-25 18:45:00+00:00,2026-08-26 00:30:00+05:45
syabrubesi,191,2810,4.0656003952,2026-08-25 18:55:00+00:00,2026-08-26 00:40:00+05:45
syabrubesi,191,2810,4.07890033722,2026-08-25 19:05:00+00:00,2026-08-26 00:50:00+05:45
syabrubesi,191,2810,4.01850032806,2026-08-25 19:15:00+00:00,2026-08-26 01:00:00+05:45
syabrubesi,191,2810,3.99260044098,2026-08-25 19:25:00+00:00,2026-08-26 01:10:00+05:45
syabrubesi,191,2810,4.01770019531,2026-08-25 19:35:00+00:00,2026-08-26 01:20:00+05:45
syabrubesi,191,2810,4.09490013123,2026-08-25 19:45:00+00:00,2026-08-26 01:30:00+05:45
syabrubesi,191,2810,4.0265007019,2026-08-25 19:55:00+00:00,2026-08-26 01:40:00+05:45
syabrubesi,191,2810,3.96170043945,2026-08-25 20:05:00+00:00,2026-08-26 01:50:00+05:45
syabrubesi,191,2810,4.0888004303,2026-08-25 20:15:00+00:00,2026-08-26 02:00:00+05:45
syabrubesi,191,2810,4.09240055084,2026-08-25 20:25:00+00:00,2026-08-26 02:10:00+05:45
syabrubesi,191,2810,4.07380008698,2026-08-25 20:35:00+00:00,2026-08-26 02:20:00+05:45
syabrubesi,191,2810,4.05660057068,2026-08-25 20:45:00+00:00,2026-08-26 02:30:00+05:45
syabrubesi,191,2810,3.98210048676,2026-08-25 20:55:00+00:00,2026-08-26 02:40:00+05:45
syabrubesi,191,2810,4.00360012054,2026-08-25 21:05:00+00:00,2026-08-26 02:50:00+05:45
syabrubesi,191,2810,3.95370006561,2026-08-25 21:15:00+00:00,2026-08-26 03:00:00+05:45
syabrubesi,191,2810,4.02150058746,2026-08-25 21:25:00+00:00,2026-08-26 03:10:00+05:45
syabrubesi,191,2810,4.02659988403,2026-08-25 21:35:00+00:00,2026-08-26 03:20:00+05:45
syabrubesi,191,2810,4.01399993896,2026-08-25 21:45:00+00:00,2026-08-26 03:30:00+05:45
syabrubesi,191,2810,3.95650005341,2026-08-25 21:55:00+00:00,2026-08-26 03:40:00+05:45
syabrubesi,191,2810,3.98700046539,2026-08-25 22:05:00+00:00,2026-08-26 03:50:00+05:45
syabrubesi,191,2810,3.9563999176,2026-08-25 22:15:00+00:00,2026-08-26 04:00:00+05:45
syabrubesi,191,2810,3.97730064392,2026-08-25 22:25:00+00:00,2026-08-26 04:10:00+05:45
syabrubesi,191,2810,3.95560073853,2026-08-25 22:35:00+00:00,2026-08-26 04:20:00+05:45
syabrubesi,191,2810,3.92630004883,2026-08-25 22:45:00+00:00,2026-08-26 04:30:00+05:45
syabrubesi,191,2810,3.91200065613,2026-08-25 22:55:00+00:00,2026-08-26 04:40:00+05:45
syabrubesi,191,2810,3.96000003815,2026-08-25 23:05:00+00:00,2026-08-26 04:50:00+05:45
syabrubesi,191,2810,3.91240024567,2026-08-25 23:15:00+00:00,2026-08-26 05:00:00+05:45
syabrubesi,191,2810,3.9391002655,2026-08-25 23:25:00+00:00,2026-08-26 05:10:00+05:45
syabrubesi,191,2810,3.95620059967,2026-08-25 23:35:00+00:00,2026-08-26 05:20:00+05:45
syabrubesi,191,2810,3.9158000946,2026-08-25 23:45:00+00:00,2026-08-26 05:30:00+05:45
syabrubesi,191,2810,3.92409992218,2026-08-25 23:55:00+00:00,2026-08-26 05:40:00+05:45
syabrubesi,191,2810,3.78540039062,2026-08-26 00:05:00+00:00,2026-08-26 05:50:00+05:45
syabrubesi,191,2810,3.83720016479,2026-08-26 00:15:00+00:00,2026-08-26 06:00:00+05:45
syabrubesi,191,2810,3.95980072021,2026-08-26 00:25:00+00:00,2026-08-26 06:10:00+05:45
syabrubesi,191,2810,3.9142999649,2026-08-26 00:35:00+00:00,2026-08-26 06:20:00+05:45
syabrubesi,191,2810,3.9435005188,2026-08-26 00:45:00+00:00,2026-08-26 06:30:00+05:45
syabrubesi,191,2810,3.83010005951,2026-08-26 00:55:00+00:00,2026-08-26 06:40:00+05:45
syabrubesi,191,2810,3.82590007782,2026-08-26 01:05:00+00:00,2026-08-26 06:50:00+05:45
syabrubesi,191,2810,3.89750003815,2026-08-26 01:15:00+00:00,2026-08-26 07:00:00+05:45
syabrubesi,191,2810,3.96780014038,2026-08-26 01:25:00+00:00,2026-08-26 07:10:00+05:45
syabrubesi,191,2810,3.93270015717,2026-08-26 01:35:00+00:00,2026-08-26 07:20:00+05:45
syabrubesi,191,2810,3.90719985962,2026-08-26 01:45:00+00:00,2026-08-26 07:30:00+05:45
syabrubesi,191,2810,3.90670013428,2026-08-26 01:55:00+00:00,2026-08-26 07:40:00+05:45
syabrubesi,191,2810,3.96860027313,2026-08-26 02:05:00+00:00,2026-08-26 07:50:00+05:45
syabrubesi,191,2810,3.76310062408,2026-08-26 02:15:00+00:00,2026-08-26 08:00:00+05:45
syabrubesi,191,2810,3.96590042114,2026-08-26 02:25:00+00:00,2026-08-26 08:10:00+05:45
syabrubesi,191,2810,3.88010025024,2026-08-26 02:35:00+00:00,2026-08-26 08:20:00+05:45
syabrubesi,191,2810,3.77750015259,2026-08-26 02:45:00+00:00,2026-08-26 08:30:00+05:45
syabrubesi,191,2810,3.9043006897,2026-08-26 02:55:00+00:00,2026-08-26 08:40:00+05:45
syabrubesi,191,2810,3.80440044403,2026-08-26 03:05:00+00:00,2026-08-26 08:50:00+05:45
