distance_m,easting_m,northing_m,elevation_m_egm2008,dem_valid
0.0,340820.16023793665,3129072.8063732744,1804.9219970703125,True
30.0,340801.5349788412,3129049.753601606,1804.9219970703125,True
60.0,340797.6605863069,3129020.7367868423,1801.504638671875,True
90.0,340791.39087435714,3128991.7486404795,1792.3046875,True
120.0,340782.47625490854,3128963.103753325,1788.703857421875,True
150.0,340791.5943448054,3128935.3978630784,1786.0213623046875,True
180.0,340803.4358701039,3128907.833787208,1788.890625,True
210.0,340815.2773954024,3128880.269711337,1780.810546875,True
240.0,340827.1189207008,3128852.7056354666,1775.361572265625,True
270.0,340837.74746350595,3128824.7322264905,1797.1331787109375,True
300.0,340845.02879710763,3128795.629268205,1788.5382080078125,True
330.0,340852.31013070926,3128766.526309919,1781.1759033203125,True
360.0,340859.8062398077,3128737.4790618187,1790.744873046875,True
390.0,340867.589079812,3128708.5061882734,1786.1903076171875,True
420.0,340875.3719198163,3128679.533314728,1786.665283203125,True
450.0,340878.87593383703,3128649.808041064,1788.8798828125,True
480.0,340881.44186196354,3128619.917975648,1787.212158203125,True
510.0,340884.006548233,3128590.027803612,1781.6092529296875,True
540.0,340886.5712345024,3128560.137631576,1774.5699462890625,True
570.0,340882.90645903343,3128530.423190878,1768.8330078125,True
600.0,340878.6608059035,3128500.725136573,1768.2669677734375,True
630.0,340874.4150751134,3128471.0270933714,1766.5072021484375,True
660.0,340870.16861895553,3128441.329153879,1766.5185546875,True
690.0,340865.92216279765,3128411.6312143863,1769.3294677734375,True
720.0,340866.07350428606,3128381.8312954367,1769.0545654296875,True
750.0,340868.93881975824,3128351.968442806,1768.3311767578125,True
780.0,340871.4511179515,3128322.093059113,1769.114990234375,True
810.0,340870.71043088596,3128292.102204129,1770.22119140625,True
840.0,340869.96974382043,3128262.111349145,1773.8082275390625,True
870.0,340869.374693269,3128232.117483006,1780.1705322265625,True
900.0,340865.2716966793,3128202.9644121127,1786.3687744140625,True
930.0,340852.4162389543,3128175.8583757617,1778.9591064453125,True
960.0,340835.8760451102,3128151.203596065,1778.9591064453125,True
990.0,340815.8434071443,3128128.872151505,1775.666259765625,True
1020.0,340795.8107691783,3128106.5407069456,1779.9034423828125,True
1050.0,340775.14187853294,3128084.8259274233,1782.9031982421875,True
1080.0,340753.4475596949,3128064.1050073146,1776.9766845703125,True
1110.0,340740.6482831142,3128038.7391007068,1781.4700927734375,True
1140.0,340736.0419359191,3128009.0948505807,1782.0706787109375,True
1170.0,340729.47503352247,3127979.956899584,1781.59619140625,True
1200.0,340719.1535274656,3127951.788361993,1782.103271484375,True
1230.0,340706.7067122172,3127924.6217370685,1775.287109375,True
1260.0,340694.465162513,3127897.8383556292,1774.0869140625,True
1290.0,340692.49475309224,3127867.9031341216,1771.560546875,True
1320.0,340687.3312036937,3127838.3800101615,1767.7933349609375,True
1350.0,340671.44366803596,3127813.495240749,1760.5777587890625,True
1380.0,340651.4510958854,3127791.1851917026,1760.5777587890625,True
1410.0,340628.99831522664,3127771.708361106,1759.134765625,True
1440.0,340602.2613386657,3127758.1854026574,1751.409912109375,True
1470.0,340574.1115257885,3127748.567969367,1750.6563720703125,True
1500.0,340546.7498975487,3127738.963286208,1742.5535888671875,True
1530.0,340522.5041019336,3127721.295762471,1740.545166015625,True
1560.0,340502.8937788653,3127698.7441849685,1740.545166015625,True
1590.0,340485.4391040458,3127674.392419935,1742.0478515625,True
1620.0,340467.21013636445,3127650.9302092604,1745.70263671875,True
1650.0,340443.7878652314,3127632.1846173797,1748.3341064453125,True
1680.0,340417.2335676464,3127618.834442957,1746.205078125,True
1710.0,340390.90275008336,3127605.7015469344,1744.578369140625,True
1740.0,340372.42423367733,3127582.068002312,1741.446044921875,True
1770.0,340362.8348758437,3127553.6803433024,1740.2374267578125,True
1800.0,340361.22151012975,3127524.102389906,1739.15771484375,True
1830.0,340363.0331271336,3127494.26450947,1735.6988525390625,True
1860.0,340375.2485300156,3127466.8640727503,1732.6832275390625,True
1890.0,340386.6724913701,3127439.1429281305,1746.3236083984375,True
1920.0,340394.0522387174,3127410.5408601924,1746.0013427734375,True
1950.0,340392.2398331961,3127380.595657134,1747.771728515625,True
1980.0,340378.81174246594,3127353.8395554824,1754.011474609375,True
2010.0,340362.3236530886,3127329.3687332054,1735.7664794921875,True
2040.0,340339.34135555057,3127310.0862541148,1720.1922607421875,True
2070.0,340315.289219687,3127292.412077679,1722.6480712890625,True
2100.0,340288.62262382056,3127278.668254888,1723.3902587890625,True
2130.0,340263.0475169824,3127262.99477129,1724.6483154296875,True
2160.0,340237.5292220425,3127247.2208490334,1721.071044921875,True
2190.0,340213.1371529296,3127229.878471092,1719.9678955078125,True
2220.0,340192.2752910622,3127208.5446161265,1725.671142578125,True
2250.0,340173.6820903445,3127185.002143247,1735.208740234375,True
2280.0,340155.47798457765,3127161.156587409,1730.1771240234375,True
2310.0,340137.27387881075,3127137.3110315707,1741.3096923828125,True
2340.0,340118.64686032844,3127113.816259176,1743.41845703125,True
2370.0,340098.5772061914,3127091.5180757786,1738.085205078125,True
2400.0,340078.5075520543,3127069.219892381,1731.650146484375,True
2430.0,340057.1590471431,3127048.1690704837,1732.6910400390625,True
2460.0,340036.0357203464,3127026.9059433443,1732.8328857421875,True
2490.0,340016.2195696741,3127004.3821742875,1741.5504150390625,True
2520.0,339996.4030845026,3126981.8586995304,1741.5504150390625,True
2550.0,339973.71238698723,3126963.3506624373,1746.58447265625,True
2580.0,339946.0017837333,3126951.856208674,1734.108642578125,True
2610.0,339918.29118047946,3126940.3617549115,1724.265625,True
2640.0,339889.1619983405,3126933.284164535,1717.146484375,True
2670.0,339859.94063532003,3126926.4935870026,1714.8114013671875,True
2700.0,339830.04881170834,3126924.0007679984,1715.3602294921875,True
2730.0,339800.14760692336,3126921.5680838004,1714.7703857421875,True
2760.0,339770.2464021384,3126919.1353996024,1713.6070556640625,True
2790.0,339742.6705987446,3126908.2070215275,1712.58349609375,True
2820.0,339715.6986114413,3126895.0726429387,1714.53271484375,True
2850.0,339690.97802849254,3126878.874054411,1715.1007080078125,True
2880.0,339671.40626318485,3126856.4541539187,1718.4996337890625,True
2910.0,339662.1859462505,3126827.906198552,1718.4996337890625,True
2940.0,339662.00165677886,3126798.1181455147,1714.537841796875,True
2970.0,339663.19012800895,3126768.141695823,1709.4761962890625,True
3000.0,339663.183830357,3126738.149642936,1708.375244140625,True
3030.0,339662.77859137685,3126708.152380038,1706.9715576171875,True
3060.0,339658.2562628112,3126678.617525338,1696.6241455078125,True
3090.0,339651.9971006245,3126649.2777419593,1694.0675048828125,True
3120.0,339645.7379384378,3126619.9379585804,1693.059814453125,True
3150.0,339639.4787762511,3126590.5981752016,1693.7144775390625,True
3180.0,339633.2196140644,3126561.2583918227,1696.46142578125,True
3210.0,339626.9604518777,3126531.918608444,1693.811767578125,True
3240.0,339621.70397485973,3126502.39967662,1697.99072265625,True
3270.0,339617.4160102244,3126472.7077019587,1703.0455322265625,True
3300.0,339613.5827337416,3126442.9804599304,1706.5335693359375,True
3330.0,339613.24090958043,3126412.982407389,1707.7447509765625,True
3360.0,339612.89908541925,3126382.9843548485,1709.4847412109375,True
3390.0,339612.97965836566,3126352.9875809383,1712.06103515625,True
3420.0,339613.5030877038,3126322.9921475905,1711.464111328125,True
3450.0,339612.0740792463,3126293.0347091383,1707.0294189453125,True
3480.0,339610.38405185356,3126263.082350176,1702.18359375,True
3510.0,339608.6940244608,3126233.129991214,1688.4305419921875,True
3540.0,339597.30322822556,3126205.820603412,1680.3148193359375,True
3570.0,339582.57601308264,3126179.68753087,1678.1214599609375,True
3600.0,339575.6574420668,3126150.6541370354,1675.494873046875,True
3630.0,339571.6193727661,3126120.958437102,1672.340087890625,True
3660.0,339573.3529664162,3126091.476608707,1670.966064453125,True
3690.0,339580.85255865136,3126062.4291283293,1670.822265625,True
3720.0,339588.3529651934,3126033.3818582236,1670.8751220703125,True
3750.0,339595.85463868,3126004.3349152706,1670.3079833984375,True
3780.0,339601.6520861972,3125974.973263623,1678.2459716796875,True
3810.0,339603.262570417,3125945.217938708,1679.03466796875,True
3840.0,339590.63821311435,3125919.231669616,1676.3760986328125,True
3870.0,339569.571352628,3125897.8808639287,1676.3760986328125,True
3900.0,339548.3654166319,3125876.660395542,1677.753662109375,True
3930.0,339528.03907487914,3125854.6376570803,1678.408935546875,True
3960.0,339510.2280340257,3125830.737322021,1681.66455078125,True
3990.0,339498.5438721117,3125803.106173649,1673.1998291015625,True
4020.0,339487.3374138379,3125775.29386211,1675.9354248046875,True
4050.0,339477.7609108385,3125746.8634102964,1670.576171875,True
4080.0,339468.184407839,3125718.432958483,1670.576171875,True
4110.0,339458.6079048396,3125690.00250667,1673.666015625,True
4140.0,339449.0314018402,3125661.572054857,1676.936279296875,True
4170.0,339439.4548988408,3125633.141603044,1663.417236328125,True
4200.0,339424.4772454304,3125607.394794282,1666.5673828125,True
4230.0,339404.1874677607,3125585.424531654,1664.3072509765625,True
4260.0,339383.330209368,3125563.8624059437,1663.9930419921875,True
4290.0,339362.5344845712,3125542.2397828335,1663.9930419921875,True
4320.0,339341.17182223446,3125521.2829526733,1667.111083984375,True
4350.0,339316.51152385934,3125504.19875869,1668.0213623046875,True
4380.0,339291.8512254842,3125487.114564707,1659.327392578125,True
4410.0,339267.19092710916,3125470.0303707244,1656.8165283203125,True
4440.0,339242.53062873404,3125452.9461767413,1656.8165283203125,True
4470.0,339217.81738327205,3125435.9461257253,1658.19384765625,True
4500.0,339191.7446835481,3125421.1065054773,1654.7969970703125,True
4530.0,339165.67198382417,3125406.2668852294,1657.72265625,True
4560.0,339139.71182448504,3125391.232945441,1662.839111328125,True
4590.0,339113.8650002819,3125376.0033138427,1672.6475830078125,True
4620.0,339088.0181760788,3125360.7736822446,1680.4454345703125,True
4650.0,339064.03929903667,3125343.113066619,1684.2305908203125,True
4680.0,339042.6671288808,3125322.060030191,1686.1822509765625,True
4710.0,339021.92050805036,3125300.4127142206,1673.4658203125,True
4740.0,339001.99013567035,3125277.9899521964,1666.4046630859375,True
4770.0,338982.4541508517,3125255.2284537074,1663.7332763671875,True
4800.0,338965.5061112396,3125230.7312647593,1666.6505126953125,True
4830.0,338952.62638312706,3125203.6367523307,1672.05029296875,True
4860.0,338941.01879449404,3125175.980574429,1677.214111328125,True
4890.0,338929.6741518893,3125148.2083025705,1664.8580322265625,True
4920.0,338924.4155735181,3125118.8804221135,1659.1016845703125,True
4950.0,338921.0421561153,3125089.0706912354,1649.412109375,True
4980.0,338918.14552039886,3125059.2481695376,1640.122314453125,True
5010.0,338919.91579987225,3125029.300446576,1633.0316162109375,True
5040.0,338921.7232614416,3124999.354970423,1631.759765625,True
5070.0,338923.57200735505,3124969.4119889657,1633.596435546875,True
5100.0,338925.2537008389,3124939.459480958,1635.7652587890625,True
5130.0,338926.3834552136,3124909.4903007923,1639.2674560546875,True
5160.0,338926.2068736467,3124879.490820481,1641.9912109375,True
5190.0,338925.91194352077,3124849.498820426,1640.217529296875,True
5220.0,338922.3099569133,3124819.715843871,1637.030517578125,True
5250.0,338921.0075275306,3124789.8774660644,1633.867431640625,True
5280.0,338923.17109643127,3124759.955584947,1632.744384765625,True
5310.0,338924.25930812233,3124730.1202088143,1634.1065673828125,True
5340.0,338917.3404988784,3124700.92894165,1635.106689453125,True
5370.0,338906.97693441855,3124672.9217076283,1632.806640625,True
5400.0,338896.50023937324,3124644.874518186,1633.3721923828125,True
5430.0,338890.22514175484,3124615.5850953558,1636.3604736328125,True
5460.0,338892.31842871266,3124585.8565834584,1633.8211669921875,True
5490.0,338904.7994737451,3124558.5761231454,1629.5338134765625,True
5520.0,338930.1143085485,3124542.9602358206,1629.919677734375,True
5550.0,338955.2651206315,3124526.7132863766,1641.076171875,True
5580.0,338969.3821347539,3124500.716029823,1649.31884765625,True
5610.0,338973.4275383441,3124471.2857860583,1640.94287109375,True
5640.0,338974.2797811381,3124441.2979002004,1636.8529052734375,True
5670.0,338979.3929307675,3124411.867820459,1637.300537109375,True
5700.0,338985.61396846565,3124382.522744367,1636.1759033203125,True
5730.0,338991.60272160114,3124353.1265739384,1636.63037109375,True
5760.0,339000.76170363894,3124324.6307964595,1643.5645751953125,True
5790.0,339017.12275887653,3124299.689434088,1639.7783203125,True
5820.0,339038.1412975766,3124278.3419800387,1663.7958984375,True
5850.0,339054.60749321355,3124253.3996832883,1648.6387939453125,True
5880.0,339064.7243723252,3124225.1570071215,1654.87841796875,True
5910.0,339074.99989980686,3124196.9730691602,1648.3675537109375,True
5940.0,339085.71432889305,3124168.9516307716,1642.9422607421875,True
5970.0,339097.11989922484,3124141.2282955186,1657.326416015625,True
6000.0,339110.14754691086,3124114.204594888,1652.847412109375,True
6030.0,339119.54096600285,3124086.047099328,1672.7076416015625,True
6060.0,339121.04339342116,3124056.170367356,1672.3863525390625,True
6090.0,339120.92703963054,3124026.1705929935,1668.4913330078125,True
6120.0,339121.7147660529,3123996.1969870785,1665.8258056640625,True
6150.0,339123.5661479615,3123966.25416849,1671.6776123046875,True
6180.0,339125.11586069677,3123936.294827871,1676.9315185546875,True
6210.0,339126.5456024023,3123906.3289165944,1671.494140625,True
6240.0,339131.94520346087,3123876.93923952,1658.7314453125,True
6270.0,339141.1448899652,3123848.4868438486,1647.7061767578125,True
6300.0,339151.6146450749,3123820.461871577,1668.638916015625,True
6330.0,339159.52629036695,3123791.5574155166,1656.7872314453125,True
6360.0,339165.4620475261,3123762.464065537,1646.5792236328125,True
6390.0,339166.8480812963,3123732.496100801,1640.098388671875,True
6420.0,339170.1638952219,3123702.730709447,1637.90869140625,True
6450.0,339175.03111156786,3123673.128172308,1638.6090087890625,True
6480.0,339179.2588233922,3123643.454635523,1669.6912841796875,True
6510.0,339181.0032182806,3123613.505393688,1666.2601318359375,True
6540.0,339180.2944374306,3123583.550043951,1663.211181640625,True
6570.0,339178.69919813675,3123553.5924871145,1657.7659912109375,True
6600.0,339176.1650033555,3123523.700317745,1618.031005859375,True
6630.0,339175.555026249,3123493.762479966,1612.9822998046875,True
6660.0,339177.4159590595,3123463.828926388,1610.623046875,True
6690.0,339179.95503044024,3123433.936567556,1626.0318603515625,True
6720.0,339182.49410182104,3123404.0442087245,1625.2547607421875,True
6750.0,339183.1627520462,3123374.062524978,1622.326904296875,True
6780.0,339183.10502805345,3123344.0625805124,1613.2750244140625,True
6810.0,339183.04730406066,3123314.0626360467,1603.9332275390625,True
6840.0,339183.3322643199,3123284.0639913725,1599.402587890625,True
6870.0,339184.1079562735,3123254.0764634423,1598.075927734375,True
6900.0,339185.7297540889,3123224.131609828,1598.0438232421875,True
6930.0,339188.5799039515,3123194.267305956,1597.922607421875,True
6960.0,339185.88894928055,3123164.5002751537,1597.6083984375,True
6990.0,339180.0071241203,3123135.185570942,1599.8504638671875,True
7020.0,339171.9975448699,3123106.2831051513,1588.8310546875,True
7050.0,339164.6915874045,3123077.196837532,1588.8310546875,True
7080.0,339162.3871901292,3123047.2854725816,1590.5867919921875,True
7110.0,339157.68838994176,3123017.675928291,1592.164306640625,True
7140.0,339153.135371018,3122988.0266839983,1596.2420654296875,True
7170.0,339143.17591543845,3122959.9943839777,1592.2408447265625,True
7200.0,339125.3039614583,3122935.982160278,1602.2952880859375,True
7230.0,339109.52267118974,3122910.4925447055,1592.365234375,True
7260.0,339090.2012595744,3122887.6804188685,1603.822998046875,True
7290.0,339069.8253022872,3122865.6617821115,1604.777587890625,True
7320.0,339049.7019028446,3122843.4121616906,1586.546875,True
7350.0,339029.7351337039,3122821.0220906604,1602.5401611328125,True
7380.0,339003.2427060017,3122808.144507024,1580.1533203125,True
7410.0,338974.6500050927,3122799.783691332,1583.013427734375,True
7440.0,338948.35502428433,3122785.389045118,1573.627685546875,True
7470.0,338933.7585946503,3122759.6638174574,1571.3216552734375,True
7500.0,338921.85079493857,3122732.1313369144,1577.82080078125,True
7530.0,338905.8412525133,3122706.987597765,1579.3037109375,True
7560.0,338888.0027953222,3122682.868167932,1592.2388916015625,True
7590.0,338868.76114961575,3122659.9885851466,1577.1910400390625,True
7620.0,338847.44496735674,3122638.884658325,1584.04736328125,True
7650.0,338827.37908999424,3122616.5992927053,1618.1383056640625,True
7680.0,338808.7561690685,3122593.0915857274,1611.0205078125,True
7710.0,338791.92163279734,3122568.260186481,1611.0205078125,True
7740.0,338770.8833860937,3122546.9595051543,1603.186279296875,True
7770.0,338748.7374664726,3122526.7451562337,1585.5819091796875,True
7800.0,338725.81124880916,3122507.397152053,1576.5811767578125,True
7830.0,338705.0632912055,3122486.0490028453,1574.5599365234375,True
7860.0,338685.7362273944,3122463.174463319,1570.86083984375,True
7890.0,338665.6589112426,3122440.9317779876,1570.876220703125,True
7920.0,338648.42320998234,3122416.3810506933,1570.2861328125,True
7950.0,338633.4477825229,3122390.459244069,1570.1083984375,True
7980.0,338622.1444219823,3122362.670232041,1564.51318359375,True
8010.0,338609.61569509626,3122335.5356442514,1566.146728515625,True
8040.0,338593.4184710488,3122310.2935850006,1563.2764892578125,True
8070.0,338577.5863435218,3122284.8690182115,1559.218994140625,True
8100.0,338558.74976135127,3122261.5347178387,1562.208740234375,True
8130.0,338542.8322202447,3122236.3211467764,1558.4267578125,True
8160.0,338532.6484213397,3122208.509112059,1558.4267578125,True
8190.0,338531.5800264099,3122178.561232716,1559.483154296875,True
8220.0,338533.9124046508,3122148.67316318,1559.578125,True
8250.0,338536.12141189154,3122118.7607489713,1558.6611328125,True
8280.0,338538.30376508756,3122088.8545083245,1556.955810546875,True
8310.0,338543.49022806226,3122059.3062325404,1555.1878662109375,True
8340.0,338548.4051921796,3122029.7121505253,1553.97021484375,True
8370.0,338552.1435298718,3121999.9940186227,1566.7166748046875,True
8400.0,338553.204029945,3121970.0127688223,1565.264404296875,True
8430.0,338552.5961709445,3121940.028787171,1565.0469970703125,True
8460.0,338550.1060825083,3121910.1890004915,1566.1939697265625,True
8490.0,338545.4190469851,3121880.5574008385,1552.037841796875,True
8520.0,338538.7032579451,3121851.333839459,1552.7664794921875,True
8550.0,338531.5697936289,3121822.194284094,1554.591796875,True
8580.0,338524.0359602433,3121793.165701158,1556.5574951171875,True
8610.0,338515.1504926009,3121764.51175789,1547.8087158203125,True
8640.0,338505.6474264112,3121736.0617407546,1548.3265380859375,True
8670.0,338494.8259847049,3121708.0881426074,1551.27734375,True
8700.0,338486.03307076165,3121679.4322082843,1545.589599609375,True
8730.0,338481.7651460476,3121649.7914493196,1544.1051025390625,True
8760.0,338484.1636382803,3121619.932693726,1543.177490234375,True
8790.0,338488.21593785245,3121590.2078351923,1543.1768798828125,True
8820.0,338489.8793416099,3121560.3441789686,1556.2520751953125,True
8850.0,338484.4842595064,3121530.960571568,1542.4354248046875,True
8880.0,338481.64134879183,3121501.102323655,1541.4066162109375,True
8910.0,338482.22399522475,3121471.212340442,1540.9410400390625,True
8940.0,338485.83993766224,3121441.4310550387,1540.2978515625,True
8970.0,338492.9490634731,3121412.310311132,1549.8253173828125,True
9000.0,338495.0128788629,3121382.7849864727,1547.9443359375,True
9030.0,338496.1782727331,3121353.1078258837,1544.3453369140625,True
9060.0,338502.47599632834,3121323.776295451,1540.06298828125,True
9090.0,338509.38548487937,3121294.5846044105,1536.7353515625,True
9120.0,338520.68758137285,3121266.802381627,1542.206298828125,True
9150.0,338530.5750071667,3121238.5415651556,1539.489501953125,True
9180.0,338538.33231054083,3121209.5618438944,1537.928955078125,True
9210.0,338542.7611517797,3121179.921575547,1537.3743896484375,True
9240.0,338544.90472236736,3121150.0157663426,1537.3270263671875,True
9270.0,338539.2489661767,3121121.130390646,1540.4569091796875,True
9300.0,338528.5393942415,3121093.3558335677,1547.148681640625,True
9330.0,338514.07955022826,3121067.0744732437,1534.5958251953125,True
9360.0,338494.9831980029,3121044.0027969284,1538.4725341796875,True
9390.0,338476.65744145145,3121020.260228499,1532.80859375,True
9420.0,338457.8256629546,3120996.9071961767,1529.99462890625,True
9450.0,338440.1466782229,3120972.751913096,1532.0911865234375,True
9480.0,338425.33131878736,3120946.6771928817,1528.40087890625,True
9510.0,338413.0582486881,3120919.376929516,1528.40087890625,True
9540.0,338398.0400146599,3120893.406703358,1526.7261962890625,True
9570.0,338384.10306033306,3120867.0425008284,1526.67529296875,True
9600.0,338378.89395741076,3120837.4982078644,1527.8560791015625,True
9630.0,338373.36127095815,3120808.018860929,1530.4013671875,True
9660.0,338366.76659704273,3120778.7526641153,1528.4713134765625,True
9690.0,338360.1719231273,3120749.4864673014,1531.0118408203125,True
9720.0,338353.5772492119,3120720.2202704875,1534.7459716796875,True
9750.0,338347.7511754779,3120690.7936614184,1542.21484375,True
9780.0,338342.0891048891,3120661.3328237412,1549.979736328125,True
9810.0,338336.42703430017,3120631.871986064,1529.8328857421875,True
9840.0,338330.7649637113,3120602.4111483865,1533.75634765625,True
9870.0,338325.1028931225,3120572.9503107094,1536.451416015625,True
9900.0,338319.44082253356,3120543.4894730323,1537.6876220703125,True
9930.0,338313.7787519447,3120514.0286353547,1537.8323974609375,True
9960.0,338308.7006999645,3120484.4718809794,1539.4654541015625,True
9990.0,338304.64246774494,3120454.747635804,1523.0208740234375,True
10020.0,338300.5842355254,3120425.0233906284,1523.511962890625,True
10050.0,338293.36881801067,3120396.060173411,1525.84130859375,True
10080.0,338279.0352416925,3120370.110689867,1532.664794921875,True
10110.0,338261.1188274064,3120346.0809887676,1519.1348876953125,True
10140.0,338251.197889493,3120317.768889041,1519.1348876953125,True
10170.0,338242.8087747236,3120289.02262535,1509.210693359375,True
10200.0,338236.39870439435,3120259.715441958,1514.7384033203125,True
10230.0,338228.17605214874,3120231.062031921,1524.08642578125,True
10260.0,338214.40265565115,3120204.410698954,1512.1766357421875,True
10290.0,338197.8419564528,3120179.5607300065,1523.188720703125,True
10320.0,338176.6908547505,3120158.3155942596,1514.187255859375,True
10350.0,338153.22832680534,3120139.6205769754,1502.88427734375,True
10380.0,338131.6020080792,3120118.9816499837,1508.833984375,True
10410.0,338115.6502812317,3120093.8029057444,1498.557373046875,True
10440.0,338105.10432491027,3120065.9659209796,1498.6092529296875,True
10470.0,338097.9544048617,3120036.830398961,1494.488525390625,True
10500.0,338090.8044848131,3120007.6948769423,1494.263671875,True
10530.0,338083.5998040996,3119978.5736967633,1495.3226318359375,True
10560.0,338075.5502242239,3119949.6737960055,1498.1781005859375,True
10590.0,338065.8823239858,3119921.3192233904,1496.37255859375,True
10620.0,338054.79943878925,3119893.4414606444,1506.6873779296875,True
10650.0,338043.71655359265,3119865.5636978988,1508.956787109375,True
10680.0,338032.6336683961,3119837.6859351527,1496.138671875,True
10710.0,338019.41908481653,3119811.0030525406,1500.6468505859375,True
10740.0,338001.42180341826,3119787.00101383,1495.5504150390625,True
10770.0,337983.4245220199,3119762.998975119,1502.5908203125,True
10800.0,337965.42724062165,3119738.9969364083,1492.7421875,True
10830.0,337957.2615341629,3119710.8758541285,1493.480224609375,True
10860.0,337952.7754066397,3119681.2131728632,1495.47802734375,True
10890.0,337948.28927911643,3119651.550491598,1487.2056884765625,True
10920.0,337943.8031515932,3119621.8878103327,1486.8076171875,True
10950.0,337939.31702406995,3119592.2251290674,1488.7120361328125,True
10980.0,337930.2135685967,3119564.1696735583,1495.5323486328125,True
11010.0,337915.17591836647,3119538.214814485,1484.665771484375,True
11040.0,337898.981539225,3119512.961258612,1488.1729736328125,True
11070.0,337882.7871600834,3119487.707702739,1484.404296875,True
11100.0,337868.0556080492,3119461.5875844797,1487.551513671875,True
11130.0,337853.68880052265,3119435.251395661,1481.6239013671875,True
11160.0,337839.32199299603,3119408.9152068426,1484.0718994140625,True
11190.0,337824.9551854694,3119382.579018024,1482.059814453125,True
11220.0,337810.5883779428,3119356.242829205,1488.1895751953125,True
11250.0,337796.2215704162,3119329.906640386,1480.956298828125,True
11280.0,337780.16784761136,3119304.5791681674,1483.89453125,True
11310.0,337763.76604496344,3119279.4598355745,1482.027587890625,True
11340.0,337747.3642423155,3119254.340502982,1488.395263671875,True
11370.0,337730.9624396676,3119229.2211703896,1487.10595703125,True
11400.0,337713.9677112215,3119204.522269136,1501.0224609375,True
11430.0,337695.68967831315,3119180.7333323583,1488.5308837890625,True
11460.0,337677.41164540476,3119156.944395581,1483.183837890625,True
11490.0,337659.13361249643,3119133.1554588033,1486.947998046875,True
11520.0,337647.3717163588,3119105.823498369,1476.5308837890625,True
11550.0,337637.3417226755,3119077.549849388,1476.7313232421875,True
11580.0,337630.91548807034,3119048.265366174,1476.95849609375,True
11610.0,337624.77802815946,3119018.899883276,1478.651611328125,True
11640.0,337621.5364381979,3118989.283215647,1480.579345703125,True
11670.0,337622.52601427265,3118959.2995411027,1495.710693359375,True
11700.0,337617.1440024237,3118931.669887855,1483.0379638671875,True
11730.0,337596.89776985673,3118909.531909925,1483.0379638671875,True
11760.0,337576.6515372897,3118887.3939319947,1477.491943359375,True
11790.0,337556.44680637814,3118865.2182555646,1477.19970703125,True
11820.0,337536.35064507875,3118842.943958695,1495.4920654296875,True
11850.0,337516.25448377937,3118820.6696618255,1477.129638671875,True
11880.0,337496.7100721825,3118798.037209547,1472.961181640625,True
11910.0,337484.5461750468,3118770.6138690053,1478.5206298828125,True
11940.0,337472.3822779111,3118743.1905284636,1483.5198974609375,True
11970.0,337460.2183807755,3118715.767187922,1475.821533203125,True
12000.0,337448.36626859684,3118688.21097154,1481.1065673828125,True
12030.0,337437.00918582303,3118660.443784594,1469.1796875,True
12060.0,337429.27890227025,3118631.5195569266,1475.0743408203125,True
12090.0,337422.3820723788,3118602.3244911097,1486.1444091796875,True
12120.0,337414.465181438,3118573.3879599106,1502.617919921875,True
12150.0,337411.4331972776,3118543.8778408254,1517.5108642578125,True
12180.0,337411.2439110573,3118514.0177251934,1528.568115234375,True
12210.0,337397.1491639078,3118489.009417676,1507.6551513671875,True
12240.0,337369.33590001386,3118477.833781519,1510.738525390625,True
12270.0,337345.1320403975,3118462.290624546,1490.642578125,True
12300.0,337330.456101034,3118436.6934140814,1497.7626953125,True
12330.0,337322.92178920435,3118407.6549198837,1498.7054443359375,True
12360.0,337315.54267728294,3118378.580163848,1466.73974609375,True
12390.0,337309.4299291374,3118349.209526979,1467.4208984375,True
12420.0,337306.76869369857,3118319.425201699,1468.8670654296875,True
12450.0,337306.12534925964,3118289.4407620155,1472.3380126953125,True
12480.0,337304.7943817464,3118259.5712302653,1476.7091064453125,True
12510.0,337305.0570368927,3118229.839108264,1477.8480224609375,True
12540.0,337308.9337246003,3118200.0906412043,1475.186767578125,True
12570.0,337312.8342813549,3118170.345308655,1475.9971923828125,True
12600.0,337316.7697856363,3118140.6045654556,1482.191650390625,True
12630.0,337314.3762286787,3118110.8449798077,1482.47314453125,True
12660.0,337316.91417110374,3118081.6167611573,1478.502685546875,True
12690.0,337325.92504541774,3118053.0102885277,1492.9056396484375,True
12720.0,337332.84592654597,3118024.6076301825,1489.72509765625,True
12750.0,337328.1899637615,3117994.984474895,1481.033203125,True
12780.0,337324.36785608536,3117965.2289461163,1477.0404052734375,True
12810.0,337317.92337450036,3117936.000736067,1459.2247314453125,True
12840.0,337312.13441777346,3117906.732723726,1467.27099609375,True
12870.0,337310.74641365843,3117876.764850185,1470.670166015625,True
12900.0,337306.8918788963,3117847.0467649563,1470.67724609375,True
12930.0,337304.346624597,3117817.3502989584,1468.9490966796875,True
12960.0,337306.6293282413,3117787.4681816744,1470.0684814453125,True
12990.0,337306.3217616761,3117757.4697583355,1474.1865234375,True
13020.0,337310.7396647265,3117727.812044723,1474.7078857421875,True
13050.0,337314.82203936594,3117698.091105685,1469.516845703125,True
13080.0,337318.9044140054,3117668.370166647,1491.7572021484375,True
13110.0,337322.9867886448,3117638.649227609,1489.1832275390625,True
13140.0,337326.672547803,3117608.8783287574,1487.4964599609375,True
13170.0,337327.2115558426,3117579.501427883,1487.658447265625,True
13200.0,337320.9888474284,3117550.6333836983,1490.06689453125,True
13230.0,337316.8016714475,3117521.0954935155,1474.5482177734375,True
13260.0,337308.80005639576,3117492.184877334,1480.0318603515625,True
13290.0,337298.2982778924,3117464.083050912,1478.493408203125,True
13320.0,337298.32861378975,3117434.60434079,1472.7943115234375,True
13350.0,337296.6280882566,3117404.7259226744,1466.9891357421875,True
13380.0,337297.2469545007,3117374.7412463534,1461.508544921875,True
13410.0,337296.2742262528,3117344.757020504,1462.707275390625,True
13440.0,337295.30149800493,3117314.7727946555,1464.86376953125,True
13470.0,337294.2232686338,3117284.792699955,1464.772705078125,True
13500.0,337292.8484056952,3117254.824220649,1464.1578369140625,True
13530.0,337300.3383842998,3117225.8618005137,1463.8555908203125,True
13560.0,337300.80476147734,3117196.733106293,1463.6895751953125,True
13590.0,337299.7001480792,3117167.0099006877,1463.6895751953125,True
13620.0,337294.7093465733,3117137.71435028,1466.2587890625,True
13650.0,337288.14169332205,3117108.443310995,1455.5748291015625,True
13680.0,337281.97744740837,3117079.083439192,1457.0997314453125,True
13710.0,337277.2313342101,3117049.4791056747,1457.6776123046875,True
13740.0,337273.2096376198,3117019.749895182,1459.9112548828125,True
13770.0,337269.18794102955,3116990.020684689,1461.799560546875,True
13800.0,337265.2105769723,3116960.2878705347,1459.7421875,True
13830.0,337264.18439792667,3116930.3066390185,1455.4996337890625,True
13860.0,337262.78316041233,3116900.339381329,1452.2861328125,True
13890.0,337266.6592039157,3116870.687600563,1450.7060546875,True
13920.0,337277.6104003042,3116842.862152896,1446.3416748046875,True
13950.0,337294.3135219026,3116817.9421771476,1446.5625,True
13980.0,337301.49268562236,3116789.3482623706,1442.8189697265625,True
14010.0,337307.2374111469,3116759.9937246027,1444.6168212890625,True
14040.0,337304.769851031,3116730.226467172,1450.0953369140625,True
14070.0,337296.5000645236,3116701.548737317,1458.6409912109375,True
14100.0,337285.0441026911,3116673.8575108987,1446.8507080078125,True
14130.0,337269.903933117,3116647.9605713435,1448.96240234375,True
14160.0,337254.30149337306,3116622.337068967,1438.476806640625,True
14190.0,337238.69905362907,3116596.7135665906,1441.1031494140625,True
14220.0,337219.4378735316,3116573.8348876294,1428.896240234375,True
14250.0,337196.5226900197,3116554.5415521357,1423.8739013671875,True
14280.0,337170.8393987895,3116539.0872648284,1423.8739013671875,True
14310.0,337142.9031035564,3116528.7599054743,1420.79296875,True
14340.0,337113.10337389633,3116525.3743841993,1420.3726806640625,True
14370.0,337083.54944222706,3116520.220247716,1418.807373046875,True
14400.0,337054.23698987445,3116513.9020493496,1416.9302978515625,True
14430.0,337025.49582401715,3116505.3416950353,1419.3460693359375,True
14460.0,336998.53123149805,3116492.392742691,1419.7674560546875,True
14490.0,336977.9474919637,3116471.330907431,1417.8656005859375,True
14520.0,336966.8790555233,3116443.4474048754,1418.131591796875,True
14550.0,336954.23448987247,3116416.386413426,1424.4898681640625,True
14580.0,336931.35360378335,3116397.2773870984,1424.4898681640625,True
14610.0,336904.6720264201,3116383.6189607107,1434.329345703125,True
14640.0,336877.6601392373,3116370.566836331,1421.833251953125,True
14670.0,336851.2924008427,3116356.262652589,1428.6954345703125,True
14700.0,336825.6360402269,3116340.7769763866,1421.384033203125,True
14730.0,336802.0873077854,3116322.3688332643,1426.1417236328125,True
14760.0,336784.8666609824,3116298.111658858,1426.1417236328125,True
14790.0,336773.8378051421,3116270.2668989636,1421.3134765625,True
14820.0,336769.86162274104,3116240.74102645,1417.4307861328125,True
14850.0,336773.1962865444,3116210.971817486,1412.48876953125,True
14880.0,336777.79516623373,3116181.326407966,1407.2603759765625,True
14910.0,336781.58256111783,3116151.576039509,1422.5908203125,True
14940.0,336784.6776228569,3116121.7361234096,1437.1142578125,True
14970.0,336779.5155669495,3116092.508474673,1459.6746826171875,True
15000.0,336772.52669276024,3116063.590670146,1446.9375,True
15030.0,336757.73805129825,3116037.928458877,1485.7808837890625,True
15060.0,336730.775902592,3116027.6401107376,1458.6800537109375,True
15090.0,336701.70184949203,3116021.0123457494,1466.08642578125,True
15120.0,336673.3651327836,3116011.1755112903,1438.1893310546875,True
15150.0,336645.53950578463,3115999.962372474,1420.2476806640625,True
15180.0,336617.71387878567,3115988.7492336575,1422.7640380859375,True
15210.0,336592.6118930211,3115972.445671494,1408.5638427734375,True
15240.0,336568.51493186824,3115954.636059,1409.2060546875,True
15270.0,336545.5945193981,3115935.2800601316,1425.7349853515625,True
15300.0,336518.1601629858,3115923.5711352434,1415.951171875,True
15330.0,336489.6348628495,3115914.781874089,1407.64697265625,True
15360.0,336459.9572410253,3115910.3956726734,1402.2691650390625,True
15390.0,336430.81975582236,3115903.25619862,1406.3470458984375,True
15420.0,336405.37048793165,3115888.1917597535,1402.0552978515625,True
15450.0,336384.9883241368,3115866.178868098,1411.2530517578125,True
15480.0,336366.3895599585,3115842.6437533456,1431.980224609375,True
15510.0,336347.8505956046,3115819.0575963743,1419.73486328125,True
15540.0,336329.31163125084,3115795.4714394026,1435.23388671875,True
15570.0,336309.8791191231,3115772.643273387,1408.1810302734375,True
15600.0,336287.64710249164,3115752.743116473,1406.170654296875,True
15630.0,336261.6114259327,3115737.8534241924,1394.519287109375,True
15660.0,336234.55024129606,3115724.903818559,1395.6795654296875,True
15690.0,336207.48905665945,3115711.9542129254,1390.3333740234375,True
15720.0,336180.42787202285,3115699.004607292,1390.3333740234375,True
15750.0,336153.9010077618,3115685.041519325,1394.838134765625,True
15780.0,336129.9081213828,3115667.0798082575,1389.1280517578125,True
15810.0,336107.36056676635,3115647.3030409124,1392.343994140625,True
15840.0,336085.3839111207,3115626.8818116,1393.864501953125,True
15870.0,336063.59467608883,3115606.268787992,1414.8817138671875,True
15900.0,336042.6720101898,3115584.768972838,1399.5841064453125,True
15930.0,336021.74934429076,3115563.2691576835,1400.902587890625,True
15960.0,336000.82667839166,3115541.769342529,1416.0848388671875,True
15990.0,335979.9040124926,3115520.2695273743,1400.129150390625,True
16020.0,335958.9813465936,3115498.76971222,1398.614013671875,True
16050.0,335938.29673614167,3115477.0459557357,1392.75146484375,True
16080.0,335918.11420922284,3115454.8498838497,1402.31298828125,True
16110.0,335897.931682304,3115432.6538119633,1389.4794921875,True
16140.0,335877.74915538525,3115410.4577400773,1388.7149658203125,True
16170.0,335857.5666284664,3115388.2616681913,1399.7470703125,True
16200.0,335837.21115206555,3115366.2249055374,1400.309814453125,True
16230.0,335813.2214013061,3115348.6241770815,1387.73388671875,True
16260.0,335786.2472539783,3115335.494235119,1400.25048828125,True
16290.0,335761.38626112946,3115318.88726842,1400.25048828125,True
16320.0,335742.8314846087,3115295.541587115,1395.3836669921875,True
16350.0,335727.94755207165,3115269.514887935,1393.549072265625,True
16380.0,335714.35200014897,3115242.772394261,1410.55126953125,True
16410.0,335700.7564482263,3115216.0299005867,1423.9561767578125,True
16440.0,335685.51305880863,3115190.283699449,1399.2188720703125,True
16470.0,335664.75656319596,3115169.1112727234,1394.5401611328125,True
16500.0,335638.8762188268,3115153.9386732318,1414.410400390625,True
16530.0,335611.87999926583,3115140.869556565,1395.44970703125,True
16560.0,335584.8045994215,3115127.9496988542,1378.166015625,True
16590.0,335557.7423455167,3115115.003624263,1384.7740478515625,True
16620.0,335531.19310112996,3115101.034457413,1375.97314453125,True
16650.0,335506.121723021,3115084.665142379,1385.6192626953125,True
16680.0,335482.3958930011,3115066.3052679272,1394.362548828125,True
16710.0,335457.3663180017,3115049.9065490137,1381.32421875,True
16740.0,335429.73495471815,3115038.573259632,1381.32421875,True
16770.0,335400.1844468291,3115033.9162052665,1391.802734375,True
16800.0,335370.2035431329,3115032.845965311,1379.2147216796875,True
16830.0,335340.36029309005,3115029.7972407336,1374.478515625,True
16860.0,335311.464514678,3115021.9779977873,1369.4443359375,True
16890.0,335286.2018905783,3115006.141440893,1385.982177734375,True
16920.0,335266.1669975675,3114983.9849297297,1380.0648193359375,True
16950.0,335248.0655931211,3114960.0689574103,1386.7913818359375,True
16980.0,335228.4261860758,3114937.424320431,1406.028564453125,True
17010.0,335206.62921041274,3114916.8469378706,1406.40478515625,True
17040.0,335181.8695071992,3114899.9815218076,1382.7510986328125,True
17070.0,335155.1930684811,3114886.4302687105,1377.1676025390625,True
17100.0,335128.19329573755,3114874.380243029,1360.81591796875,True
17130.0,335107.9893966119,3114852.203623356,1376.6229248046875,True
17160.0,335081.999938544,3114839.7649304667,1364.5118408203125,True
17190.0,335059.0099883676,3114821.1116153304,1366.8468017578125,True
17220.0,335041.2618469603,3114797.2230841117,1366.8468017578125,True
17250.0,335027.4276453017,3114770.621622755,1371.390869140625,True
17280.0,335004.83679754724,3114751.613913136,1376.0894775390625,True
17310.0,334977.136084352,3114740.1547612655,1363.3594970703125,True
17340.0,334948.5513020771,3114731.049256211,1369.2628173828125,True
17370.0,334919.49502189073,3114723.69630357,1369.2628173828125,True
17400.0,334890.0789993431,3114717.941364172,1363.422119140625,True
17430.0,334860.35920591746,3114713.9513784614,1356.716064453125,True
17460.0,334831.87376776437,3114705.095990815,1365.2301025390625,True
17490.0,334808.8214918944,3114686.554483944,1353.632080078125,True
17520.0,334795.1700267572,3114659.9465570846,1351.26025390625,True
17550.0,334781.2844155472,3114633.422425451,1355.501708984375,True
17580.0,334763.7066264539,3114609.128187039,1353.362548828125,True
17610.0,334743.49511325813,3114586.969938349,1353.362548828125,True
17640.0,334721.3552259199,3114566.74199657,1355.9754638671875,True
17670.0,334697.12255785393,3114549.133125881,1359.293701171875,True
17700.0,334670.77834803145,3114534.809956603,1351.6856689453125,True
17730.0,334643.43117220147,3114522.4879258582,1357.0460205078125,True
17760.0,334615.25084507075,3114512.1986516947,1349.00146484375,True
17790.0,334586.3928701188,3114504.1905142986,1343.595458984375,True
17820.0,334557.1654818809,3114497.425916987,1341.677734375,True
17850.0,334527.938093643,3114490.661319675,1342.6287841796875,True
17880.0,334498.7107054051,3114483.8967223633,1342.6287841796875,True
17910.0,334469.7885902653,3114475.937330309,1341.7613525390625,True
17940.0,334440.89846009074,3114467.8527537277,1342.150390625,True
17970.0,334412.5470685466,3114458.143377007,1340.4603271484375,True
18000.0,334386.33526322205,3114443.626454324,1340.9390869140625,True
18030.0,334361.89955516043,3114426.274286323,1343.21337890625,True
18060.0,334340.78184679704,3114405.141882873,1337.0908203125,True
18090.0,334327.0897093165,3114378.6730262693,1337.0908203125,True
18120.0,334324.278701717,3114349.0317800734,1337.9852294921875,True
18150.0,334327.2523612374,3114319.1888806866,1337.267578125,True
18180.0,334330.5405858186,3114289.3696322204,1341.0255126953125,True
18210.0,334333.8288103998,3114259.5503837536,1353.4227294921875,True
18240.0,334336.44779070874,3114229.678182037,1379.833984375,True
18270.0,334337.88995700434,3114199.712866147,1429.097900390625,True
18300.0,334338.1558800509,3114169.7417552457,1459.16845703125,True
18330.0,334334.04280909675,3114140.037180546,1486.5516357421875,True
18360.0,334331.015674246,3114110.1902970476,1513.461669921875,True
18390.0,334327.9885393952,3114080.3434135485,1532.0364990234375,True
18420.0,334320.60088942025,3114051.292749071,1545.1480712890625,True
18450.0,334306.6660178134,3114024.9371353555,1525.423095703125,True
18480.0,334284.89852838626,3114004.4768304205,1502.7384033203125,True
18510.0,334257.72867447283,3113992.0653769113,1470.1868896484375,True
18540.0,334228.14552270365,3113990.5714405463,1437.75341796875,True
18570.0,334201.060035612,3114002.5496437447,1437.75341796875,True
18600.0,334176.9456423094,3114020.3961009746,1367.0599365234375,True
18630.0,334152.8312490068,3114038.242558204,1356.998779296875,True
18660.0,334128.71685570414,3114056.0890154336,1344.0982666015625,True
18690.0,334104.60246240156,3114073.935472663,1350.9637451171875,True
18720.0,334079.8345721695,3114090.8588632005,1330.50537109375,True
18750.0,334052.8228799195,3114103.406232637,1330.570068359375,True
18780.0,334023.4392103339,3114108.631643638,1327.9747314453125,True
18810.0,333994.75354820135,3114101.36576486,1331.39501953125,True
18840.0,333970.39677018253,3114084.041062218,1329.4495849609375,True
18870.0,333947.0587992153,3114065.19062161,1333.0386962890625,True
18900.0,333923.7208282481,3114046.3401810015,1342.596435546875,True
18930.0,333900.38285728084,3114027.489740393,1342.596435546875,True
18960.0,333877.04488631355,3114008.639299785,1347.92822265625,True
18990.0,333853.7069153463,3113989.788859176,1338.504150390625,True
19020.0,333830.3689443791,3113970.9384185676,1341.517578125,True
19050.0,333807.0309734118,3113952.0879779593,1344.3143310546875,True
19080.0,333784.41375320207,3113932.472284238,1344.3143310546875,True
19110.0,333763.1530851152,3113911.3066518945,1345.4989013671875,True
19140.0,333741.8924170283,3113890.141019551,1354.35888671875,True
19170.0,333720.63174894144,3113868.9753872077,1354.35888671875,True
19200.0,333699.37108085456,3113847.8097548643,1365.3187255859375,True
19230.0,333678.1104127677,3113826.6441225205,1367.2884521484375,True
19260.0,333656.8497446808,3113805.478490177,1344.5096435546875,True
19290.0,333638.50241731503,3113781.859482916,1344.5096435546875,True
19320.0,333621.2632771381,3113757.3072519386,1325.8858642578125,True
19350.0,333604.02413696126,3113732.755020961,1330.60888671875,True
19380.0,333586.7849967844,3113708.202789984,1324.33251953125,True
19410.0,333569.5458566075,3113683.6505590067,1331.67138671875,True
19440.0,333552.30671643064,3113659.0983280293,1328.0096435546875,True
19470.0,333535.0675762538,3113634.5460970523,1339.2664794921875,True
19500.0,333517.8284360769,3113609.993866075,1347.3792724609375,True
19530.0,333503.1744888889,3113583.9135089526,1349.044189453125,True
19560.0,333489.9758474936,3113556.9729101225,1344.0906982421875,True
19590.0,333476.7772060983,3113530.0323112924,1326.2249755859375,True
19620.0,333463.578564703,3113503.0917124623,1325.2403564453125,True
19650.0,333450.3799233077,3113476.1511136326,1333.5523681640625,True
19680.0,333437.18128191243,3113449.2105148025,1325.4163818359375,True
19710.0,333423.9826405171,3113422.2699159724,1330.1683349609375,True
19740.0,333410.7839991218,3113395.3293171423,1326.696533203125,True
19770.0,333397.58535772655,3113368.3887183126,1329.22119140625,True
19800.0,333384.38671633124,3113341.4481194825,1324.7701416015625,True
19830.0,333368.76776314026,3113316.386540795,1325.5330810546875,True
19860.0,333345.9395109879,3113296.92193436,1321.3232421875,True
19890.0,333322.8980323594,3113277.7669310514,1321.426513671875,True
19920.0,333298.72893331555,3113260.9112122725,1320.431640625,True
19950.0,333298.4656398278,3113232.4459515475,1321.3594970703125,True
19980.0,333302.25263082713,3113203.161017672,1321.681640625,True
20010.0,333285.2611484387,3113180.2311062873,1321.093505859375,True
20040.0,333263.3262023852,3113159.765477419,1319.5018310546875,True
20070.0,333241.30127190176,3113139.3963233572,1318.8360595703125,True
20100.0,333219.2763414184,3113119.027169295,1318.671142578125,True
20130.0,333197.25141093496,3113098.658015233,1318.7640380859375,True
20160.0,333175.2264804515,3113078.288861171,1320.0789794921875,True
20190.0,333153.5800559336,3113057.5715056653,1320.0789794921875,True
20220.0,333135.19668571063,3113033.882327342,1319.75439453125,True
20250.0,333125.06057379884,3113005.6465479955,1322.3302001953125,True
20280.0,333114.924461887,3112977.4107686486,1317.1734619140625,True
20310.0,333104.7883499752,3112949.174989302,1317.6484375,True
20340.0,333089.0566220993,3112924.2366637727,1317.2142333984375,True
20370.0,333082.9712749121,3112897.549104548,1302.45654296875,True
20400.0,333099.45609008695,3112873.139283757,1308.3489990234375,True
20430.0,333093.88086812716,3112844.1229014182,1307.9462890625,True
20460.0,333084.53534656565,3112815.637402459,1291.89306640625,True
20490.0,333093.693478646,3112787.4696095074,1306.317138671875,True
20520.0,333093.9964293187,3112758.0530142016,1311.8504638671875,True
20550.0,333079.18936844036,3112732.0958025423,1290.10302734375,True
20580.0,333060.32750291715,3112708.7670644536,1302.3221435546875,True
20610.0,333041.4694835893,3112685.4352169693,1314.7254638671875,True
20640.0,333020.22573336406,3112664.5908355312,1324.177001953125,True
20670.0,332996.12717958854,3112646.7229955406,1301.5826416015625,True
20700.0,332972.02862581296,3112628.85515555,1354.935791015625,True
20730.0,332947.9300720374,3112610.9873155593,1313.835205078125,True
20760.0,332923.83151826187,3112593.119475569,1290.3837890625,True
20790.0,332904.6328815783,3112570.3884365736,1268.23583984375,True
20820.0,332886.94642868015,3112546.1564456606,1276.540283203125,True
20850.0,332869.259478138,3112521.9248179705,1263.899169921875,True
20880.0,332851.57252759585,3112497.6931902803,1269.7196044921875,True
20910.0,332839.72551015357,3112470.185464976,1269.21923828125,True
20940.0,332826.1483540626,3112443.4377606814,1280.3536376953125,True
20970.0,332812.7025417523,3112416.629995355,1276.4114990234375,True
21000.0,332795.9194772206,3112391.8756871256,1281.48779296875,True
21030.0,332771.30132444605,3112376.2485061125,1265.748779296875,True
21060.0,332742.2344539006,3112369.9613685943,1259.72802734375,True
21090.0,332721.5412625949,3112348.655153518,1257.05712890625,True
21120.0,332701.202172278,3112326.8482263493,1260.163818359375,True
21150.0,332676.51751904277,3112310.0793303647,1246.406005859375,True
21180.0,332648.9991217699,3112298.2588772764,1254.7503662109375,True
21210.0,332621.0813993707,3112287.277055863,1249.3128662109375,True
21240.0,332593.34588507324,3112275.849903725,1256.2740478515625,True
21270.0,332566.55654702004,3112262.4315376696,1252.9053955078125,True
21300.0,332541.8670315342,3112245.46060254,1255.0567626953125,True
21330.0,332518.68496262823,3112226.442239872,1255.0567626953125,True
21360.0,332495.8374958879,3112207.0007885145,1254.313232421875,True
21390.0,332473.8270493737,3112186.615984266,1258.089111328125,True
21420.0,332453.1947677116,3112164.9181063296,1247.2025146484375,True
21450.0,332433.91182544036,3112141.93620291,1257.6834716796875,True
21480.0,332415.6419716427,3112118.2253466793,1247.5843505859375,True
21510.0,332400.00941538636,3112092.6202068655,1252.4481201171875,True
21540.0,332387.1510358612,3112065.5299375746,1254.6563720703125,True
21570.0,332373.93146642135,3112038.6055812715,1254.6563720703125,True
21600.0,332357.7232587282,3112013.520137885,1260.5740966796875,True
21630.0,332336.0421366439,3111992.977337417,1265.4022216796875,True
21660.0,332309.3930008504,3111979.274122436,1265.4022216796875,True
21690.0,332281.810659267,3111967.4802036975,1271.448974609375,True
21720.0,332255.0044565561,3111954.1010943693,1260.4786376953125,True
21750.0,332226.44593427645,3111945.589935951,1268.1156005859375,True
21780.0,332197.51717461034,3111940.1410487797,1255.9290771484375,True
21810.0,332173.2028254718,3111922.7698438894,1250.8822021484375,True
21840.0,332156.0950148248,3111898.429123912,1243.6827392578125,True
21870.0,332141.7215202546,3111872.1043204246,1246.6983642578125,True
21900.0,332127.9264510877,3111845.4679374816,1245.931396484375,True
21930.0,332114.2554050963,3111818.801729646,1256.1240234375,True
21960.0,332096.8051361701,3111794.399104492,1268.010498046875,True
21990.0,332074.5099995571,3111774.4061423754,1268.010498046875,True
22020.0,332050.1877521181,3111756.921730269,1275.767578125,True
22050.0,332024.2276207244,3111741.9594128416,1255.563232421875,True
22080.0,331996.2859474723,3111731.0386575623,1261.9552001953125,True
22110.0,331968.6722662296,3111720.7155434117,1250.468994140625,True
22140.0,331946.09948876494,3111701.0462053465,1273.17333984375,True
22170.0,331925.57889498957,3111679.1650624424,1273.17333984375,True
22200.0,331907.7607454653,3111655.296655017,1267.8983154296875,True
22230.0,331893.22079091513,3111629.0557831647,1278.9150390625,True
22260.0,331879.0360240338,3111602.6211016173,1273.9525146484375,True
22290.0,331864.2294172668,3111576.5426660134,1281.6165771484375,True
22320.0,331846.8554123857,3111552.2150101215,1277.3515625,True
22350.0,331825.76066531363,3111531.0649965466,1266.408935546875,True
22380.0,331801.5641930419,3111513.397402488,1285.01171875,True
22410.0,331774.59378273983,3111500.3906810847,1259.5213623046875,True
22440.0,331746.33788274624,3111490.409398401,1265.9764404296875,True
22470.0,331718.03311444575,3111480.5224747467,1256.850341796875,True
22500.0,331690.1593679238,3111469.4537236616,1251.59375,True
22530.0,331662.04007510614,3111458.9988027425,1253.894287109375,True
22560.0,331634.887790529,3111446.4026205977,1247.8863525390625,True
22590.0,331608.69384290674,3111431.8069297173,1245.5040283203125,True
22620.0,331583.3895820419,3111415.6918938165,1240.57421875,True
22650.0,331558.19659402885,3111399.403741313,1244.6385498046875,True
22680.0,331533.15090694174,3111382.8946357477,1244.6385498046875,True
22710.0,331507.1674275618,3111367.947462877,1247.3267822265625,True
22740.0,331481.8897118518,3111351.8876830335,1242.422607421875,True
22770.0,331456.2146902213,3111336.5492307735,1241.3668212890625,True
22800.0,331435.2182689531,3111316.543054097,1238.33935546875,True
22830.0,331413.16954544146,3111296.865773331,1238.33935546875,True
22860.0,331385.7996994361,3111285.0506326687,1234.9127197265625,True
22890.0,331358.0515540444,3111273.831807619,1225.045166015625,True
22920.0,331334.2228273109,3111256.5648435093,1223.6737060546875,True
22950.0,331319.8903142832,3111230.2636353737,1223.6737060546875,True
22980.0,331309.71782427863,3111202.294553905,1220.897216796875,True
23010.0,331306.1735197877,3111172.5155493156,1224.431396484375,True
23040.0,331299.5237776351,3111143.2670370582,1229.224853515625,True
23070.0,331290.92731260683,3111114.571042103,1236.0283203125,True
23100.0,331279.2287280667,3111086.974354277,1224.811767578125,True
23130.0,331263.85430840106,3111061.2133911746,1229.690185546875,True
23160.0,331244.4273057466,3111038.466119639,1218.8118896484375,True
23190.0,331224.4152102113,3111016.118740782,1214.293212890625,True
23220.0,331204.6662861228,3110993.536004071,1214.293212890625,True
23250.0,331186.30291176,3110969.8241178743,1211.94677734375,True
23280.0,331168.1706707747,3110945.9238702427,1214.484375,True
23310.0,331152.1130585545,3110920.604876909,1217.2764892578125,True
23340.0,331130.47818819096,3110900.4075850523,1219.4912109375,True
23370.0,331106.7243784913,3110882.1095633963,1219.30517578125,True
23400.0,331083.669915781,3110862.913424484,1226.4185791015625,True
23430.0,331061.81693298626,3110842.39930722,1218.7215576171875,True
23460.0,331037.81686155085,3110824.7495756787,1223.4715576171875,True
23490.0,331014.6479006861,3110805.786831702,1234.0087890625,True
23520.0,330992.1650478838,3110785.9504485754,1234.0087890625,True
23550.0,330971.33103085536,3110764.4004096263,1226.447265625,True
23580.0,330952.3009160012,3110741.480854871,1224.603271484375,True
23610.0,330936.3731266861,3110716.061037945,1242.864990234375,True
23640.0,330915.99840617063,3110694.3125447775,1232.807373046875,True
23670.0,330888.9301989161,3110682.5856705923,1219.8262939453125,True
23700.0,330859.11467931524,3110679.746098809,1212.3612060546875,True
23730.0,330829.78206954687,3110674.2787959077,1205.9462890625,True
23760.0,330803.542810672,3110662.2029261612,1200.7667236328125,True
23790.0,330789.3431634915,3110636.316568042,1200.419189453125,True
23820.0,330779.25147577125,3110608.0650581317,1200.88232421875,True
23850.0,330766.36075635185,3110581.1252822676,1197.6715087890625,True
23880.0,330747.85079575505,3110557.6023013876,1197.2841796875,True
23910.0,330722.3266512757,3110542.6465868666,1197.2841796875,True
23940.0,330694.57622469694,3110531.2486122786,1196.160400390625,True
23970.0,330668.2671052446,3110516.9850195874,1197.0059814453125,True
24000.0,330648.2138424291,3110495.285751709,1197.012451171875,True
24030.0,330634.70850881276,3110469.069010213,1199.616943359375,True
24060.0,330609.1367556487,3110456.47188313,1196.449951171875,True
24090.0,330603.0069785327,3110427.277019945,1200.524658203125,True
24120.0,330578.71988995274,3110416.093343044,1194.1064453125,True
24150.0,330550.8468827348,3110409.7171769463,1185.3790283203125,True
24180.0,330542.0407243541,3110381.6160028465,1189.8612060546875,True
24210.0,330525.8121359986,3110356.652079155,1194.86474609375,True
24240.0,330504.9661443802,3110335.18637663,1192.282958984375,True
24270.0,330481.01608978555,3110317.279166506,1207.8499755859375,True
24300.0,330455.6343333385,3110301.3117545713,1206.1973876953125,True
24330.0,330428.67085784517,3110288.1976161757,1215.4932861328125,True
24360.0,330400.03186194523,3110279.4449988236,1214.5225830078125,True
24390.0,330370.25339110027,3110275.8059503026,1214.5582275390625,True
24420.0,330340.69033290807,3110270.9067290328,1214.0445556640625,True
24450.0,330313.7477312346,3110257.988081627,1206.0533447265625,True
24480.0,330291.75159444823,3110237.7378909537,1207.7666015625,True
24510.0,330274.52206800005,3110213.3688221886,1203.707763671875,True
24540.0,330263.2153387751,3110185.581093346,1205.6761474609375,True
24570.0,330251.90860955016,3110157.793364503,1208.7646484375,True
24600.0,330240.60188032524,3110130.0056356606,1216.0517578125,True
24630.0,330227.7379388488,3110102.906414656,1210.4840087890625,True
24660.0,330207.5475306592,3110081.1225701086,1204.1021728515625,True
24690.0,330185.30764118966,3110061.0296492884,1204.1021728515625,True
24720.0,330168.358310626,3110036.510548551,1203.7432861328125,True
24750.0,330159.08289543836,3110007.9804473757,1213.975341796875,True
24780.0,330151.1297339146,3109979.0716848196,1218.908447265625,True
24810.0,330141.2109099749,3109950.943825163,1200.11962890625,True
24840.0,330118.64370763145,3109931.894835759,1185.6524658203125,True
24870.0,330090.0834642643,3109923.124180254,1185.6524658203125,True
24900.0,330060.6887951649,3109919.227563337,1174.1173095703125,True
24930.0,330036.9740824298,3109901.080846156,1182.883544921875,True
24960.0,330010.71192810615,3109886.9577540117,1175.549072265625,True
24990.0,329983.2982743241,3109874.7998173945,1164.9052734375,True
25020.0,329962.20726876095,3109854.1350680403,1164.310546875,True
25050.0,329951.5869348145,3109826.086632011,1167.37744140625,True
25080.0,329942.947511278,3109797.3743504076,1176.2823486328125,True
25110.0,329926.49960504175,3109772.650461643,1174.845703125,True
25140.0,329902.3800544686,3109755.817934665,1183.462158203125,True
25170.0,329873.7502615709,3109747.1214781706,1175.947021484375,True
25200.0,329843.7947193924,3109747.0386668625,1169.786376953125,True
25230.0,329815.21971199283,3109754.940073168,1164.29150390625,True
25260.0,329787.25769721775,3109765.3824949465,1157.7464599609375,True
25290.0,329758.2704533105,3109761.2787167365,1162.1689453125,True
25320.0,329737.5358578251,3109739.9265836463,1153.6844482421875,True
25350.0,329718.6023122756,3109716.6563969566,1154.0955810546875,True
25380.0,329704.29764956946,3109690.4722312526,1172.9169921875,True
25410.0,329694.5485818911,3109662.180204651,1189.1707763671875,True
25440.0,329672.2039722713,3109644.4251017505,1189.1707763671875,True
25470.0,329642.99369714427,3109639.4937053593,1172.3505859375,True
25500.0,329626.9861322037,3109614.610948768,1166.8426513671875,True
25530.0,329609.37215222255,3109590.3707161024,1187.2755126953125,True
25560.0,329589.27751743945,3109568.128858139,1196.095703125,True
25590.0,329571.56710370956,3109544.0618131016,1206.9005126953125,True
25620.0,329550.58634120895,3109522.6205877075,1206.9005126953125,True
25650.0,329529.22328471305,3109501.5583034735,1207.0177001953125,True
25680.0,329507.30543224193,3109481.078092999,1203.63134765625,True
25710.0,329489.828120688,3109456.793699047,1210.40087890625,True
25740.0,329475.2388742872,3109430.584046222,1199.8463134765625,True
25770.0,329466.26671973924,3109402.1167160477,1198.518310546875,True
25800.0,329456.70591230434,3109374.048977714,1179.3199462890625,True
25830.0,329441.5505024195,3109348.210881288,1166.2020263671875,True
25860.0,329426.41568371415,3109322.4228525707,1141.6636962890625,True
25890.0,329407.73373838834,3109298.9847961115,1144.736328125,True
25920.0,329386.7002414573,3109277.6047602855,1138.40576171875,True
25950.0,329363.32015304995,3109258.8712026826,1142.3941650390625,True
25980.0,329336.9480635375,3109244.5842899536,1147.8399658203125,True
26010.0,329310.2241635449,3109230.9537650542,1147.8399658203125,True
26040.0,329283.65153790265,3109217.029126227,1144.321044921875,True
26070.0,329258.38337399636,3109201.122572252,1141.738037109375,True
26100.0,329236.44197744667,3109180.756428728,1140.35595703125,True
26130.0,329217.74820198095,3109157.2936913813,1135.145751953125,True
26160.0,329199.2782138008,3109133.6534854677,1130.2984619140625,True
26190.0,329180.8270726146,3109109.9985623243,1117.57373046875,True
26220.0,329160.9745969103,3109087.525406941,1117.355224609375,True
26250.0,329137.82443570334,3109068.51807859,1109.6165771484375,True
26280.0,329110.25656736764,3109056.685385091,1111.51318359375,True
26310.0,329082.4268609961,3109045.576847532,1115.7197265625,True
26340.0,329053.6663821073,3109037.042513692,1132.811767578125,True
26370.0,329024.9059032185,3109028.5081798523,1121.53173828125,True
26400.0,328995.8830605899,3109020.979011285,1123.521484375,True
26430.0,328966.62045518646,3109014.3684194055,1125.1737060546875,True
26460.0,328937.357849783,3109007.757827526,1128.9974365234375,True
26490.0,328907.9403905779,3109002.023328469,1120.234375,True
26520.0,328878.1847427124,3108998.2021480096,1122.013916015625,True
26550.0,328848.42909484694,3108994.38096755,1117.4869384765625,True
26580.0,328818.72688331106,3108990.194619575,1114.2506103515625,True
26610.0,328789.1239783631,3108985.3296407834,1115.4898681640625,True
26640.0,328759.5210734152,3108980.4646619917,1117.4248046875,True
26670.0,328729.85233946494,3108976.029115332,1094.581298828125,True
26700.0,328700.1514656661,3108971.8032313315,1092.968017578125,True
26730.0,328670.5483030294,3108966.9814039003,1095.2537841796875,True
26760.0,328641.0530450495,3108961.501462596,1099.9208984375,True
26790.0,328612.1852984581,3108953.8486827537,1105.3096923828125,True
26820.0,328584.3098137052,3108942.7600692343,1097.447509765625,True
26850.0,328556.43432895234,3108931.6714557144,1101.002685546875,True
26880.0,328529.8449690153,3108917.8512929417,1101.002685546875,True
26910.0,328504.0215406373,3108902.6297072987,1097.3096923828125,True
26940.0,328479.0027093957,3108886.0750075644,1100.16748046875,True
26970.0,328454.2301627865,3108869.174682368,1103.9769287109375,True
27000.0,328430.41471015447,3108850.931211867,1098.3369140625,True
27030.0,328406.59979941184,3108832.687033995,1104.78369140625,True
27060.0,328382.1799509587,3108815.280616233,1099.9281005859375,True
27090.0,328357.3705884247,3108798.413620927,1102.5,True
27120.0,328332.5612258907,3108781.5466256207,1101.0296630859375,True
27150.0,328306.1494106637,3108767.4321649624,1099.1512451171875,True
27180.0,328279.23241817247,3108754.1854478135,1096.47900390625,True
27210.0,328251.17814336147,3108743.740788288,1093.8365478515625,True
27240.0,328222.6429917046,3108734.4809222026,1089.0640869140625,True
27270.0,328193.2892009678,3108729.002648553,1079.3270263671875,True
27300.0,328163.47916268377,3108725.6319486992,1072.28515625,True
27330.0,328133.66912439966,3108722.261248846,1072.6920166015625,True
27360.0,328103.85908611555,3108718.890548993,1074.2998046875,True
27390.0,328074.0493149382,3108715.5174879096,1076.7431640625,True
27420.0,328044.2396043942,3108712.143890826,1079.7275390625,True
27450.0,328014.32977916184,3108709.9469909933,1080.7076416015625,True
27480.0,327984.3786065894,3108708.2360668173,1085.5484619140625,True
27510.0,327954.42686182173,3108706.542321748,1079.8875732421875,True
27540.0,327924.42822379887,3108706.2564602946,1088.1552734375,True
27570.0,327894.42958577594,3108705.9705988406,1093.285400390625,True
27600.0,327864.4322612943,3108705.621424119,1092.0638427734375,True
27630.0,327834.4475802565,3108704.662829802,1083.4993896484375,True
27660.0,327804.4628992188,3108703.704235485,1076.6002197265625,True
27690.0,327774.47821818106,3108702.7456411677,1073.231689453125,True
27720.0,327744.5169119133,3108701.2619994557,1069.455078125,True
27750.0,327714.565670244,3108699.5522853085,1067.29248046875,True
27780.0,327684.6144285746,3108697.8425711608,1064.364501953125,True
27810.0,327654.66213991493,3108696.151914366,1059.9451904296875,True
27840.0,327624.7038625516,3108694.5702641453,1057.5570068359375,True
27870.0,327594.7455851882,3108692.988613925,1057.797607421875,True
27900.0,327564.7865167112,3108691.458047971,1058.1177978515625,True
27930.0,327534.79362915613,3108692.1112677744,1057.439208984375,True
27960.0,327504.80074160115,3108692.764487578,1057.854248046875,True
27990.0,327474.844901928,3108694.2711434867,1058.9239501953125,True
28020.0,327444.9090954463,3108695.809443276,1060.26806640625,True
28050.0,327414.98086210084,3108693.735594482,1058.865478515625,True
28080.0,327385.00684127334,3108692.9683681484,1056.453369140625,True
28110.0,327356.29296143644,3108686.849681558,1055.3201904296875,True
28140.0,327328.8420449103,3108674.7481452143,1055.6629638671875,True
28170.0,327301.6474327841,3108662.100444357,1055.2530517578125,True
28200.0,327275.03075930005,3108648.2740111845,1059.5364990234375,True
28230.0,327250.3711778057,3108631.556250348,1063.0245361328125,True
28260.0,327227.6229424052,3108612.176650308,1067.70654296875,True
28290.0,327201.6087463324,3108597.2347092465,1063.7049560546875,True
28320.0,327173.28240125935,3108587.763873061,1063.4432373046875,True
28350.0,327143.9077802787,3108582.3528685714,1076.7056884765625,True
28380.0,327114.032357373,3108579.62173214,1071.3614501953125,True
28410.0,327084.14319693344,3108577.1948512713,1068.0975341796875,True
28440.0,327054.1432097067,3108577.2225351566,1067.7054443359375,True
28470.0,327024.14322248,3108577.250219042,1064.4459228515625,True
28500.0,326994.1432352533,3108577.2779029272,1058.260009765625,True
28530.0,326964.1432480266,3108577.3055868126,1051.1243896484375,True
28560.0,326934.17492718855,3108576.2632233296,1049.5166015625,True
28590.0,326904.2290773722,3108574.461535572,1050.315185546875,True
28620.0,326874.2832275558,3108572.6598478146,1048.634765625,True
28650.0,326844.46897740936,3108569.64713538,1047.3824462890625,True
28680.0,326814.8351172537,3108564.9744132315,1048.1923828125,True
28710.0,326785.4449281206,3108559.2983200657,1045.508056640625,True
28740.0,326756.96868027555,3108549.8588651735,1042.549072265625,True
28770.0,326728.4924324305,3108540.419410281,1042.980712890625,True
28800.0,326700.1966151647,3108530.4657792216,1042.980712890625,True
28830.0,326672.06605042896,3108520.0412251474,1055.159912109375,True
28860.0,326643.9354856932,3108509.6166710733,1051.91943359375,True
28890.0,326615.8049209575,3108499.192116999,1042.6663818359375,True
28920.0,326587.67435622175,3108488.7675629244,1047.66455078125,True
28950.0,326559.543791486,3108478.3430088502,1045.464111328125,True
28980.0,326531.4132267503,3108467.918454776,1042.69873046875,True
29010.0,326503.28266201454,3108457.4939007014,1046.897216796875,True
29040.0,326475.1520972788,3108447.069346627,1045.7059326171875,True
29070.0,326447.03898555564,3108436.5991147817,1050.8804931640625,True
29100.0,326419.12437237985,3108425.6093754196,1046.5797119140625,True
29130.0,326391.20975920407,3108414.6196360574,1043.6307373046875,True
29160.0,326363.22494201665,3108403.811499361,1037.680908203125,True
29190.0,326335.17723540607,3108393.1660238868,1035.05615234375,True
29220.0,326307.1092994866,3108382.5747384173,1039.2655029296875,True
29250.0,326279.30385345523,3108371.3628875962,1040.969482421875,True
29280.0,326253.2847142362,3108356.5972918137,1037.6217041015625,True
29310.0,326229.7538632291,3108337.9954461604,1035.5155029296875,True
29340.0,326208.08229547547,3108317.4685651115,1037.82373046875,True
29370.0,326190.72585330455,3108293.0363336406,1038.76904296875,True
29400.0,326175.3446649866,3108267.279411349,1035.6507568359375,True
29430.0,326158.61878039385,3108242.478202807,1028.6025390625,True
29460.0,326139.3509151804,3108219.483651928,1027.51904296875,True
29490.0,326120.0830499669,3108196.4891010495,1020.4744873046875,True
29520.0,326097.6432914916,3108176.619336065,1012.7212524414062,True
29550.0,326074.9395958336,3108157.0095884004,1019.1008911132812,True
29580.0,326060.00690504455,3108131.5722974306,1015.6876220703125,True
29610.0,326049.99617501174,3108103.2927452307,1023.86376953125,True
29640.0,326036.17132883467,3108076.7023618813,1020.7619018554688,True
29670.0,326019.8650121778,3108051.5225144415,1020.7619018554688,True
29700.0,325999.79525497224,3108029.279359514,1017.1063842773438,True
29730.0,325990.35580217815,3108001.407432576,1019.0379028320312,True
29760.0,325985.8130212752,3107971.766605143,1021.8492431640625,True
29790.0,325979.7874812817,3107942.3779559135,1029.08740234375,True
29820.0,325961.2380751964,3107919.3493028153,1022.4308471679688,True
29850.0,325934.8667079194,3107905.4899787605,1016.902099609375,True
29880.0,325905.4630598153,3107899.636100164,1013.4586181640625,True
29910.0,325875.900391189,3107894.5323149324,1011.5643920898438,True
29940.0,325846.7807984133,3107887.485246242,1006.538818359375,True
29970.0,325817.9275574281,3107879.2699869857,1003.4242553710938,True
30000.0,325789.6897808941,3107869.1488064947,1003.07666015625,True
30030.0,325762.0798504788,3107857.516982753,1002.812255859375,True
30060.0,325735.51654629473,3107843.6380299404,1004.1937866210938,True
30090.0,325709.8596729765,3107828.0905268765,1003.049560546875,True
30120.0,325683.22725770075,3107814.3073990894,1004.480224609375,True
30150.0,325655.3713176252,3107803.1715526246,1004.3447875976562,True
30180.0,325627.50902197417,3107792.0498404787,1004.8998413085938,True
30210.0,325600.7322561228,3107778.6545179826,1005.55078125,True
30240.0,325575.24125536036,3107762.836525691,1004.3508911132812,True
30270.0,325550.4208874412,3107746.038093506,1005.81298828125,True
30300.0,325526.3753424841,3107728.1004036525,1004.980712890625,True
30330.0,325502.00949599035,3107710.598817306,1008.8361206054688,True
30360.0,325476.54845511704,3107694.802419004,1006.3180541992188,True
30390.0,325450.4758279841,3107679.967297992,1001.33056640625,True
30420.0,325423.141688141,3107667.6042563342,998.0995483398438,True
30450.0,325395.5028046872,3107655.970858516,1000.1185913085938,True
30480.0,325367.49536395416,3107645.219892811,1001.560302734375,True
30510.0,325339.48792322114,3107634.4689271064,1009.01806640625,True
30540.0,325312.97694812814,3107620.8284669123,997.6334228515625,True
30570.0,325293.6059632346,3107598.3148671314,997.6334228515625,True
30600.0,325279.2267743181,3107572.0342863416,991.4751586914062,True
30630.0,325262.49815046735,3107547.281145082,993.9534912109375,True
30660.0,325238.88075530744,3107529.153455869,993.5773315429688,True
30690.0,325213.0755173542,3107513.8955847244,985.880126953125,True
30720.0,325186.5308614119,3107499.9177007317,989.488525390625,True
30750.0,325159.2149654674,3107487.568256231,982.109619140625,True
30780.0,325131.44316697353,3107476.246926891,985.1795043945312,True
30810.0,325103.1516736847,3107466.2673774282,976.847412109375,True
30840.0,325074.86018039583,3107456.2878279653,971.9049682617188,True
30870.0,325047.0693336326,3107444.989549516,973.2067260742188,True
30900.0,325021.09593094175,3107430.090111845,973.2067260742188,True
30930.0,324999.10631351586,3107409.8846375886,971.883544921875,True
30960.0,324980.44464445603,3107386.399421979,969.60009765625,True
30990.0,324962.6882471711,3107362.218891146,969.60009765625,True
31020.0,324944.5948751762,3107338.2923587533,967.9729614257812,True
31050.0,324924.38356986316,3107316.184323124,971.0460815429688,True
31080.0,324901.9762516897,3107296.2453151043,975.3236083984375,True
31110.0,324878.5421623635,3107277.575355198,966.7507934570312,True
31140.0,324857.61505163874,3107256.160586986,965.482666015625,True
31170.0,324842.67426329973,3107230.2113468023,972.5228881835938,True
31200.0,324827.54676776525,3107204.4430721067,974.4331665039062,True
31230.0,324808.66544372914,3107181.1922712075,974.4331665039062,True
31260.0,324786.303351911,3107161.414273446,986.003662109375,True
31290.0,324762.17173938476,3107143.6157788984,986.863525390625,True
31320.0,324745.1526325936,3107119.552603831,974.608154296875,True
31350.0,324725.52243234403,3107097.6369015137,983.6266479492188,True
31380.0,324696.63286089996,3107089.674059826,972.3596801757812,True
31410.0,324671.08978456777,3107074.159694452,971.5691528320312,True
31440.0,324648.6936019522,3107054.1994588757,970.2288818359375,True
31470.0,324625.8909395344,3107034.731363375,954.6940307617188,True
31500.0,324601.8016447446,3107016.9007279593,965.5678100585938,True
31530.0,324575.63455945475,3107002.228180552,950.8404541015625,True
31560.0,324549.1282108538,3106988.198737021,936.9041137695312,True
31590.0,324522.2444067091,3106974.8847941523,933.2508544921875,True
31620.0,324495.3606025644,3106961.5708512836,935.8336791992188,True
31650.0,324468.4767984197,3106948.2569084154,935.15576171875,True
31680.0,324442.18246579537,3106933.8672598624,934.2052001953125,True
31710.0,324416.49385039374,3106918.3722594185,931.2432250976562,True
31740.0,324390.89083801076,3106902.7427253937,936.1124267578125,True
31770.0,324365.9644202318,3106886.049202796,934.6754150390625,True
31800.0,324341.9267171021,3106868.135724147,938.7017822265625,True
31830.0,324318.3946412447,3106849.5281610116,930.8543701171875,True
31860.0,324294.86256538733,3106830.920597876,924.4566650390625,True
31890.0,324271.1666815642,3106812.5313324784,930.114501953125,True
31920.0,324245.82251871773,3106796.7853237386,923.2944946289062,True
31950.0,324217.1010295257,3106788.4179042913,919.976318359375,True
31980.0,324187.58725624223,3106783.299831292,921.2771606445312,True
32010.0,324157.65586501994,3106781.675040509,921.345458984375,True
32040.0,324127.75195296045,3106779.9264523545,918.6095581054688,True
32070.0,324098.6215346284,3106773.0763892303,917.35498046875,True
32100.0,324071.96507769584,3106759.6410811823,918.2792358398438,True
32130.0,324050.1723117317,3106739.276997675,922.2115478515625,True
32160.0,324031.4526055736,3106715.8558784667,925.3438720703125,True
32190.0,324014.1912033282,3106691.3307297807,922.412109375,True
32220.0,323997.33088979754,3106666.516825863,917.3896484375,True
32250.0,323981.8081672109,3106640.8663323075,917.3896484375,True
32280.0,323968.60476732015,3106613.9493105942,917.8386840820312,True
32310.0,323957.4071072934,3106586.146580205,914.8109741210938,True
32340.0,323948.8143620031,3106557.4034988047,913.4207153320312,True
32370.0,323943.0161080739,3106528.009230379,912.0308837890625,True
32400.0,323938.7133755346,3106498.345691808,911.1383666992188,True
32430.0,323936.6238370042,3106468.4185498008,907.4779052734375,True
32460.0,323936.6216720317,3106438.423726939,905.28564453125,True
32490.0,323936.5382503302,3106408.4253942994,904.354736328125,True
32520.0,323936.0499686695,3106378.4293682124,905.6000366210938,True
32550.0,323933.61559294094,3106348.570011214,910.653076171875,True
32580.0,323925.333213392,3106319.823121996,921.8876953125,True
32610.0,323911.31911174854,3106293.3369499766,940.9776611328125,True
32640.0,323894.2623050446,3106268.7425608416,953.17333984375,True
32670.0,323874.1229879964,3106246.523108129,939.3397827148438,True
32700.0,323850.69231483695,3106227.840965859,939.3397827148438,True
32730.0,323825.0659892884,3106212.270253465,930.6700439453125,True
32760.0,323798.872178177,3106197.6532656476,917.5533447265625,True
32790.0,323770.9365102231,3106186.7392412783,919.9638671875,True
32820.0,323742.5915487083,3106176.912585859,907.2254028320312,True
32850.0,323714.4929982798,3106166.432953198,895.932373046875,True
32880.0,323687.0059337846,3106154.4425209165,888.9346313476562,True
32910.0,323659.92099108925,3106141.543498835,885.03076171875,True
32940.0,323636.51481444953,3106123.1881381306,890.7593994140625,True
32970.0,323624.33888898103,3106096.0823111427,890.4067993164062,True
33000.0,323620.76498919976,3106066.3419763474,887.6245727539062,True
33030.0,323618.65707614156,3106036.4161229334,883.4503784179688,True
33060.0,323616.9497224902,3106006.475381082,877.9962768554688,True
33090.0,323616.8302535541,3105976.475618963,870.2337036132812,True
33120.0,323618.31288095727,3105946.5464048907,863.4528198242188,True
33150.0,323622.5998232092,3105916.94988787,863.4528198242188,True
33180.0,323630.4721176927,3105888.001192224,859.7283325195312,True
33210.0,323639.1647254174,3105859.2994602695,864.3027954101562,True
33240.0,323648.61456174107,3105830.8282182156,861.0439453125,True
33270.0,323663.17446015985,3105804.6886952217,860.5272216796875,True
33300.0,323680.5424598185,3105780.227448568,864.7793579101562,True
33330.0,323698.5674425299,3105756.2554971185,862.977783203125,True
33360.0,323717.02863625006,3105732.6084185163,860.1666870117188,True
33390.0,323732.48222530534,3105706.9803914,870.5609741210938,True
33420.0,323745.8211047593,3105680.1125875437,867.7770385742188,True
33450.0,323758.93553401483,3105653.132019195,899.7024536132812,True
33480.0,323771.4661286824,3105625.874282728,900.5647583007812,True
33510.0,323783.7178078278,3105598.495575353,894.2322998046875,True
33540.0,323795.0600418726,3105570.7223213017,930.9019165039062,True
33570.0,323806.39822900726,3105542.947415265,925.6849975585938,True
33600.0,323817.5901222309,3105515.116052829,917.5231323242188,True
33630.0,323827.8780464568,3105486.935232843,939.3054809570312,True
33660.0,323837.7284463682,3105458.616651912,923.8497924804688,True
33690.0,323845.4403139445,3105429.6248066905,902.7708740234375,True
33720.0,323853.147217791,3105400.631641408,926.2781372070312,True
33750.0,323860.7767695976,3105371.618148456,913.49755859375,True
33780.0,323867.91011312936,3105342.485414974,877.4595336914062,True
33810.0,323873.75971088273,3105313.062312094,857.7866821289062,True
33840.0,323878.6523638112,3105283.492571126,845.3736572265625,True
33870.0,323881.44101541996,3105253.62246195,866.8071899414062,True
33900.0,323884.0886023827,3105223.739657903,858.2952880859375,True
33930.0,323886.779453913,3105193.86064511,856.0691528320312,True
33960.0,323892.5889442784,3105164.5006901845,853.5368041992188,True
33990.0,323900.94232445105,3105135.7025184324,848.33544921875,True
34020.0,323912.027956516,3105107.910803951,868.037353515625,True
34050.0,323922.65102916287,3105079.9812087053,869.7507934570312,True
34080.0,323928.8772200105,3105050.692801765,873.99609375,True
34110.0,323933.35508173285,3105021.028871574,875.7000732421875,True
34140.0,323937.60261865676,3104991.3328511016,874.9575805664062,True
34170.0,323941.40381801105,3104961.5746441083,907.0359497070312,True
34200.0,323946.35668297776,3104931.9948744006,905.9395141601562,True
34230.0,323950.5424093102,3104902.308157235,905.3974609375,True
34260.0,323951.8671080981,3104872.380812797,900.0603637695312,True
34290.0,323952.30891572556,3104842.384797135,889.5894775390625,True
34320.0,323952.4789428066,3104812.386453902,876.4116821289062,True
34350.0,323952.4544592259,3104782.3864638926,863.9959716796875,True
34380.0,323952.9149979373,3104752.3951273593,857.13818359375,True
34410.0,323954.02809894976,3104722.415891938,857.1066284179688,True
34440.0,323952.68171437975,3104692.607268689,860.4631958007812,True
34470.0,323945.227761381,3104663.607235456,863.9945068359375,True
34500.0,323933.4749492741,3104636.0457122214,849.54931640625,True
34530.0,323918.79411480925,3104609.8832754195,853.1624755859375,True
34560.0,323903.8851745356,3104583.856289071,844.1172485351562,True
34590.0,323887.94076195156,3104558.444171738,845.163330078125,True
34620.0,323872.36907839304,3104532.8077325975,837.865966796875,True
34650.0,323857.3607273778,3104506.831793735,841.4427490234375,True
34680.0,323842.3615597163,3104480.85057949,833.289794921875,True
34710.0,323827.48322449723,3104454.7999529885,835.9837646484375,True
34740.0,323812.6048892782,3104428.749326487,846.0621948242188,True
34770.0,323797.72655405913,3104402.698699986,856.448486328125,True
34800.0,323783.03979755176,3104376.539930677,846.1098022460938,True
34830.0,323768.4150974268,3104350.3461894216,852.6434936523438,True
34860.0,323752.84839369444,3104324.709645317,845.247314453125,True
34890.0,323735.2484494043,3104300.4728146805,845.247314453125,True
34920.0,323714.3875713027,3104279.2575684264,841.0026245117188,True
34950.0,323688.30778450903,3104264.643228697,836.4199829101562,True
34980.0,323659.79853392724,3104255.3039229806,829.5422973632812,True
35010.0,323631.24830898683,3104246.09202792,822.5313720703125,True
35040.0,323605.5041580131,3104231.55665535,817.2867431640625,True
35070.0,323582.30318089336,3104212.546750734,817.2867431640625,True
35100.0,323559.4994671064,3104193.0535286395,819.135498046875,True
35130.0,323536.7620803898,3104173.4848915027,820.8941040039062,True
35160.0,323514.6627382589,3104153.1964938976,816.779296875,True
35190.0,323492.3525922255,3104133.143432962,816.5411376953125,True
35220.0,323469.7634110339,3104113.401880513,815.8124389648438,True
35250.0,323446.6868151285,3104094.2650278495,814.7763671875,True
35280.0,323422.5989313972,3104076.382806026,813.3203125,True
35310.0,323398.5110476659,3104058.5005842024,812.2252197265625,True
35340.0,323374.42316393467,3104040.618362379,813.5826416015625,True
35370.0,323356.1527903972,3104016.951036859,820.2697143554688,True
35400.0,323341.28361189004,3103990.924170938,818.9014892578125,True
35430.0,323331.31998419773,3103963.0031070164,819.5673828125,True
35460.0,323327.3980209283,3103933.283925689,812.7744750976562,True
35490.0,323325.94776902994,3103903.3269947814,809.5213012695312,True
35520.0,323325.48823809164,3103873.33127152,807.6723022460938,True
35550.0,323320.67063030053,3103843.883813672,808.4200439453125,True
35580.0,323309.1316470447,3103816.2384004877,811.4042358398438,True
35610.0,323295.86038206454,3103789.3335026843,807.4359741210938,True
35640.0,323282.3604760011,3103762.543341545,808.3308715820312,True
35670.0,323268.721839853,3103735.822795101,805.10986328125,True
35700.0,323255.08737781807,3103709.100118494,805.3504638671875,True
35730.0,323241.4529157832,3103682.3774418877,804.6490478515625,True
35760.0,323227.81845374836,3103655.6547652814,807.033203125,True
35790.0,323214.1591366711,3103628.944797825,805.0462646484375,True
35820.0,323200.47763750097,3103602.2461727583,810.47216796875,True
35850.0,323186.79613833077,3103575.5475476915,809.9260864257812,True
35880.0,323173.11463916063,3103548.8489226247,809.9260864257812,True
35910.0,323156.0361476031,3103524.3083529323,816.3524169921875,True
35940.0,323133.36568964145,3103504.9538342846,834.2612915039062,True
35970.0,323109.38650990557,3103486.926107329,840.9521484375,True
36000.0,323085.4073301697,3103468.898380373,825.0310668945312,True
36030.0,323061.42815043376,3103450.8706534174,829.104736328125,True
36060.0,323037.4489706979,3103432.8429264612,810.3138427734375,True
36090.0,323013.469790962,3103414.8151995055,829.3232421875,True
36120.0,322989.0882692347,3103397.342564785,813.17724609375,True
36150.0,322964.4940791483,3103380.1633385513,820.2222900390625,True
36180.0,322939.8998890619,3103362.984112317,824.3272705078125,True
36210.0,322915.3056989756,3103345.8048860836,809.8076782226562,True
36240.0,322890.7115088892,3103328.6256598495,826.5867309570312,True
36270.0,322866.1173188028,3103311.4464336154,810.4127197265625,True
36300.0,322842.48925554287,3103293.0190074425,812.7820434570312,True
36330.0,322819.6928305902,3103273.517135497,816.630615234375,True
36360.0,322796.8964056375,3103254.015263552,804.4800415039062,True
36390.0,322774.0999806848,3103234.5133916065,819.6243896484375,True
36420.0,322750.92647045024,3103215.4870038303,815.1806030273438,True
36450.0,322726.7444141514,3103197.7323381575,789.55517578125,True
36480.0,322702.5623578525,3103179.9776724842,791.5896606445312,True
36510.0,322678.3803015537,3103162.2230068115,788.0665283203125,True
36540.0,322654.1982452548,3103144.468341138,793.207275390625,True
36570.0,322630.016188956,3103126.7136754654,790.3207397460938,True
36600.0,322606.42755124014,3103108.1862490866,782.8120727539062,True
36630.0,322585.2188281335,3103087.1053506806,781.740234375,True
36660.0,322565.6416558279,3103064.3804521714,784.7653198242188,True
36690.0,322546.5450041671,3103041.2435142724,782.2163696289062,True
36720.0,322528.19659708894,3103017.536821263,781.5064697265625,True
36750.0,322510.97218788083,3102992.9742536563,780.5519409179688,True
36780.0,322494.16861777275,3102968.128371762,778.4303588867188,True
36810.0,322477.8918631739,3102942.9278309,777.3626708984375,True
36840.0,322464.025824773,3102916.4668038166,771.9508056640625,True
36870.0,322452.6182735692,3102888.7203125875,771.9508056640625,True
36900.0,322446.40151600697,3102859.4659841815,771.3074951171875,True
36930.0,322441.1683073671,3102829.925951559,772.433349609375,True
36960.0,322435.93509872723,3102800.3859189367,782.5924072265625,True
36990.0,322430.7018900874,3102770.8458863143,779.7659301757812,True
37020.0,322429.25118812674,3102740.9529655464,771.5596313476562,True
37050.0,322428.9095275357,3102710.954913626,766.9634399414062,True
37080.0,322429.3791935797,3102680.9853189876,769.622314453125,True
37110.0,322435.37395881314,3102651.766392291,772.52001953125,True
37140.0,322444.15690699575,3102623.080858982,766.5857543945312,True
37170.0,322455.56792400364,3102595.4210970285,764.7584228515625,True
37200.0,322468.5395653647,3102568.3704681927,766.260009765625,True
37230.0,322483.117573433,3102542.2213751087,770.5928344726562,True
37260.0,322500.13639604195,3102517.5537125813,777.1959838867188,True
37290.0,322518.94002073444,3102494.178005139,778.4552612304688,True
37320.0,322537.1631362582,3102470.356990779,789.2857055664062,True
37350.0,322548.2678380562,3102442.8339144588,792.1158447265625,True
37380.0,322550.8383860415,3102413.1799005764,791.5865478515625,True
37410.0,322551.0628409018,3102383.1833974095,788.5516357421875,True
37440.0,322550.15741939924,3102353.197063657,786.5218505859375,True
37470.0,322548.84235441196,3102323.2300178474,786.9302368164062,True
37500.0,322546.92622124247,3102293.2912731566,787.6353149414062,True
37530.0,322544.6650733338,3102263.376670421,785.6715698242188,True
37560.0,322541.8002370522,3102233.532311564,779.8038330078125,True
37590.0,322536.69141861994,3102204.010457707,774.3849487304688,True
37620.0,322524.58895633474,3102176.7589362157,757.531494140625,True
37650.0,322502.3156653124,3102156.9532723017,758.0371704101562,True
37680.0,322482.8932138825,3102134.250523284,754.1561889648438,True
37710.0,322467.7308855661,3102108.4563949937,753.3945922851562,True
37740.0,322457.6366561383,3102080.241519322,753.51708984375,True
37770.0,322447.9352824243,3102051.853474283,755.4609985351562,True
37800.0,322437.7740922238,3102023.646979641,759.7902221679688,True
37830.0,322425.3785197573,3101996.327576587,763.2705078125,True
37860.0,322412.9829472908,3101969.008173533,766.4315795898438,True
37890.0,322400.58737482433,3101941.688770479,770.3663940429688,True
37920.0,322392.93840796745,3101913.1130748605,770.1986083984375,True
37950.0,322390.1963878043,3101883.2386489175,769.941650390625,True
37980.0,322387.45436764107,3101853.3642229745,768.02294921875,True
38010.0,322384.7123474779,3101823.4897970315,766.103759765625,True
38040.0,322390.80997488217,3101794.7841999326,766.3692016601562,True
38070.0,322397.4922451007,3101766.034583699,764.4743041992188,True
38100.0,322396.13050456764,3101736.0723359366,762.1412353515625,True
38130.0,322394.47993027157,3101706.1353219952,762.3304443359375,True
38160.0,322394.0374088678,3101676.171601706,762.5537109375,True
38190.0,322391.5686268859,3101646.273502447,760.9117431640625,True
38220.0,322385.9211010763,3101617.104662565,761.5225219726562,True
38250.0,322371.8137541305,3101591.1393759795,754.9072265625,True
38280.0,322352.0293661355,3101568.587702169,754.9072265625,True
38310.0,322334.7452868012,3101544.079619345,748.7296142578125,True
38340.0,322312.11972200364,3101524.8690485186,747.4974975585938,True
38370.0,322288.94290409354,3101506.04733055,758.0867919921875,True
38400.0,322266.2848715358,3101487.080114905,745.334228515625,True
38430.0,322239.7459439352,3101473.0960082556,747.5601196289062,True
38460.0,322212.49278036656,3101460.5554709663,742.2000732421875,True
38490.0,322184.34800110833,3101451.924234497,738.9280395507812,True
38520.0,322154.3524475005,3101451.4077427173,736.0625,True
38550.0,322124.50097263855,3101448.9809513167,735.6902465820312,True
38580.0,322094.767278396,3101444.9925397662,734.45068359375,True
38610.0,322067.2375819668,3101433.2576749413,733.4668579101562,True
38640.0,322039.5538855734,3101421.6985679693,733.3939819335938,True
38670.0,322011.96696133586,3101409.95976741,731.1797485351562,True
38700.0,321987.07999934023,3101393.2074803235,729.439208984375,True
38730.0,321959.61481884547,3101381.192839159,730.0846557617188,True
38760.0,321934.44848942314,3101364.9613445,729.258056640625,True
38790.0,321906.817486864,3101354.49835128,728.6769409179688,True
38820.0,321878.73485350906,3101344.2264234186,728.1292114257812,True
38850.0,321853.21821813856,3101328.7048593857,727.8115844726562,True
38880.0,321832.77825012093,3101307.0111916,726.4061889648438,True
38910.0,321814.6080654963,3101283.149307847,729.9108276367188,True
38940.0,321793.91329713265,3101261.5629191664,740.9295043945312,True
38970.0,321769.73691764177,3101243.8248195658,734.3653564453125,True
39000.0,321745.8296389361,3101225.8100226014,735.8389892578125,True
39030.0,321728.7761658078,3101201.281458362,747.8037719726562,True
39060.0,321714.18446915905,3101175.0713099595,736.338623046875,True
39090.0,321703.6219764597,3101146.992247511,736.338623046875,True
39120.0,321693.0938239355,3101118.90032129,742.7075805664062,True
39150.0,321683.60156516725,3101090.5002917997,732.585693359375,True
39180.0,321677.1813040288,3101061.1953763,741.6514892578125,True
39210.0,321671.04492231546,3101031.836532638,750.0420532226562,True
39240.0,321666.3867637402,3101002.2256564368,752.7434692382812,True
39270.0,321664.82382013486,3100972.2663973123,748.7341918945312,True
39300.0,321662.9689134941,3100942.3244127687,741.8851318359375,True
39330.0,321664.78394958,3100912.387315656,735.0798950195312,True
39360.0,321668.75145408034,3100882.653044622,727.1347045898438,True
39390.0,321673.4343807096,3100853.0207953285,720.8956909179688,True
39420.0,321680.76452402555,3100823.997416948,717.7626342773438,True
39450.0,321694.934575614,3100797.6255903044,717.0516967773438,True
39480.0,321716.95309466805,3100777.3525353507,716.5643310546875,True
39510.0,321739.13756272837,3100757.160247467,714.3381958007812,True
39540.0,321761.0342199187,3100736.655876449,713.96435546875,True
39570.0,321781.99399956176,3100715.192241218,714.1884155273438,True
39600.0,321796.15545763785,3100688.9525510953,713.1103515625,True
39630.0,321803.3892644005,3100660.024406543,711.457275390625,True
39660.0,321802.55063451774,3100630.0901211905,710.7105102539062,True
39690.0,321798.3679569726,3100600.3831319697,709.889892578125,True
39720.0,321792.706657593,3100570.943368936,709.2243041992188,True
39750.0,321788.74586685497,3100541.242040354,707.8585815429688,True
39780.0,321787.44616177643,3100511.270207465,704.80517578125,True
39810.0,321787.36223964865,3100481.286026574,702.5975341796875,True
39840.0,321786.6698316566,3100451.3849267643,700.865478515625,True
39870.0,321782.057692535,3100421.7415772113,700.3943481445312,True
39900.0,321781.10416632466,3100391.813292402,700.7988891601562,True
39930.0,321781.51588114543,3100361.819557685,702.6236572265625,True
39960.0,321780.2731057025,3100331.895562749,709.4512329101562,True
39990.0,321770.2374624536,3100304.1018599044,715.04345703125,True
40020.0,321749.2320801126,3100282.792455236,715.04345703125,True
40050.0,321724.3240571928,3100266.223642873,713.9656982421875,True
40080.0,321697.35172985756,3100253.0899625765,698.917236328125,True
40110.0,321670.05983768316,3100240.6351709072,695.855224609375,True
40140.0,321643.101094164,3100227.482488842,691.8709716796875,True
40170.0,321617.80167985626,3100211.8355432674,691.1475830078125,True
40200.0,321603.045226596,3100186.0307097025,692.23486328125,True
40230.0,321593.1569062673,3100157.718774725,690.1830444335938,True
40260.0,321583.3718000087,3100129.365148781,690.3453979492188,True
40290.0,321571.4744862358,3100101.8628615024,691.34619140625,True
40320.0,321557.1259304214,3100075.5167242894,690.1381225585938,True
40350.0,321541.8838799153,3100049.6815673565,691.91845703125,True
40380.0,321525.02308255195,3100024.931833473,689.2951049804688,True
40410.0,321505.519551655,3100002.1746912687,687.3496704101562,True
40440.0,321486.41497532703,3099979.0951133813,687.3496704101562,True
40470.0,321472.19654973794,3099952.7067910605,686.102294921875,True
40500.0,321460.6529479001,3099925.0172670903,686.3568115234375,True
40530.0,321449.00629288785,3099897.37066732,685.8868408203125,True
40560.0,321437.6413604002,3099869.6066922885,683.9120483398438,True
40590.0,321427.8303395419,3099841.279356398,684.0374755859375,True
40620.0,321422.09849642956,3099811.8498128993,684.0367431640625,True
40650.0,321419.3231555384,3099781.9784759996,684.1697387695312,True
40680.0,321417.26962815464,3099752.076517124,681.8970336914062,True
40710.0,321417.5727378516,3099722.081932661,681.844970703125,True
40740.0,321418.8577888375,3099692.109467898,683.97802734375,True
40770.0,321420.1428398235,3099662.1370031354,683.1849975585938,True
40800.0,321419.85956196085,3099632.1447226517,682.1408081054688,True
40830.0,321417.2871891941,3099602.319257617,678.6764526367188,True
40860.0,321412.85745874245,3099572.64810179,677.6248779296875,True
40890.0,321408.4277282907,3099542.9769459628,677.7184448242188,True
40920.0,321403.997997839,3099513.305790135,678.0140991210938,True
40950.0,321401.88519748294,3099483.3940027384,675.5164794921875,True
40980.0,321400.1229850264,3099453.445804007,673.7276000976562,True
41010.0,321400.023645094,3099423.447747373,673.65625,True
41040.0,321399.99273046164,3099393.4478644775,672.7158813476562,True
41070.0,321401.3731932991,3099363.479642602,671.7647094726562,True
41100.0,321402.89236881846,3099333.5186408516,671.117431640625,True
41130.0,321405.63132091856,3099303.6877019103,670.1923828125,True
41160.0,321410.9476203976,3099274.162513734,669.8440551757812,True
41190.0,321416.371870764,3099244.656963274,669.4259643554688,True
41220.0,321425.09921626834,3099215.9618450464,669.8888549804688,True
41250.0,321435.0095900315,3099187.6546968278,668.6693725585938,True
41280.0,321445.33024828794,3099159.48584865,667.7083740234375,True
41310.0,321453.0089795283,3099130.5052465857,669.619384765625,True
41340.0,321460.14940899546,3099101.3695526225,668.09716796875,True
41370.0,321463.0308419989,3099071.508250845,667.0213623046875,True
41400.0,321464.067091056,3099041.5718898107,666.1824340820312,True
41430.0,321460.4468401609,3099011.8418714916,665.665283203125,True
41460.0,321454.3274439646,3098982.4792617685,666.7835083007812,True
41490.0,321449.85315913643,3098952.86831237,666.2937622070312,True
41520.0,321449.3606880518,3098922.919991883,666.6761474609375,True
41550.0,321450.57209939347,3098892.9596014386,666.6480712890625,True
41580.0,321447.4137086906,3098863.2754229372,661.0221557617188,True
41610.0,321438.2671482287,3098834.8235309995,663.37744140625,True
41640.0,321425.6115621725,3098807.6245221104,663.37744140625,True
41670.0,321415.21290288377,3098779.5514560496,662.635009765625,True
41700.0,321411.04246244347,3098749.9402641593,661.6272583007812,True
41730.0,321412.76394189213,3098720.075683561,660.86083984375,True
41760.0,321420.10289808654,3098691.071760328,662.0352172851562,True
41790.0,321433.6754731721,3098664.3512006192,661.2490234375,True
41820.0,321449.62292359234,3098638.98044142,660.8796997070312,True
41850.0,321467.6652154201,3098615.038683933,659.6865844726562,True
41880.0,321485.25437044556,3098590.815687752,659.3995971679688,True
41910.0,321499.1179082858,3098564.462134607,658.8869018554688,True
41940.0,321504.6437560484,3098535.0665892563,653.95361328125,True
41970.0,321506.11461991124,3098505.112475378,654.0982666015625,True
42000.0,321506.5721725021,3098475.118056389,653.6466674804688,True
42030.0,321511.1048743015,3098445.6261398783,652.0135498046875,True
42060.0,321522.2807296405,3098417.880119493,652.0135498046875,True
42090.0,321537.44685655634,3098391.995981602,652.0686645507812,True
42120.0,321552.6143375021,3098366.1126371943,650.5009155273438,True
42150.0,321567.784038194,3098340.2305935943,650.8279418945312,True
42180.0,321582.1136699793,3098313.889448303,649.7879028320312,True
42210.0,321595.72928447154,3098287.1572185885,649.8179931640625,True
42240.0,321609.43987853825,3098260.473522999,647.5,True
42270.0,321621.8275441353,3098233.1688636956,646.5838012695312,True
42300.0,321632.5937366617,3098205.1892739544,647.4039916992188,True
42330.0,321637.41643536993,3098175.854983625,650.2352905273438,True
42360.0,321623.5291564527,3098149.7731255647,645.2799682617188,True
42390.0,321601.221733423,3098129.9734807676,647.300048828125,True
42420.0,321577.66207885684,3098111.483513113,645.999267578125,True
42450.0,321558.9766196471,3098088.196384424,643.5714721679688,True
42480.0,321542.5597287922,3098063.086910223,647.1918334960938,True
42510.0,321525.4813566364,3098038.44039511,643.1528930664062,True
42540.0,321507.22613140766,3098014.6361151785,641.7814331054688,True
42570.0,321487.3513850588,3097992.179162757,645.5512084960938,True
42600.0,321466.74837522284,3097970.3914584047,641.1568603515625,True
42630.0,321444.9992940152,3097949.734702799,640.0888061523438,True
42660.0,321422.4076533926,3097930.00229161,641.130126953125,True
42690.0,321399.2889431958,3097910.8835772485,639.6156616210938,True
42720.0,321376.1593747168,3097891.7783914604,638.71240234375,True
42750.0,321352.7848960049,3097872.9739525523,637.9309692382812,True
42780.0,321329.48153629457,3097854.081619917,637.9309692382812,True
42810.0,321306.30283246934,3097835.035683632,637.2030639648438,True
42840.0,321283.71028824407,3097815.29894407,637.72802734375,True
42870.0,321261.105768907,3097795.5753088687,641.3665161132812,True
42900.0,321241.99646375806,3097772.9319157903,635.0308227539062,True
42930.0,321233.5551432756,3097744.525969595,641.7994384765625,True
42960.0,321236.24298350845,3097714.7345692837,637.0299682617188,True
42990.0,321242.2174530198,3097685.3477542624,635.0232543945312,True
43020.0,321250.50534998765,3097656.515294016,633.6784057617188,True
43050.0,321258.79324695555,3097627.68283377,632.724365234375,True
43080.0,321267.93540202285,3097599.1405368187,635.2052612304688,True
43110.0,321278.92291193834,3097571.2250460316,632.2500610351562,True
43140.0,321289.9104218538,3097543.309555245,632.26708984375,True
43170.0,321299.8385570749,3097515.1098924656,630.7973022460938,True
43200.0,321304.29721631994,3097485.443069957,630.5,True
43230.0,321305.09302254213,3097455.7860217914,630.2960205078125,True
43260.0,321300.4760957839,3097426.1434175316,631.6602783203125,True
43290.0,321289.3930922968,3097398.2817500783,630.1286010742188,True
43320.0,321268.70514804224,3097376.766171471,630.8065185546875,True
43350.0,321244.5097521504,3097359.3619676773,630.620849609375,True
43380.0,321218.7734545306,3097343.9462943273,629.1287231445312,True
43410.0,321191.70646396594,3097331.1514700195,628.8906860351562,True
43440.0,321164.07413444266,3097319.47010173,627.9920043945312,True
43470.0,321136.4418049194,3097307.7887334405,627.7998046875,True
43500.0,321108.81148018857,3097296.102633331,627.2319946289062,True
43530.0,321081.44898615143,3097283.8844251055,633.680908203125,True
43560.0,321057.85331672226,3097266.0366814425,629.348876953125,True
43590.0,321042.2628239878,3097240.639981952,625.73681640625,True
43620.0,321032.4659950913,3097212.5208225395,626.07177734375,True
43650.0,321027.03757899697,3097183.0160382036,631.2618408203125,True
43680.0,321026.5533818343,3097153.136421249,631.8062133789062,True
43710.0,321027.4716689785,3097123.1504787304,632.436767578125,True
43740.0,321028.3899561228,3097093.164536212,633.2817993164062,True
43770.0,321032.4996324771,3097063.456976132,624.1373291015625,True
43800.0,321036.78701175255,3097033.764916942,623.7017822265625,True
43830.0,321041.07439102797,3097004.072857752,622.640380859375,True
43860.0,321045.3617703034,3096974.380798562,622.1505737304688,True
43890.0,321049.6491495788,3096944.6887393715,621.959716796875,True
43920.0,321053.93652885425,3096914.9966801815,621.3399658203125,True
43950.0,321057.71666058304,3096885.2501861798,620.4694213867188,True
43980.0,321059.82710454485,3096855.324511145,619.5,True
44010.0,321061.93754850666,3096825.3988361103,619.8408203125,True
44040.0,321061.9493598373,3096795.500476794,620.59228515625,True
44070.0,321059.06074002065,3096765.6398693724,621.1736450195312,True
44100.0,321056.172120204,3096735.7792619513,617.7467651367188,True
44130.0,321052.6110830039,3096706.0139859314,617.392578125,True
44160.0,321047.085775705,3096676.527192629,616.933837890625,True
44190.0,321042.8672344556,3096646.872131098,617.8577270507812,True
44220.0,321040.7423135943,3096616.9474805347,617.8577270507812,True
44250.0,321038.617392733,3096587.0228299713,617.361083984375,True
44280.0,321036.49247187166,3096557.0981794083,616.6473999023438,True
44310.0,321034.3675510104,3096527.173528845,614.7276611328125,True
44340.0,321034.0536803485,3096497.339578047,614.1962280273438,True
44370.0,321039.15780114423,3096467.7769673555,613.73779296875,True
44400.0,321046.0008323332,3096438.6599480473,614.249267578125,True
44430.0,321055.7428618457,3096410.2857897165,614.4257202148438,True
44460.0,321065.4848913582,3096381.911631386,612.5114135742188,True
44490.0,321076.52255455946,3096354.0424175994,612.4530639648438,True
44520.0,321088.54982482875,3096326.558881257,612.3052368164062,True
44550.0,321100.57709509804,3096299.075344915,610.8824462890625,True
44580.0,321112.6043653673,3096271.591808573,610.548828125,True
44610.0,321124.6316356366,3096244.1082722307,610.7581787109375,True
44640.0,321136.1602474711,3096216.426712949,608.803466796875,True
44670.0,321146.26431203017,3096188.179449729,608.2564086914062,True
44700.0,321155.18060167524,3096159.564304082,608.7054443359375,True
44730.0,321162.81149777316,3096130.551041171,607.4553833007812,True
44760.0,321168.75288634864,3096101.166089407,606.5082397460938,True
44790.0,321174.0029597786,3096071.6290494576,606.3572998046875,True
44820.0,321179.2530332085,3096042.092009508,608.1044921875,True
44850.0,321184.5031066384,3096012.5549695585,605.9532470703125,True
44880.0,321189.7531800683,3095983.017929609,605.5,True
44910.0,321195.0032534982,3095953.4808896594,605.143310546875,True
44940.0,321200.1972677078,3095923.9339815257,604.8572998046875,True
44970.0,321205.34913171746,3095894.379653632,605.6299438476562,True
45000.0,321210.704755768,3095864.8684220267,604.2295532226562,True
45030.0,321217.96055551927,3095835.75908727,604.0,True
45060.0,321225.2163552705,3095806.6497525135,604.7820434570312,True
45090.0,321232.4721550217,3095777.540417757,604.7820434570312,True
45120.0,321241.19771334284,3095748.9039046844,603.3158569335938,True
45150.0,321252.2753478459,3095721.0240550824,603.7144165039062,True
45180.0,321264.3372536009,3095693.6537707555,605.6044311523438,True
45210.0,321280.7081594132,3095668.51429099,602.9146118164062,True
45240.0,321297.46012583055,3095643.6348247603,605.2647094726562,True
45270.0,321314.8992828127,3095619.2242572997,603.5955200195312,True
45300.0,321332.3384397949,3095594.813689839,602.1083984375,True
45330.0,321349.7775967771,3095570.403122378,602.1083984375,True
45360.0,321367.5707248031,3095546.251205518,601.26416015625,True
45390.0,321385.52869994816,3095522.2197442916,600.816650390625,True
45420.0,321399.19277194334,3095495.618559295,600.521728515625,True
45450.0,321411.8845684996,3095468.4355075867,600.0949096679688,True
45480.0,321424.5763650558,3095441.252455878,602.845458984375,True
45510.0,321421.50564416003,3095411.5084677157,602.4405517578125,True
45540.0,321418.0723551838,3095381.705573111,600.534423828125,True
45570.0,321411.3953326491,3095353.102348527,599.2864379882812,True
45600.0,321394.61018847185,3095328.2375353375,599.2864379882812,True
45630.0,321377.8250442946,3095303.372722148,598.8527221679688,True
45660.0,321360.78982607304,3095278.7737218593,599.0359497070312,True
45690.0,321334.7036035305,3095264.009439284,600.6611328125,True
45720.0,321307.3063513128,3095251.7868957305,597.584716796875,True
45750.0,321279.9090990951,3095239.5643521766,597.6102905273438,True
45780.0,321251.21091751225,3095231.224145602,597.1402587890625,True
45810.0,321221.9807752849,3095224.4714583317,596.3751220703125,True
45840.0,321192.7506330575,3095217.718771062,596.5782470703125,True
45870.0,321163.52049083007,3095210.9660837916,596.4813232421875,True
45900.0,321134.2903486027,3095204.2133965218,595.5211181640625,True
45930.0,321105.0602063753,3095197.460709252,594.703369140625,True
45960.0,321076.1214348044,3095189.5569417337,594.2058715820312,True
45990.0,321047.1987744776,3095181.5895256144,594.1416625976562,True
46020.0,321018.2761141508,3095173.622109495,598.2215576171875,True
46050.0,320989.353453824,3095165.654693376,595.5770874023438,True
46080.0,320960.6035807491,3095157.1513600354,593.5267333984375,True
46110.0,320932.47394044255,3095146.724311737,594.1805419921875,True
46140.0,320904.34430013597,3095136.2972634383,592.7537231445312,True
46170.0,320880.8994233486,3095118.2062515207,592.7537231445312,True
46200.0,320858.7930884668,3095097.925473476,593.4573974609375,True
46230.0,320836.686753585,3095077.6446954315,592.2927856445312,True
46260.0,320814.58041870315,3095057.363917387,589.449462890625,True
46290.0,320797.64322994504,3095032.9657039866,589.6544189453125,True
46320.0,320782.81979840324,3095006.8837968986,590.0948486328125,True
46350.0,320768.4345269902,3094980.599364236,589.0974731445312,True
46380.0,320758.1723939592,3094952.409142072,592.90380859375,True
46410.0,320747.91026092815,3094924.218919908,588.4799194335938,True
46440.0,320737.6481278971,3094896.028697744,587.9003295898438,True
46470.0,320727.3859948661,3094867.83847558,587.7184448242188,True
46500.0,320717.20306937274,3094839.6196888303,586.5658569335938,True
46530.0,320707.1106688682,3094811.368256087,585.6088256835938,True
46560.0,320697.01826836367,3094783.1168233436,585.9664306640625,True
46590.0,320684.4138123228,3094755.9061609944,585.1563720703125,True
46620.0,320671.1345370923,3094729.0772204585,585.1563720703125,True
46650.0,320651.5914371107,3094706.3161299066,584.8558959960938,True
46680.0,320632.04833712906,3094683.5550393546,584.7702026367188,True
46710.0,320612.5052371475,3094660.793948803,587.406982421875,True
46740.0,320587.7596920379,3094644.0849812985,584.4631958007812,True
46770.0,320562.32245454844,3094628.1806753124,588.0145263671875,True
46800.0,320535.5491764055,3094615.0731792385,584.1325073242188,True
46830.0,320507.1925995516,3094605.2800924354,589.0765380859375,True
46860.0,320478.8360226976,3094595.487005633,584.69140625,True
46890.0,320450.4794458437,3094585.69391883,583.1483154296875,True
46920.0,320422.12286898977,3094575.900832027,589.073486328125,True
46950.0,320393.6525639337,3094566.47407246,583.8677368164062,True
46980.0,320364.7355279849,3094558.4862672584,581.7644653320312,True
47010.0,320335.8184920362,3094550.4984620567,582.4100952148438,True
47040.0,320306.9014560875,3094542.510656855,581.6588134765625,True
47070.0,320277.98442013876,3094534.5228516534,580.7315673828125,True
47100.0,320249.0673735821,3094526.535084855,580.7315673828125,True
47130.0,320220.15021140745,3094518.547736624,581.1068725585938,True
47160.0,320191.23304923275,3094510.560388393,579.89208984375,True
47190.0,320162.87320513977,3094500.8136815173,579.1580810546875,True
47220.0,320134.6313304393,3094490.6945652813,579.0,True
47250.0,320106.3894557388,3094480.575449045,578.76513671875,True
47280.0,320078.14758103836,3094470.456332809,578.1300048828125,True
47310.0,320049.9057063379,3094460.3372165724,579.92724609375,True
47340.0,320023.0351894235,3094447.449919267,580.3948974609375,True
47370.0,319997.87568166683,3094431.1098100436,579.744140625,True
47400.0,319972.7161739102,3094414.7697008196,576.1524658203125,True
47430.0,319953.91369862127,3094391.882696782,575.6976318359375,True
47460.0,319936.84045254544,3094367.2148174965,576.6907348632812,True
47490.0,319919.76720646967,3094342.546938211,575.0935668945312,True
47520.0,319902.69396039384,3094317.879058926,574.6351318359375,True
47550.0,319889.9496184713,3094290.902806463,572.8198852539062,True
47580.0,319878.9793489701,3094262.9805360134,572.7286376953125,True
47610.0,319868.00907946896,3094235.0582655636,573.8861694335938,True
47640.0,319858.115727278,3094206.753131958,571.7429809570312,True
47670.0,319849.5561452612,3094178.000989753,572.7086181640625,True
47700.0,319840.57028447697,3094149.3783709705,573.1980590820312,True
47730.0,319831.5844236927,3094120.755752188,578.9110717773438,True
47760.0,319822.5985629085,3094092.133133406,572.6387329101562,True
47790.0,319813.28601834225,3094063.6187266656,574.0919799804688,True
47820.0,319803.4076643495,3094035.291740903,579.9075317382812,True
47850.0,319793.52931035665,3094006.9647551407,571.5010986328125,True
47880.0,319783.6509563639,3093978.637769378,572.6557006835938,True
47910.0,319772.29243521305,3093950.931417696,573.1068115234375,True
47940.0,319759.01362238516,3093924.030244304,568.1864013671875,True
47970.0,319745.7348095573,3093897.1290709116,567.5328979492188,True
48000.0,319732.4511932598,3093870.2302702153,567.8040771484375,True
48030.0,319719.15767869004,3093843.3363588154,567.2252197265625,True
48060.0,319705.8641641203,3093816.4424474156,566.7875366210938,True
48090.0,319690.5464977677,3093791.1424915264,568.0770874023438,True
48120.0,319667.5195608799,3093771.9133423627,566.2882080078125,True
48150.0,319643.47063867055,3093754.377552305,565.5142211914062,True
48180.0,319615.72624149546,3093742.9649090795,565.7960815429688,True
48210.0,319587.9818443204,3093731.552265854,569.5578002929688,True
48240.0,319560.23744714534,3093720.1396226287,569.5578002929688,True
48270.0,319532.577301702,3093708.524554373,564.9009399414062,True
48300.0,319504.928623918,3093696.881933672,574.12646484375,True
48330.0,319477.279946134,3093685.23931297,568.1919555664062,True
48360.0,319449.63126835,3093673.5966922687,568.9041748046875,True
48390.0,319421.98259056604,3093661.9540715674,565.650390625,True
48420.0,319393.9840891894,3093651.4713366413,565.0726318359375,True
48450.0,319364.50874917075,3093645.88525297,568.78369140625,True
48480.0,319335.0334091521,3093640.2991692983,565.1028442382812,True
48510.0,319305.9394229764,3093633.2942067464,563.1629028320312,True
48540.0,319277.6352043524,3093623.350806519,561.8980102539062,True
48570.0,319249.3309857283,3093613.4074062915,561.9088745117188,True
48600.0,319224.646022311,3093597.5297977286,563.3689575195312,True
48630.0,319202.84920099797,3093576.9167295275,561.207763671875,True
48660.0,319183.87521358917,3093554.8224553745,561.632568359375,True
48690.0,319179.298457858,3093525.1736222277,560.4486694335938,True
48720.0,319189.9504051688,3093497.807229918,560.4486694335938,True
48750.0,319203.01819593756,3093470.8029183284,562.1932373046875,True
48780.0,319215.7915026486,3093443.672283598,560.1213989257812,True
48810.0,319226.3527177114,3093415.592740575,559.6151733398438,True
48840.0,319236.9139327742,3093387.5131975515,560.6666870117188,True
48870.0,319242.86932490725,3093358.485711774,561.287109375,True
48900.0,319244.2551009755,3093328.5177351204,560.2786254882812,True
48930.0,319245.58332127245,3093298.5507025057,560.2099609375,True
48960.0,319243.2154763137,3093268.644293322,560.1148071289062,True
48990.0,319240.84763135493,3093238.7378841387,560.80322265625,True
49020.0,319238.47978639614,3093208.8314749557,560.4849243164062,True
49050.0,319236.11194143735,3093178.925065772,560.1670532226562,True
49080.0,319233.7440964786,3093149.0186565886,559.7015991210938,True
49110.0,319231.37625151983,3093119.112247405,559.4266967773438,True
49140.0,319229.00840656104,3093089.2058382216,558.088134765625,True
49170.0,319226.64056160225,3093059.299429038,558.022216796875,True
49200.0,319228.3200242539,3093029.435539133,557.5660400390625,True
49230.0,319231.31564508704,3092999.585476221,556.6046752929688,True
49260.0,319234.3112659201,3092969.7354133097,556.233642578125,True
49290.0,319237.30688675324,3092939.8853503983,556.2723388671875,True
49320.0,319240.44565018325,3092910.051583629,557.4163818359375,True
49350.0,319244.2363163988,3092880.292033067,565.2301025390625,True
49380.0,319248.0269826143,3092850.5324825053,565.4834594726562,True
49410.0,319251.81764882983,3092820.7729319436,560.0737915039062,True
49440.0,319255.60831504536,3092791.0133813815,560.4940185546875,True
49470.0,319259.3989812609,3092761.25383082,555.3084716796875,True
49500.0,319263.1546770867,3092731.497365519,559.6744384765625,True
49530.0,319254.21205213666,3092702.8612090205,562.43359375,True
49560.0,319238.8329786,3092678.6537025883,562.5103149414062,True
49590.0,319215.28394930845,3092660.067599731,557.317626953125,True
49620.0,319191.7352589532,3092641.481067454,554.286865234375,True
49650.0,319168.1870956059,3092622.8938674773,554.5243530273438,True
49680.0,319147.6124216939,3092601.4423984787,554.5243530273438,True
49710.0,319129.9190609166,3092577.215450994,555.2437744140625,True
49740.0,319112.2257001393,3092552.98850351,553.8427124023438,True
49770.0,319094.53233936196,3092528.761556026,555.8069458007812,True
49800.0,319079.0376476985,3092503.1885914835,554.7089233398438,True
49830.0,319065.5074325334,3092476.412981732,555.0164794921875,True
49860.0,319051.9772173684,3092449.6373719797,555.0164794921875,True
49890.0,319038.4470022033,3092422.861762228,554.8159790039062,True
49920.0,319024.91678703827,3092396.086152476,553.4910888671875,True
49950.0,319011.3865718732,3092369.310542724,553.8801879882812,True
49980.0,318997.85635670816,3092342.534932972,551.6671142578125,True
50010.0,318989.140108622,3092314.2050597975,551.5645751953125,True
50040.0,318984.4581292925,3092284.572660813,553.2828979492188,True
50070.0,318979.776149963,3092254.940261829,553.7243041992188,True
50100.0,318975.0941706335,3092225.307862845,552.9442138671875,True
50130.0,318970.412191304,3092195.6754638604,553.7050170898438,True
50160.0,318963.21428885806,3092166.7125340975,556.2815551757812,True
50190.0,318952.54991362727,3092138.6720080515,552.9326782226562,True
50220.0,318941.8855383964,3092110.6314820056,556.0979614257812,True
50250.0,318931.2211631656,3092082.5909559596,557.5736083984375,True
50280.0,318920.55678793474,3092054.550429913,558.5589599609375,True
50310.0,318909.8924127039,3092026.5099038673,556.7484130859375,True
50340.0,318899.2280374731,3091998.4693778213,556.7484130859375,True
50370.0,318887.1630915543,3091971.0875145732,550.851318359375,True
50400.0,318872.36729769973,3091944.989919201,554.0546875,True
50430.0,318857.57150384516,3091918.892323829,550.9212036132812,True
50460.0,318842.7757099906,3091892.7947284565,553.9749145507812,True
50490.0,318827.979916136,3091866.6971330843,548.2008666992188,True
50520.0,318813.18412228144,3091840.599537712,551.996826171875,True
50550.0,318797.91432885104,3091814.8173511773,552.00830078125,True
50580.0,318779.55588050676,3091791.0904176547,552.00830078125,True
50610.0,318761.1974321625,3091767.363484132,552.833984375,True
50640.0,318742.8389838182,3091743.6365506095,548.4039306640625,True
50670.0,318724.4805354739,3091719.909617087,553.75341796875,True
50700.0,318706.1220871296,3091696.1826835643,548.1185302734375,True
50730.0,318687.76363878534,3091672.455750041,546.7833862304688,True
50760.0,318670.82413979695,3091647.713265703,546.2750854492188,True
50790.0,318654.2867512968,3091622.6829884057,546.7796630859375,True
50820.0,318637.74936279655,3091597.652711108,545.3557739257812,True
50850.0,318621.21197429637,3091572.6224338105,544.9781494140625,True
50880.0,318604.67458579614,3091547.5921565127,544.9781494140625,True
50910.0,318588.1371972959,3091522.5618792153,546.0227661132812,True
50940.0,318574.8516051647,3091495.7989549125,544.0118408203125,True
50970.0,318563.29988774826,3091468.112174227,546.298583984375,True
51000.0,318551.7481703318,3091440.4253935413,543.4296875,True
51030.0,318542.18010988965,3091412.0408975105,540.9673461914062,True
51060.0,318533.91338298103,3091383.2032276536,541.7683715820312,True
51090.0,318526.45654473867,3091354.144742431,540.4010620117188,True
51120.0,318518.50130811665,3091325.2303975387,540.1629638671875,True
51150.0,318509.29650889366,3091296.6774349734,540.07666015625,True
51180.0,318500.09170967067,3091268.124472408,542.3416748046875,True
51210.0,318494.53650073626,3091238.671597109,541.425048828125,True
51240.0,318501.8942540699,3091211.2485420187,540.05126953125,True
51270.0,318510.49332421576,3091183.9587791525,548.9815063476562,True
51300.0,318512.62210860575,3091154.0344031854,560.160400390625,True
51330.0,318503.96552820096,3091125.9088221453,554.23046875,True
51360.0,318492.2404613545,3091098.2950066277,554.23046875,True
51390.0,318474.9047184691,3091074.3469320466,547.9061889648438,True
51420.0,318454.3260649581,3091052.5176164443,561.5259399414062,True
51450.0,318430.7866192982,3091034.470558471,563.382080078125,True
51480.0,318404.0681349764,3091021.1023381283,546.5648193359375,True
51510.0,318374.7328357605,3091015.375559583,540.0188598632812,True
51540.0,318344.95003161056,3091018.2736282847,537.7726440429688,True
51570.0,318315.8900526701,3091025.6913072346,537.0511474609375,True
51600.0,318288.9011014139,3091038.6859051147,536.4553833007812,True
51630.0,318268.2685578826,3091060.417893383,536.2698974609375,True
51660.0,318248.09690885496,3091082.6187188653,535.9927368164062,True
51690.0,318228.2938283289,3091105.1539801615,535.1092529296875,True
51720.0,318209.25509273453,3091128.3370338446,536.3001708984375,True
51750.0,318188.28101273003,3091149.6230635387,534.8372802734375,True
51780.0,318167.1826871173,3091170.945939632,533.3019409179688,True
51810.0,318147.84253316576,3091193.822453491,532.128173828125,True
51840.0,318129.61846672354,3091217.6527577755,532.0182495117188,True
51870.0,318110.74283794645,3091240.9658143283,531.0,True
51900.0,318090.0284470495,3091262.260576217,533.2637329101562,True
51930.0,318061.67766471504,3091263.1327075977,533.7196044921875,True
51960.0,318039.7704946597,3091243.1255883197,530.7166137695312,True
51990.0,318022.32457517734,3091218.738197267,531.6297607421875,True
52020.0,318005.6889845512,3091193.791447077,531.4157104492188,True
52050.0,317992.7541230021,3091166.7756076152,529.2647705078125,True
52080.0,317981.6280223249,3091138.915788769,529.0,True
52110.0,317971.4799787118,3091110.701344291,530.3653564453125,True
52140.0,317965.7559085972,3091081.275936627,529.167236328125,True
52170.0,317962.70645532286,3091051.4626552165,528.2383422851562,True
52200.0,317961.0795439819,3091021.507081218,527.4961547851562,True
52230.0,317959.22071387456,3090991.56983549,526.8689575195312,True
52260.0,317955.652156484,3090961.792017379,526.3953857421875,True
52290.0,317948.6428027463,3090932.673217025,526.0,True
52320.0,317940.5392997786,3090903.7883898723,526.7638549804688,True
52350.0,317932.43579681084,3090874.903562719,525.0,True
52380.0,317924.3322938431,3090846.018735566,524.9983520507812,True
52410.0,317915.29001581634,3090817.4151898907,524.8706665039062,True
52440.0,317905.66933332616,3090789.0166191095,524.0402221679688,True
52470.0,317894.49763658375,3090761.1773113213,530.7683715820312,True
52500.0,317883.7991216206,3090733.1570156133,533.166259765625,True
52530.0,317868.7567428129,3090707.6454736926,523.1427612304688,True
52560.0,317858.74738223036,3090679.746797774,523.0,True
52590.0,317867.655682242,3090652.296458252,523.0,True
52620.0,317889.4781253566,3090631.869530241,522.2940673828125,True
52650.0,317913.35845590325,3090613.7150151157,522.0,True
52680.0,317934.67210973904,3090592.630415271,522.0,True
52710.0,317954.9697957781,3090570.562725608,521.5269165039062,True
52740.0,317974.13291389914,3090547.4937191866,526.0887451171875,True
52770.0,317992.5039584047,3090523.7765371497,521.656982421875,True
52800.0,318008.64325841103,3090498.4980142904,530.2152099609375,True
52830.0,318023.1901847134,3090472.2785256933,522.2862548828125,True
52860.0,318034.8026557894,3090444.635639643,530.3067626953125,True
52890.0,318043.9678698392,3090416.0702862376,522.1634521484375,True
52920.0,318054.4572922193,3090387.964754033,520.1974487304688,True
52950.0,318063.4605105805,3090359.372675817,523.0122680664062,True
52980.0,318068.28531974874,3090329.844455098,521.4833374023438,True
53010.0,318069.17538611486,3090299.870633937,518.037353515625,True
53040.0,318071.06104577315,3090269.930174291,518.0,True
53070.0,318074.32870578807,3090240.1128544197,517.557861328125,True
53100.0,318078.67026389943,3090210.4603681634,517.0842895507812,True
53130.0,318084.1175140084,3090180.9590742053,516.6107788085938,True
53160.0,318088.12488822313,3090151.2377130277,516.13720703125,True
53190.0,318089.6271053743,3090121.287879605,529.7269897460938,True
53220.0,318090.0717977894,3090091.2911756416,530.7224731445312,True
53250.0,318087.6192601304,3090061.3930996354,515.5,True
53280.0,318080.40618112584,3090032.342482937,515.5,True
53310.0,318066.65589498414,3090005.817310059,520.2272338867188,True
53340.0,318051.13060639537,3089980.1471899115,518.8760986328125,True
53370.0,318032.80510049465,3089956.468081425,564.5511474609375,True
53400.0,318006.9128370712,3089942.472449269,543.5914306640625,True
53430.0,317977.2055851629,3089938.514070838,527.17578125,True
53460.0,317948.0850288582,3089931.327750855,522.7429809570312,True
53490.0,317918.82101059536,3089924.861744606,533.8739013671875,True
53520.0,317889.4814947289,3089918.679052531,526.8200073242188,True
53550.0,317862.33647319843,3089906.143552192,519.3194580078125,True
53580.0,317836.6052553165,3089890.7198037365,523.4493408203125,True
53610.0,317810.9451008553,3089875.177732562,517.6490478515625,True
53640.0,317784.79788583535,3089860.4806066314,522.1209106445312,True
53670.0,317757.8955118243,3089847.219273936,518.3125610351562,True
53700.0,317730.03544052475,3089836.104510321,534.4247436523438,True
53730.0,317701.8600194727,3089825.8028382496,520.7578735351562,True
53760.0,317673.75212828215,3089815.3173028403,518.8715209960938,True
53790.0,317646.19106233673,3089803.57355519,526.9269409179688,True
53820.0,317617.26965044293,3089795.6445289883,523.8540649414062,True
53850.0,317587.5430187183,3089791.8892931477,522.67333984375,True
53880.0,317557.6427692674,3089789.4556398764,519.6611938476562,True
53910.0,317527.7788828123,3089786.613540271,517.379638671875,True
53940.0,317497.96623315715,3089783.27503475,517.17724609375,True
53970.0,317468.07468647446,3089780.7488069483,516.3605346679688,True
54000.0,317438.1255837145,3089779.002025944,516.1271362304688,True
54030.0,317408.13704649,3089778.2526762635,516.348388671875,True
54060.0,317378.15058165917,3089777.373557556,514.809814453125,True
54090.0,317348.160609802,3089776.633377114,516.370361328125,True
54120.0,317318.17656161316,3089776.8738642945,514.5891723632812,True
54150.0,317288.456518328,3089773.0173676847,512.7574462890625,True
54180.0,317263.51824381587,3089757.0153733213,512.395263671875,True
54210.0,317241.67344034096,3089736.468917606,512.6754150390625,True
54240.0,317219.46697851,3089716.448787727,511.90081787109375,True
54270.0,317202.1912926759,3089692.024663037,512.7374267578125,True
54300.0,317188.6234525347,3089665.2689839774,513.6790771484375,True
54330.0,317174.9142715861,3089638.585111228,510.4888610839844,True
54360.0,317161.0749217287,3089611.9723840584,513.378173828125,True
54390.0,317145.3350697806,3089586.4584659883,510.6551208496094,True
54420.0,317127.56820979505,3089562.330890707,509.8058166503906,True
54450.0,317108.00005876063,3089539.601870521,509.8058166503906,True
54480.0,317088.333590489,3089516.9481042745,509.26275634765625,True
54510.0,317069.4035465997,3089493.6820720653,517.0308837890625,True
54540.0,317048.7879859054,3089471.9266420538,516.5718383789062,True
54570.0,317026.070381842,3089452.39235942,508.5721130371094,True
54600.0,317001.29094162723,3089435.4932036814,512.3679809570312,True
54630.0,316975.21835827996,3089420.7550699837,508.229736328125,True
54660.0,316948.40806719265,3089407.3087329576,510.38287353515625,True
54690.0,316920.1849838283,3089397.4127566437,510.38287353515625,True
54720.0,316890.52920002694,3089393.0027083214,507.68304443359375,True
54750.0,316860.7010469951,3089389.798751657,507.73297119140625,True
54780.0,316830.9577802102,3089386.03416423,518.2708129882812,True
54810.0,316801.45458767214,3089380.5971034374,516.661865234375,True
54840.0,316772.13376905903,3089374.2660544966,507.30694580078125,True
54870.0,316742.84779163235,3089367.763913689,506.751953125,True
54900.0,316713.3571284943,3089362.259298564,506.7681884765625,True
54930.0,316683.95662440255,3089356.3407347556,509.4045715332031,True
54960.0,316654.9427913516,3089348.723492811,506.0584411621094,True
54990.0,316626.1107600034,3089340.442346023,506.1596374511719,True
55020.0,316597.4570427872,3089331.556149441,505.87469482421875,True
55050.0,316569.017167842,3089322.0176337454,506.0753173828125,True
55080.0,316540.72665025113,3089312.0710898926,505.26031494140625,True
55110.0,316514.2398991238,3089297.9837901257,505.6370849609375,True
55140.0,316487.75314799644,3089283.8964903587,505.30267333984375,True
55170.0,316461.2643630349,3089269.8130367915,505.7644958496094,True
55200.0,316434.71037458925,3089255.852890029,505.46783447265625,True
55230.0,316415.52209839807,3089233.453759935,505.1690673828125,True
55260.0,316398.35330306384,3089208.871139988,505.6043701171875,True
55290.0,316383.80451739935,3089182.635042037,504.0696716308594,True
55320.0,316377.7521832144,3089154.5519166184,514.1101684570312,True
55350.0,316380.0958416127,3089124.643602301,504.5904235839844,True
55380.0,316390.97678730014,3089098.0481440583,507.0447692871094,True
55410.0,316411.53031162533,3089076.532804184,504.9628601074219,True
55440.0,316435.49585755594,3089058.4869567878,504.9628601074219,True
55470.0,316459.4614034866,3089040.441109392,504.4969482421875,True
55500.0,316483.4269494172,3089022.3952619955,502.89801025390625,True
55530.0,316506.1080406699,3089002.979812903,505.76239013671875,True
55560.0,316525.65291575855,3088980.2202466116,503.34033203125,True
55590.0,316545.1977908472,3088957.46068032,502.2889404296875,True
55620.0,316564.74266593583,3088934.7011140287,502.10162353515625,True
55650.0,316584.2875410245,3088911.9415477375,502.10162353515625,True
55680.0,316603.8324161132,3088889.181981446,502.6184387207031,True
55710.0,316623.3772912018,3088866.422415155,500.9964599609375,True
55740.0,316642.87310004485,3088843.6217359193,500.8185729980469,True
55770.0,316661.86045025924,3088820.395015707,501.81060791015625,True
55800.0,316680.8478004737,3088797.1682954943,503.3558044433594,True
55830.0,316699.8351506881,3088773.9415752813,500.7178955078125,True
55860.0,316718.8225009025,3088750.714855069,502.2407531738281,True
55890.0,316737.8098511169,3088727.4881348563,502.2407531738281,True
55920.0,316756.79720133136,3088704.2614146434,504.7922668457031,True
55950.0,316771.3907194396,3088678.2289704215,507.19390869140625,True
55980.0,316784.4740692489,3088651.232193618,501.45947265625,True
56010.0,316797.5574190582,3088624.2354168147,499.7334289550781,True
56040.0,316810.6407688675,3088597.2386400113,501.39739990234375,True
56070.0,316823.7241186768,3088570.241863208,499.23681640625,True
56100.0,316836.8074684861,3088543.2450864045,501.391357421875,True
56130.0,316839.2603272012,3088513.47957956,498.3538513183594,True
56160.0,316841.00860874937,3088483.530564357,498.0,True
56190.0,316842.7568902975,3088453.581549154,498.0,True
56220.0,316844.8149477885,3088423.6571295676,498.07244873046875,True
56250.0,316847.8145665891,3088393.8074681447,498.6221008300781,True
56280.0,316850.81418538967,3088363.957806722,499.2755126953125,True
56310.0,316853.81380419026,3088334.1081452994,498.508544921875,True
56340.0,316856.92428019113,3088304.2824582085,497.11761474609375,True
56370.0,316866.5266197016,3088275.8607222317,499.3470153808594,True
56400.0,316876.12895921204,3088247.438986255,499.3470153808594,True
56430.0,316885.7312987225,3088219.0172502785,497.0595397949219,True
56460.0,316899.24171979964,3088192.7460678075,498.120361328125,True
56490.0,316918.1127448268,3088169.4247382055,496.58416748046875,True
56520.0,316936.983769854,3088146.103408603,497.5647277832031,True
56550.0,316955.85479488113,3088122.7820790005,499.46484375,True
56580.0,316974.7258199083,3088099.460749398,499.46484375,True
56610.0,316990.55263730016,3088074.190064744,499.184326171875,True
56640.0,317003.83911414345,3088047.2926757797,496.79522705078125,True
56670.0,317017.1255909867,3088020.3952868157,499.3902893066406,True
56700.0,317022.16037737427,3087990.8421039376,497.705078125,True
56730.0,317027.056766547,3087961.2443781286,496.1114501953125,True
56760.0,317025.9316353227,3087931.3598484234,494.5401916503906,True
56790.0,317023.8704983366,3087901.4307369376,494.7108154296875,True
56820.0,317019.7095568097,3087871.9029402463,495.4154968261719,True
56850.0,317010.5884640967,3087843.3231280055,495.3500061035156,True
56880.0,317001.46737138374,3087814.7433157647,495.3937683105469,True
56910.0,316992.3462786708,3087786.163503524,494.8429870605469,True
56940.0,316983.22518595785,3087757.583691283,493.26568603515625,True
56970.0,316965.6326446127,3087734.2915475136,492.7760009765625,True
57000.0,316943.96441389795,3087713.5433481294,492.62152099609375,True
57030.0,316922.2961831832,3087692.795148745,495.9813537597656,True
57060.0,316899.12519177253,3087674.1789224916,500.264892578125,True
57090.0,316872.30060751823,3087660.7460642857,494.8948669433594,True
57120.0,316845.47602326394,3087647.3132060794,493.6000061035156,True
57150.0,316817.1580089095,3087637.718324227,495.7720642089844,True
57180.0,316788.30917837913,3087629.4875905397,493.5574645996094,True
57210.0,316759.46034784877,3087621.256856852,491.9836120605469,True
57240.0,316730.61151731847,3087613.026123165,493.89678955078125,True
57270.0,316703.5995137102,3087601.211648566,492.52020263671875,True
57300.0,316680.0786062813,3087582.589970729,494.8972473144531,True
57330.0,316656.5595237332,3087563.9659873713,492.4232177734375,True
57360.0,316633.0404411852,3087545.3420040137,492.3260498046875,True
57390.0,316621.13264294405,3087520.99228057,492.85198974609375,True
57420.0,316620.67604912975,3087490.995755403,493.200927734375,True
57450.0,316620.21945531544,3087460.999230236,493.3925476074219,True
57480.0,316619.7628615011,3087431.002705069,493.79443359375,True
57510.0,316619.30626768677,3087401.0061799022,494.682373046875,True
57540.0,316616.0696241482,3087371.1962852697,491.2960205078125,True
57570.0,316612.51273156906,3087341.4078896237,490.4312438964844,True
57600.0,316608.9558389899,3087311.619493977,492.3814392089844,True
57630.0,316605.3989464107,3087281.831098331,490.9738464355469,True
57660.0,316597.9501485131,3087253.08228714,490.4522705078125,True
57690.0,316586.1792829377,3087225.487963021,488.5839538574219,True
57720.0,316574.40841736237,3087197.8936389014,488.5839538574219,True
57750.0,316562.637551787,3087170.299314782,488.5508117675781,True
57780.0,316550.86668621167,3087142.7049906626,488.7120056152344,True
57810.0,316540.3054413292,3087114.6360793146,488.0088806152344,True
57840.0,316530.17141585523,3087086.3995510633,486.7601623535156,True
57870.0,316520.0373903812,3087058.163022812,493.0445861816406,True
57900.0,316509.9033649072,3087029.9264945607,494.78070068359375,True
57930.0,316499.76933943323,3087001.689966309,492.2117004394531,True
57960.0,316497.2482019656,3086972.2114149313,500.1685791015625,True
57990.0,316497.88218043826,3086942.218114491,501.99224853515625,True
58020.0,316498.51615891093,3086912.224814051,507.4685363769531,True
58050.0,316500.6698111055,3086882.328891947,495.1524963378906,True
58080.0,316503.86914754554,3086852.4999756687,497.6994934082031,True
58110.0,316507.0684839856,3086822.67105939,499.2955322265625,True
58140.0,316511.387833106,3086793.045455018,498.91961669921875,True
58170.0,316518.87662470446,3086763.995188231,498.8289489746094,True
58200.0,316528.6282776283,3086735.968722765,498.2533264160156,True
58230.0,316545.5046644951,3086711.165747816,490.8515625,True
58260.0,316557.59271741234,3086684.0721355462,495.7102355957031,True
58290.0,316566.3132098606,3086655.367553831,485.8182067871094,True
58320.0,316575.0337023089,3086626.6629721154,487.85858154296875,True
58350.0,316583.75419475714,3086597.9583904,487.85858154296875,True
58380.0,316592.47468720545,3086569.2538086846,483.7234802246094,True
58410.0,316601.1951796537,3086540.549226969,483.6309814453125,True
58440.0,316609.915672102,3086511.844645254,485.14593505859375,True
58470.0,316618.63616455026,3086483.140063538,489.0706481933594,True
58500.0,316627.35665699857,3086454.4354818226,486.05059814453125,True
58530.0,316628.4918173193,3086424.704898592,485.4722900390625,True
58560.0,316627.71040328994,3086394.715077117,484.7424011230469,True
58590.0,316626.9289892606,3086364.725255642,483.7501525878906,True
58620.0,316626.14757523127,3086334.7354341666,483.345947265625,True
58650.0,316625.3661612019,3086304.7456126916,486.05108642578125,True
58680.0,316607.893192368,3086281.7656105263,484.7442321777344,True
58710.0,316587.0276357972,3086260.210366408,481.94110107421875,True
58740.0,316563.0739719836,3086242.58133025,481.94110107421875,True
58770.0,316537.2095017186,3086227.381686244,480.7767333984375,True
58800.0,316511.34503145353,3086212.1820422383,480.6024169921875,True
58830.0,316485.4805611885,3086196.982398232,479.9102783203125,True
58860.0,316459.61609092343,3086181.782754226,479.9969482421875,True
58890.0,316433.7516206584,3086166.5831102203,479.5,True
58920.0,316407.88715039333,3086151.3834662144,479.5,True
58950.0,316383.6828191021,3086133.8824675772,480.0809326171875,True
58980.0,316361.10009344574,3086114.133530848,480.0738220214844,True
59010.0,316338.5173677894,3086094.384594119,479.0,True
59040.0,316315.934642133,3086074.63565739,479.0,True
59070.0,316293.3519164767,3086054.886720661,479.6048889160156,True
59100.0,316270.76919082034,3086035.1377839316,478.9742431640625,True
59130.0,316247.28183306,3086016.537721063,478.5,True
59160.0,316222.78686172474,3085999.217317509,478.5,True
59190.0,316198.2918903895,3085981.8969139545,478.5,True
59220.0,316173.79691905424,3085964.5765104,478.5529479980469,True
59250.0,316149.30194771895,3085947.256106846,478.2053527832031,True
59280.0,316124.8069763837,3085929.9357032916,478.0,True
59310.0,316100.31200504844,3085912.615299737,478.0074462890625,True
59340.0,316075.81703371316,3085895.294896183,478.0,True
59370.0,316051.32206237793,3085877.9744926286,478.0,True
59400.0,316026.82709104265,3085860.654089074,477.5075988769531,True
59430.0,316002.33211970737,3085843.33368552,477.9345397949219,True
59460.0,315978.11048634,3085825.639084639,477.5,True
59490.0,315954.16071361507,3085807.5723088775,477.50048828125,True
59520.0,315930.2109408902,3085789.5055331155,477.50048828125,True
59550.0,315906.26116816525,3085771.438757354,481.4078063964844,True
59580.0,315882.3113954403,3085753.371981592,483.14947509765625,True
59610.0,315858.3616227154,3085735.3052058304,476.9387512207031,True
59640.0,315834.4118499905,3085717.238430069,476.5,True
59670.0,315810.4620772656,3085699.171654307,476.5,True
59700.0,315786.51230454067,3085681.1048785453,476.5,True
59730.0,315762.5625318157,3085663.0381027833,478.3091735839844,True
59760.0,315741.1472673241,3085642.22311379,476.1097412109375,True
59790.0,315721.20498496946,3085619.810943559,477.8531188964844,True
59820.0,315701.2627026149,3085597.398773327,477.5086669921875,True
59850.0,315681.32042026025,3085574.9866030957,476.9804992675781,True
59880.0,315661.3781379057,3085552.574432864,476.9804992675781,True
59910.0,315641.43585555104,3085530.1622626325,476.41632080078125,True
59940.0,315621.49357319647,3085507.7500924007,476.0780029296875,True
59970.0,315601.55129084183,3085485.3379221694,477.60882568359375,True
60000.0,315584.4060582941,3085460.85336965,475.3672790527344,True
60030.0,315568.7721167946,3085435.249075612,475.12493896484375,True
60060.0,315553.138175295,3085409.644781574,475.0,True
60090.0,315537.9919832185,3085383.8219460733,483.1760559082031,True
60120.0,315529.28975564905,3085355.111821808,478.9325256347656,True
60150.0,315520.5875280796,3085326.4016975425,474.638427734375,True
60180.0,315511.88530051016,3085297.691573277,474.5,True
60210.0,315503.1830729407,3085268.981449012,482.8787536621094,True
60240.0,315495.4510189491,3085240.0446858485,481.63201904296875,True
60270.0,315490.53298928833,3085210.4505481813,479.60723876953125,True
60300.0,315487.52751881885,3085180.8107397924,474.26751708984375,True
60330.0,315491.0273692578,3085151.015588393,474.0,True
60360.0,315494.5272196968,3085121.220436994,474.0,True
60390.0,315498.70914221084,3085091.5442232597,474.0,True
60420.0,315505.5003860016,3085062.3230150747,473.6300964355469,True
60450.0,315512.29162979237,3085033.10180689,473.5,True
60480.0,315519.08287358313,3085003.8805987053,473.5,True
60510.0,315520.6393022452,3084974.0480423183,473.5,True
60540.0,315520.76418049063,3084944.048302229,473.5,True
60570.0,315520.889058736,3084914.0485621397,473.3885192871094,True
60600.0,315514.53715408815,3084884.752610354,473.4076232910156,True
60630.0,315507.971536483,3084855.479881314,473.271240234375,True
60660.0,315499.2121470084,3084826.8543840116,473.0799560546875,True
60690.0,315488.8366385821,3084798.7056926587,473.0799560546875,True
60720.0,315477.8642474257,3084770.873402,473.316650390625,True
60750.0,315460.39145242586,3084746.4869009205,472.727783203125,True
60780.0,315441.2809143167,3084723.680404598,473.5871887207031,True
60810.0,315417.5369638626,3084705.3439704617,477.8369445800781,True
60840.0,315392.6925288102,3084689.06805481,477.8369445800781,True
60870.0,315364.2485266656,3084679.531874128,473.04205322265625,True
60900.0,315335.80452452105,3084669.995693446,476.2156066894531,True
60930.0,315307.3605223765,3084660.459512764,472.85955810546875,True
60960.0,315278.629833478,3084651.8551595323,471.93914794921875,True
60990.0,315249.7445281669,3084643.7533611464,473.37646484375,True
61020.0,315220.8592228558,3084635.6515627606,471.20977783203125,True
61050.0,315191.9739175447,3084627.5497643747,470.6853942871094,True
61080.0,315163.08861223364,3084619.447965989,470.3887634277344,True
61110.0,315134.2033069225,3084611.346167603,470.1646423339844,True
61140.0,315106.7785840852,3084599.1919364403,469.886962890625,True
61170.0,315079.36639586644,3084587.002927577,469.5,True
61200.0,315051.95420764765,3084574.8139187144,469.4231262207031,True
61230.0,315024.5420194289,3084562.6249098517,469.0,True
61260.0,314998.22227208735,3084548.419818251,468.9908752441406,True
61290.0,314973.04238958634,3084532.111123722,468.9908752441406,True
61320.0,314947.8625070853,3084515.802429193,468.5076904296875,True
61350.0,314922.6826245843,3084499.4937346643,468.49481201171875,True
61380.0,314897.5027420833,3084483.185040136,468.00390625,True
61410.0,314872.3228595822,3084466.876345607,468.0,True
61440.0,314847.1429770812,3084450.567651078,467.6772155761719,True
61470.0,314821.96309458016,3084434.258956549,467.51605224609375,True
61500.0,314796.78321207914,3084417.9502620203,467.5,True
61530.0,314770.1922814282,3084404.083222601,467.1200866699219,True
61560.0,314743.48999176326,3084390.4088770356,467.0,True
61590.0,314716.7877020983,3084376.7345314696,466.62982177734375,True
61620.0,314690.0854124334,3084363.060185904,466.5048828125,True
61650.0,314663.3831227684,3084349.3858403387,466.4927673339844,True
61680.0,314636.6808331035,3084335.7114947727,466.0401611328125,True
61710.0,314611.31363453076,3084320.12383905,466.0401611328125,True
61740.0,314589.2650728162,3084299.780266937,465.57562255859375,True
61770.0,314567.21651110175,3084279.436694824,465.5,True
61800.0,314541.199784992,3084265.16242516,465.24359130859375,True
61830.0,314513.7209079753,3084253.1245134682,464.8511962890625,True
61860.0,314486.2420309585,3084241.086601776,464.9905700683594,True
61890.0,314458.1961511763,3084230.447096025,465.6175231933594,True
61920.0,314430.09311257076,3084219.9485617876,464.3180236816406,True
61950.0,314402.2510142151,3084208.81004642,464.2583923339844,True
61980.0,314374.81919267296,3084196.6652875966,464.698974609375,True
62010.0,314363.2253806803,3084175.1720086564,465.711181640625,True
62040.0,314365.84873141616,3084145.28692825,468.0386657714844,True
62070.0,314353.402595261,3084121.7185175614,466.9300842285156,True
62100.0,314330.25368106784,3084102.636385299,464.5573425292969,True
62130.0,314307.1047668747,3084083.5542530366,463.4720153808594,True
62160.0,314284.35702350305,3084064.0478636306,464.2249450683594,True
62190.0,314264.0108345483,3084042.001716688,465.30865478515625,True
62220.0,314243.6646455935,3084019.955569745,469.8426208496094,True
62250.0,314235.72233371297,3083991.388274682,466.05914306640625,True
62280.0,314229.0956470642,3083962.129309833,464.1868591308594,True
62310.0,314222.4689604155,3083932.8703449834,463.05401611328125,True
62340.0,314215.01237173163,3083903.9444861915,462.5,True
62370.0,314199.5711988675,3083878.22347959,462.3878479003906,True
62400.0,314184.1302349245,3083852.5023475722,462.0,True
62430.0,314168.69005699415,3083826.7807437056,462.0,True
62460.0,314153.24987906375,3083801.0591398384,461.9331970214844,True
62490.0,314140.07184076123,3083774.1535547185,461.5679626464844,True
62520.0,314127.7366007029,3083746.806857428,462.54266357421875,True
62550.0,314115.40136064467,3083719.4601601376,462.54266357421875,True
62580.0,314103.0211199137,3083692.1342648966,461.4986267089844,True
62610.0,314090.181518657,3083665.0207140488,461.2925720214844,True
62640.0,314077.3208863918,3083637.9172588773,461.3353271484375,True
62670.0,314064.1953304935,3083610.940977029,461.0284118652344,True
62700.0,314051.0697745952,3083583.9646951808,460.8059387207031,True
62730.0,314037.9442186969,3083556.9884133325,460.72723388671875,True
62760.0,314024.8186627986,3083530.012131484,461.5007629394531,True
62790.0,314012.7609284967,3083502.5647969223,462.6907043457031,True
62820.0,313999.7178458191,3083475.6350017157,460.0287170410156,True
62850.0,313986.2099574875,3083448.9023579024,460.0287170410156,True
62880.0,313974.75379281054,3083421.214441312,459.9201354980469,True
62910.0,313967.47150718526,3083392.1117212316,459.5,True
62940.0,313966.0487853899,3083362.167810148,459.552734375,True
62970.0,313954.81794586545,3083337.035459282,466.58819580078125,True
63000.0,313929.25064092735,3083321.7847934547,473.9423522949219,True
63030.0,313902.2295111449,3083308.751814314,468.645751953125,True
63060.0,313875.2083813625,3083295.718835173,471.3002624511719,True
63090.0,313848.1872515801,3083282.6858560327,461.705810546875,True
63120.0,313823.9016031849,3083265.336124141,461.0028991699219,True
63150.0,313800.5789307963,3083246.4667586866,461.0028991699219,True
63180.0,313777.2562584077,3083227.597393232,460.4622802734375,True
63210.0,313753.93358601915,3083208.7280277773,458.3542175292969,True
63240.0,313728.8471563913,3083192.424099291,458.0,True
63270.0,313702.8776086724,3083177.404692136,458.0,True
63300.0,313681.07634719595,3083157.784929449,458.0,True
63330.0,313663.5766291369,3083133.417741104,458.0,True
63360.0,313647.9953540799,3083107.849320197,458.0,True
63390.0,313633.71705482044,3083081.4650413506,458.0,True
63420.0,313619.438755561,3083055.0807625037,458.0,True
63450.0,313604.6999140565,3083028.978399247,458.0,True
63480.0,313587.6973658161,3083004.261737795,458.0,True
63510.0,313565.7937498132,3082984.621269185,458.0,True
63540.0,313540.495625518,3082968.496601525,458.0,True
63570.0,313511.5813712109,3082960.800898196,457.5072326660156,True
63600.0,313482.4632761921,3082953.580334335,457.4930725097656,True
63630.0,313453.3451811733,3082946.359770474,457.024169921875,True
63660.0,313423.89753577264,3082941.13294838,457.0,True
63690.0,313394.0047037611,3082938.5994538907,456.9066162109375,True
63720.0,313364.11187174945,3082936.065959402,456.5,True
63750.0,313334.2190397378,3082933.5324649126,456.5,True
63780.0,313304.32620772626,3082930.998970424,456.5274963378906,True
63810.0,313274.43337571464,3082928.4654759346,456.4548645019531,True
63840.0,313244.52318306715,3082927.701709279,456.2860412597656,True
63870.0,313214.5864025293,3082929.648288594,456.4010314941406,True
63900.0,313184.6496219915,3082931.5948679093,456.21826171875,True
63930.0,313154.71284145373,3082933.541447225,456.1369323730469,True
63960.0,313124.7760609159,3082935.4880265403,456.5621643066406,True
63990.0,313094.8392803781,3082937.4346058555,455.1188049316406,True
64020.0,313065.717779065,3082944.2245998117,455.0,True
64050.0,313036.7934500656,3082952.1859559733,455.0,True
64080.0,313007.8691210662,3082960.147312135,456.2454528808594,True
64110.0,312980.3200389509,3082971.578521285,454.5,True
64140.0,312953.7951998765,3082985.593973903,455.09503173828125,True
64170.0,312927.27036080207,3082999.6094265208,454.1318359375,True
64200.0,312900.74552172766,3083013.624879138,454.1318359375,True
64230.0,312874.22068265325,3083027.640331756,455.6068420410156,True
64260.0,312847.69584357884,3083041.6557843736,454.5494079589844,True
64290.0,312821.17100450443,3083055.671236991,453.6256103515625,True
64320.0,312794.6461654301,3083069.6866896087,453.5,True
64350.0,312768.3793029193,3083084.1700776294,453.3665466308594,True
64380.0,312742.36851034005,3083099.117942674,453.0,True
64410.0,312716.3577177608,3083114.0658077192,453.0,True
64440.0,312687.95331206295,3083123.373924531,453.1517639160156,True
64470.0,312659.02527375333,3083131.2808275167,453.1517639160156,True
64500.0,312629.7257174136,3083137.7256702837,452.5816650390625,True
64530.0,312600.4261610738,3083144.1705130506,452.49786376953125,True
64560.0,312570.93213445705,3083149.4649229483,452.29022216796875,True
64590.0,312541.1421673442,3083153.0086299647,452.0,True
64620.0,312511.3522002314,3083156.5523369806,452.0,True
64650.0,312481.5622331186,3083160.096043997,451.8699035644531,True
64680.0,312451.77226600575,3083163.639751013,451.5,True
64710.0,312421.9822988929,3083167.1834580293,451.5,True
64740.0,312392.1923317801,3083170.7271650457,451.5,True
64770.0,312362.3865079237,3083174.133719007,451.4740295410156,True
64800.0,312332.5738178234,3083177.4808833264,451.0,True
64830.0,312302.76112772303,3083180.8280476457,451.0,True
64860.0,312272.9484376227,3083184.1752119656,451.0,True
64890.0,312243.13574752235,3083187.522376285,451.0,True
64920.0,312213.323057422,3083190.8695406043,450.58880615234375,True
64950.0,312183.5103944417,3083194.216946462,450.50213623046875,True
64980.0,312153.69775317574,3083197.5645457134,450.5,True
65010.0,312123.88511190977,3083200.9121449646,450.5291748046875,True
65040.0,312094.07247064385,3083204.2597442158,450.5885314941406,True
65070.0,312064.2598293779,3083207.607343467,450.0,True
65100.0,312034.4456127001,3083210.8890749505,450.0,True
65130.0,312004.50701839407,3083208.9705935256,450.0,True
65160.0,311974.568424088,3083207.0521121,450.0,True
65190.0,311944.629829782,3083205.133630675,449.7116394042969,True
65220.0,311914.691235476,3083203.21514925,449.5,True
65250.0,311885.4770992622,3083198.556032295,449.5,True
65280.0,311866.01984280115,3083177.4225739427,449.5,True
65310.0,311857.7894830683,3083148.6133537483,449.5,True
65340.0,311850.87137753196,3083119.421919803,449.4659729003906,True
65370.0,311843.95327199565,3083090.230485858,449.0,True
65400.0,311837.03516645933,3083061.0390519123,449.0,True
65430.0,311830.117060923,3083031.847617967,449.0,True
65460.0,311823.1989553867,3083002.6561840214,449.0,True
65490.0,311816.2808498504,3082973.464750076,448.563720703125,True
65520.0,311809.3627443141,3082944.273316131,448.5,True
65550.0,311802.4446387777,3082915.0818821853,448.5,True
65580.0,311794.25376861764,3082886.3614111003,448.51898193359375,True
65610.0,311779.2666579221,3082860.55468143,448.47991943359375,True
65640.0,311757.27670732804,3082840.7616631226,448.3417663574219,True
65670.0,311730.4497309661,3082827.3335828697,448.3417663574219,True
65700.0,311703.18036028615,3082814.83710456,448.0569763183594,True
65730.0,311675.8197099559,3082802.532844586,448.0,True
65760.0,311648.45905962563,3082790.2285846123,448.4167175292969,True
65790.0,311621.0984092954,3082777.924324638,447.5155944824219,True
65820.0,311593.7377589651,3082765.620064664,447.5,True
65850.0,311565.23164424923,3082758.4187545506,447.5,True
65880.0,311535.2370659536,3082757.8484275667,447.58447265625,True
65910.0,311505.242487658,3082757.278100583,447.8594055175781,True
65940.0,311475.24790936237,3082756.707773599,447.0,True
65970.0,311445.25333106675,3082756.137446615,447.0,True
66000.0,311415.2587527712,3082755.5671196305,446.7557678222656,True
66030.0,311385.26417447557,3082754.9967926466,447.1962585449219,True
66060.0,311355.26959617995,3082754.4264656627,447.8069763183594,True
66090.0,311325.2750178843,3082753.8561386787,446.9533386230469,True
66120.0,311295.28043958877,3082753.2858116943,446.5,True
66150.0,311265.28586129314,3082752.7154847104,446.1119079589844,True
66180.0,311235.2912829975,3082752.1451577265,446.0,True
66210.0,311205.2967047019,3082751.5748307426,446.0,True
66240.0,311175.30212640634,3082751.0045037586,446.0,True
66270.0,311145.3075481107,3082750.434176774,445.93560791015625,True
66300.0,311115.3129698151,3082749.8638497903,445.5,True
66330.0,311085.31822432554,3082749.3027878264,445.5,True
66360.0,311055.3225980915,3082748.790531238,445.5,True
66390.0,311025.3269868593,3082748.277396939,445.5,True
66420.0,310995.3313756272,3082747.7642626404,445.291748046875,True
66450.0,310965.335764395,3082747.251128341,445.0,True
66480.0,310935.34015316283,3082746.737994042,445.0,True
66510.0,310905.34454193065,3082746.2248597434,445.0,True
66540.0,310875.3489306985,3082745.7117254445,445.2822570800781,True
66570.0,310849.0469902842,3082732.6681673117,445.127197265625,True
66600.0,310823.56911762117,3082716.8290384035,444.5,True
66630.0,310798.0912449581,3082700.9899094957,445.2638854980469,True
66660.0,310772.6133722951,3082685.1507805875,444.5,True
66690.0,310747.13549963204,3082669.311651679,445.123779296875,True
66720.0,310721.65762696904,3082653.4725227715,444.0129089355469,True
66750.0,310696.179754306,3082637.633393863,444.043212890625,True
66780.0,310670.8537566026,3082621.5613348456,444.0,True
66810.0,310646.08314815967,3082604.6374772075,443.6344299316406,True
66840.0,310621.31253971666,3082587.713619569,443.6344299316406,True
66870.0,310596.54193127365,3082570.7897619307,443.5,True
66900.0,310571.7713228307,3082553.865904292,443.5,True
66930.0,310547.0007143877,3082536.942046654,443.5,True
66960.0,310522.2301059447,3082520.0181890153,443.4554443359375,True
66990.0,310497.4594975017,3082503.094331377,443.0328369140625,True
67020.0,310472.6888890587,3082486.1704737386,443.0,True
67050.0,310447.9182806157,3082469.2466161004,443.1803894042969,True
67080.0,310421.757564283,3082455.8121966175,444.0059509277344,True
67110.0,310392.1351902752,3082451.0672036624,443.2279968261719,True
67140.0,310362.5128162675,3082446.3222107072,442.5,True
67170.0,310332.8904422597,3082441.577217752,442.5,True
67200.0,310303.26806825196,3082436.832224797,442.12078857421875,True
67230.0,310273.6456942442,3082432.087231842,442.0,True
67260.0,310244.0233202365,3082427.3422388867,442.0,True
67290.0,310214.4009462287,3082422.5972459316,445.9268493652344,True
67320.0,310185.4301325224,3082422.484000602,448.2530517578125,True
67350.0,310158.2664677199,3082435.217237209,442.8388671875,True
67380.0,310131.1028029174,3082447.9504738166,450.2216796875,True
67410.0,310103.9391381149,3082460.6837104238,444.17352294921875,True
67440.0,310076.7754733124,3082473.416947031,452.4435729980469,True
67470.0,310049.61180850986,3082486.150183638,452.4435729980469,True
67500.0,310024.01004988863,3082501.5995374126,441.25372314453125,True
67530.0,309999.34182607126,3082518.6722856886,441.0,True
67560.0,309974.6736022539,3082535.7450339645,441.0,True
67590.0,309950.00537843653,3082552.8177822405,441.0,True
67620.0,309925.33715461916,3082569.890530517,440.65625,True
67650.0,309900.6689308018,3082586.963278793,440.5157470703125,True
67680.0,309876.0846902506,3082604.1506835255,440.5,True
67710.0,309852.3662355257,3082622.520084862,440.5,True
67740.0,309828.6477808008,3082640.889486199,440.1871032714844,True
67770.0,309804.9293260759,3082659.2588875354,441.13421630859375,True
67800.0,309781.210871351,3082677.628288872,440.0,True
67830.0,309757.4924166261,3082695.9976902083,440.0,True
67860.0,309733.7739619012,3082714.367091545,439.87823486328125,True
67890.0,309707.9053139057,3082729.425337116,439.5,True
67920.0,309681.4762845425,3082743.6206323546,439.5,True
67950.0,309655.04725517944,3082757.815927594,439.5,True
67980.0,309628.6182258163,3082772.011222833,439.40594482421875,True
68010.0,309602.1891964532,3082786.2065180717,439.40594482421875,True
68040.0,309575.76016709005,3082800.401813311,439.0,True
68070.0,309549.33113772696,3082814.59710855,438.6834411621094,True
68100.0,309522.5589841712,3082828.1274342327,438.5,True
68130.0,309495.6752494837,3082841.44151735,438.5,True
68160.0,309468.79151479626,3082854.7556004673,438.5,True
68190.0,309441.90778010886,3082868.0696835844,438.0768737792969,True
68220.0,309415.0240454214,3082881.383766702,438.0,True
68250.0,309388.1403107339,3082894.697849819,438.0,True
68280.0,309361.25657604646,3082908.0119329365,438.0,True
68310.0,309335.21280000923,3082922.747257387,438.01080322265625,True
68340.0,309310.5842147632,3082939.877137386,437.8451843261719,True
68370.0,309285.9556295172,3082957.0070173847,437.53680419921875,True
68400.0,309265.9384892212,3082978.9011558215,437.5,True
68430.0,309248.01508441963,3083002.958411698,437.88134765625,True
68460.0,309230.3953683078,3083027.229646733,437.30596923828125,True
68490.0,309213.7719016405,3083052.20283948,437.30596923828125,True
68520.0,309197.1484349732,3083077.1760322265,438.3546142578125,True
68550.0,309180.5249683059,3083102.1492249733,437.1676025390625,True
68580.0,309163.9015016386,3083127.1224177196,437.0,True
68610.0,309141.657578765,3083146.3155206074,438.55230712890625,True
68640.0,309116.22873512516,3083162.2332437844,436.5,True
68670.0,309090.7998914853,3083178.1509669614,436.5,True
68700.0,309065.3710478454,3083194.0686901384,436.5,True
68730.0,309039.94220420555,3083209.9864133154,438.31854248046875,True
68760.0,309013.2534755652,3083216.9290195894,438.11285400390625,True
68790.0,308984.42487620236,3083208.6277028997,438.11407470703125,True
68820.0,308955.59627683955,3083200.3263862105,436.0,True
68850.0,308926.7676774768,3083192.025069521,436.0,True
68880.0,308899.9597602875,3083180.03795818,435.80291748046875,True
68910.0,308877.4571987028,3083160.197728289,435.5,True
68940.0,308854.95463711815,3083140.3574983976,435.5,True
68970.0,308832.4520755335,3083120.517268507,435.5,True
69000.0,308809.9495139489,3083100.6770386156,435.1859130859375,True
69030.0,308787.44695236423,3083080.836808725,435.0,True
69060.0,308766.4678727511,3083059.868260833,435.0,True
69090.0,308754.05050005944,3083032.5587596395,435.0,True
69120.0,308743.163258616,3083004.7758553335,435.0,True
69150.0,308737.9889028608,3082975.2254569856,434.77679443359375,True
69180.0,308732.6843047626,3082945.6982074315,434.5,True
69210.0,308727.3590691535,3082916.1746259127,434.5405578613281,True
69240.0,308722.0338335444,3082886.651044394,434.6183776855469,True
69270.0,308716.7085979353,3082857.1274628746,434.4737548828125,True
69300.0,308711.38336232625,3082827.603881356,434.0,True
69330.0,308706.05812671717,3082798.0802998366,434.0,True
69360.0,308690.1312410758,3082773.179203191,434.0,True
69390.0,308672.12228853005,3082749.1859202096,434.2940673828125,True
69420.0,308654.1133359843,3082725.192637229,433.6883544921875,True
69450.0,308636.10438343853,3082701.199354248,433.5,True
69480.0,308615.4992258972,3082679.8861998995,433.5,True
69510.0,308590.9453358688,3082662.6494228086,436.76739501953125,True
69540.0,308566.3914458404,3082645.412645718,433.5,True
69570.0,308541.83755581203,3082628.1758686276,433.01446533203125,True
69600.0,308517.28366578365,3082610.9390915367,433.0,True
69630.0,308492.72977575526,3082593.702314446,433.0,True
69660.0,308467.9732886789,3082576.819378621,433.9631652832031,True
69690.0,308440.67859812145,3082564.3694843496,433.0,True
69720.0,308413.383907564,3082551.919590078,432.95501708984375,True
69750.0,308386.08921700646,3082539.4696958065,432.5,True
69780.0,308358.794526449,3082527.019801535,432.5,True
69810.0,308331.49983589153,3082514.5699072634,432.5,True
69840.0,308304.06592446746,3082502.490493202,432.31536865234375,True
69870.0,308275.3270144473,3082493.883806798,432.0,True
69900.0,308246.5881044271,3082485.2771203946,432.0,True
69930.0,308217.84919440694,3082476.6704339907,432.0,True
69960.0,308189.1102843867,3082468.063747587,432.0,True
69990.0,308160.3713743665,3082459.4570611836,432.0,True
70020.0,308131.3574172222,3082451.9596516457,431.6864013671875,True
70050.0,308101.92669425,3082446.143076594,431.5,True
70080.0,308072.4959712778,3082440.3265015422,431.5,True
70110.0,308042.85236855585,3082435.8154232637,431.5,True
70140.0,308013.09841173963,3082431.981097537,431.5,True
70170.0,307983.3444549234,3082428.14677181,431.4820861816406,True
70200.0,307953.4590787083,3082428.028231106,431.0134582519531,True
70230.0,307923.5085815062,3082429.7509375084,431.0,True
70260.0,307893.55808430415,3082431.4736439106,431.0,True
70290.0,307864.1637380307,3082436.968760322,431.0,True
70320.0,307834.9903202804,3082443.962450104,430.9845886230469,True
70350.0,307807.4966822283,3082455.3859471395,430.7841796875,True
70380.0,307781.02114048356,3082469.4943024414,430.5,True
70410.0,307757.3471864917,3082487.6413571634,430.5,True
70440.0,307736.4962628711,3082509.021984562,430.5,True
70470.0,307718.2989676583,3082532.8727381546,430.5,True
70500.0,307698.94370067335,3082555.790202824,430.16400146484375,True
70530.0,307679.5028639308,3082578.6387009528,430.038330078125,True
70560.0,307654.6609836257,3082595.424475405,430.0,True
70590.0,307629.43782813643,3082611.6628749375,430.5248718261719,True
70620.0,307604.10476582195,3082627.732596583,430.0,True
70650.0,307578.7717035075,3082643.802318229,429.62469482421875,True
70680.0,307554.26956374437,3082661.0939196325,429.5,True
70710.0,307530.013139165,3082678.7468476226,429.46331787109375,True
70740.0,307505.7567145857,3082696.3997756126,429.2147521972656,True
70770.0,307481.5002900064,3082714.052703603,429.0,True
70800.0,307458.76368677616,3082733.6213498404,429.0,True
70830.0,307436.0563010172,3082753.226824382,429.0,True
70860.0,307413.3489152582,3082772.8322989233,429.0,True
70890.0,307390.6415294992,3082792.4377734642,428.7029113769531,True
70920.0,307367.08756563085,3082811.011017953,428.5,True
70950.0,307343.41704352427,3082829.442143345,428.5,True
70980.0,307319.7465214177,3082847.8732687365,428.64202880859375,True
71010.0,307292.456474501,3082860.035989692,428.5335388183594,True
71040.0,307264.6606323497,3082871.3227588977,428.5,True
71070.0,307235.0434164618,3082872.353281756,428.0,True
71100.0,307205.31134326744,3082868.445152775,428.0,True
71130.0,307176.61375376215,3082860.4398423578,428.0,True
71160.0,307149.2210416032,3082848.4064849196,430.9892272949219,True
71190.0,307123.727654929,3082832.5923382216,427.88330078125,True
71220.0,307098.23409759963,3082816.7784666307,427.5440368652344,True
71250.0,307072.7405402702,3082800.96459504,427.5210876464844,True
71280.0,307047.2469829409,3082785.150723449,427.51312255859375,True
71310.0,307021.7534256115,3082769.336851858,427.51312255859375,True
71340.0,306996.25986828207,3082753.522980267,427.5,True
71370.0,306971.21175242984,3082737.0272112535,427.27008056640625,True
71400.0,306946.48693772213,3082720.0365215186,427.0,True
71430.0,306921.7621230144,3082703.0458317837,426.7440490722656,True
71460.0,306897.0373083068,3082686.0551420487,426.5,True
71490.0,306872.3124935991,3082669.064452314,426.5,True
71520.0,306847.5876788914,3082652.073762579,426.5,True
71550.0,306822.86286418367,3082635.0830728435,426.5,True
71580.0,306797.9029783338,3082618.5337357363,426.5,True
71610.0,306770.0066704721,3082607.497612881,426.5,True
71640.0,306742.109755729,3082596.4630242884,426.0848083496094,True
71670.0,306714.2123042475,3082585.4297926296,426.0,True
71700.0,306686.314852766,3082574.3965609707,426.0,True
71730.0,306658.4174012845,3082563.363329312,425.9454650878906,True
71760.0,306630.51994980307,3082552.330097653,425.9454650878906,True
71790.0,306600.53750182624,3082551.859916562,425.5,True
71820.0,306570.54009436996,3082551.4655234837,425.5,True
71850.0,306540.5426869136,3082551.0711304047,425.5,True
71880.0,306510.54527945735,3082550.6767373257,425.3297424316406,True
71910.0,306480.5471756281,3082550.53733686,425.0,True
71940.0,306450.54806149396,3082550.767882229,425.0,True
71970.0,306420.6102554105,3082551.598543341,425.0,True
72000.0,306391.1842408482,3082557.4388915305,425.0,True
72030.0,306362.43899800733,3082565.3393766424,424.6859130859375,True
72060.0,306335.3268950565,3082578.182034996,424.5,True
72090.0,306308.8060353603,3082592.1068582423,424.5,True
72120.0,306283.3517967427,3082607.9839403545,424.49285888671875,True
72150.0,306256.6306655562,3082621.380708072,424.053466796875,True
72180.0,306228.36939486116,3082629.521814309,424.0,True
72210.0,306198.7835028426,3082625.696057056,423.9083251953125,True
72240.0,306171.60310354433,3082613.306428583,424.8453674316406,True
72270.0,306150.9058854072,3082591.589495987,423.5,True
72300.0,306134.90882744786,3082566.3964679833,423.5,True
72330.0,306119.9232686878,3082540.410795963,423.5,True
72360.0,306104.2889536965,3082514.8178901244,423.0315856933594,True
72390.0,306086.4305201345,3082490.712364809,423.0723876953125,True
72420.0,306068.5720865726,3082466.6068394943,423.0,True
72450.0,306050.7136530106,3082442.501314179,423.11956787109375,True
72480.0,306032.92352349753,3082418.345652026,422.60931396484375,True
72510.0,306015.27875098627,3082394.083294288,422.5,True
72540.0,305997.633978475,3082369.8209365495,424.1806640625,True
72570.0,305979.98920596374,3082345.558578811,424.1332092285156,True
72600.0,305971.85672854615,3082316.710525676,422.7130432128906,True
72630.0,305963.8652257474,3082287.7945113755,430.2261047363281,True
72660.0,305955.87372294866,3082258.8784970753,427.0516052246094,True
72690.0,305949.2496682443,3082229.6248287046,423.5910339355469,True
72720.0,305942.8632622634,3082200.312479453,421.77215576171875,True
72750.0,305936.47685628256,3082171.0001302017,426.9523620605469,True
72780.0,305931.9857290218,3082141.3901933935,424.1245422363281,True
72810.0,305929.0813221695,3082111.531117372,422.1611022949219,True
72840.0,305925.8234206563,3082081.7188635273,421.2110290527344,True
72870.0,305920.85408073675,3082052.133298453,421.0,True
72900.0,305915.8847408172,3082022.5477333786,421.0,True
72930.0,305907.3342179173,3081994.255775295,420.912109375,True
72960.0,305892.14722100284,3081968.3989948803,420.5,True
72990.0,305871.8099984088,3081946.3875902984,420.87750244140625,True
73020.0,305846.764481744,3081929.873290586,420.6954345703125,True
73050.0,305821.71896507917,3081913.3589908737,425.6095275878906,True
73080.0,305796.67344841437,3081896.844691161,420.00946044921875,True
73110.0,305771.62793174956,3081880.3303914485,420.0372314453125,True
73140.0,305746.58241508476,3081863.8160917363,420.0431823730469,True
73170.0,305721.53689841996,3081847.3017920237,419.7309265136719,True
73200.0,305696.49138175516,3081830.787492311,420.45172119140625,True
73230.0,305671.44586509035,3081814.273192599,419.5828857421875,True
73260.0,305646.40034842555,3081797.7588928863,419.6665344238281,True
73290.0,305620.47448742395,3081782.6891746526,419.2687072753906,True
73320.0,305594.31689143716,3081767.999716793,419.3877258300781,True
73350.0,305568.1592954504,3081753.3102589343,419.273681640625,True
73380.0,305541.66161539825,3081739.288742298,419.5924987792969,True
73410.0,305514.39513404545,3081726.7771878527,418.8639831542969,True
73440.0,305487.12865269266,3081714.265633407,419.3523864746094,True
73470.0,305459.86217133986,3081701.754078962,418.57415771484375,True
73500.0,305432.595689987,3081689.242524517,418.9100646972656,True
73530.0,305405.4320479318,3081676.5153508796,418.23114013671875,True
73560.0,305378.5488095035,3081663.200265765,418.58551025390625,True
73590.0,305351.6655710751,3081649.8851806507,418.8064270019531,True
73620.0,305324.7823326467,3081636.5700955363,417.81781005859375,True
73650.0,305299.4782718397,3081620.5667078476,417.7860107421875,True
73680.0,305274.7584098099,3081603.568813236,420.3593444824219,True
73710.0,305250.0385477802,3081586.5709186243,427.0482482910156,True
73740.0,305228.66920140444,3081565.8139559235,420.1112060546875,True
73770.0,305208.9514949652,3081543.203956968,419.44390869140625,True
73800.0,305189.2337885259,3081520.5939580123,424.7633972167969,True
73830.0,305169.5160820867,3081497.9839590564,417.2606201171875,True
73860.0,305149.79837564746,3081475.373960101,416.9320068359375,True
73890.0,305130.0806692082,3081452.763961145,419.14312744140625,True
73920.0,305106.7237161714,3081434.196209528,418.4668884277344,True
73950.0,305079.80843731697,3081422.1221565073,416.246826171875,True
73980.0,305050.46981101227,3081416.6662581167,416.0401306152344,True
74010.0,305020.47893920477,3081416.154247173,416.94903564453125,True
74040.0,304990.7499235888,3081412.1311102742,418.34857177734375,True
74070.0,304962.9197536138,3081401.248059842,419.7104187011719,True
74100.0,304939.45355597156,3081383.281488107,426.4049987792969,True
74130.0,304931.9265369523,3081354.6104900152,426.898193359375,True
74160.0,304932.8414670703,3081324.764231306,426.3610534667969,True
74190.0,304937.99411895755,3081295.2100407653,426.9045715332031,True
74220.0,304943.14677084476,3081265.655850224,428.3886413574219,True
74250.0,304949.43163524143,3081236.322347965,417.073486328125,True
74280.0,304955.7557470932,3081206.9964957307,416.707763671875,True
74310.0,304964.8967247646,3081178.5256842426,417.2002258300781,True
74340.0,304975.94103287417,3081150.632615957,421.8072814941406,True
74370.0,304986.9853409838,3081122.7395476718,415.14654541015625,True
74400.0,304998.0296490934,3081094.846479386,420.1912536621094,True
74430.0,305010.5872805706,3081067.702056454,416.57037353515625,True
74460.0,305026.0573994977,3081041.9984493065,418.168701171875,True
74490.0,305041.5275184248,3081016.2948421594,416.9892578125,True
74520.0,305056.99763735186,3080990.5912350123,416.9892578125,True
74550.0,305072.4326058537,3080964.866548131,415.9142150878906,True
74580.0,305087.8208673062,3080939.113851001,417.2533264160156,True
74610.0,305103.2091287587,3080913.361153871,415.5271301269531,True
74640.0,305118.6413932192,3080887.6350868344,416.7615661621094,True
74670.0,305134.3179796118,3080862.056880504,415.3178405761719,True
74700.0,305149.9945660045,3080836.478674174,416.47198486328125,True
74730.0,305165.2353893527,3080810.6485358127,413.8329772949219,True
74760.0,305179.57968283904,3080784.3000777103,414.5758056640625,True
74790.0,305193.92397632543,3080757.951619608,413.0,True
74820.0,305214.9580746033,3080738.708344796,412.9305419921875,True
74850.0,305242.12185227824,3080725.975348981,412.5756530761719,True
74880.0,305269.28562995314,3080713.242353166,412.5721435546875,True
74910.0,305291.0528549962,3080692.799005541,417.8831481933594,True
74940.0,305309.95725917123,3080670.1431239983,419.65130615234375,True
74970.0,305319.9864949423,3080641.8692061612,418.5618896484375,True
75000.0,305328.8203726951,3080613.286123471,417.9843444824219,True
75030.0,305333.7571981879,3080583.6951154773,414.2543029785156,True
75060.0,305338.69402368064,3080554.104107484,432.34051513671875,True
75090.0,305337.4203857115,3080524.605710321,415.9511413574219,True
75120.0,305331.6034255115,3080495.1750634704,415.68206787109375,True
75150.0,305325.7864653116,3080465.74441662,414.8702392578125,True
75180.0,305321.19690353924,3080436.1104710507,414.5068664550781,True
75210.0,305317.21412153443,3080406.376022216,414.495361328125,True
75240.0,305313.2313395296,3080376.641573381,415.0405578613281,True
75270.0,305307.8780917152,3080347.1760122473,411.5,True
75300.0,305300.3302145082,3080318.1410410977,412.97894287109375,True
75330.0,305292.7067598917,3080289.1295349025,417.3421936035156,True
75360.0,305280.7600772236,3080261.8032768923,424.0882873535156,True
75390.0,305263.95171512826,3080236.95415289,412.6687316894531,True
75420.0,305245.5203607506,3080213.293916938,412.2079162597656,True
75450.0,305226.897173074,3080189.7742043384,416.7703552246094,True
75480.0,305208.27398539736,3080166.254491739,414.1495056152344,True
75510.0,305189.27478834364,3080143.046533948,418.452880859375,True
75540.0,305169.6117406275,3080120.3889843337,411.6737976074219,True
75570.0,305149.9486929114,3080097.7314347196,411.79937744140625,True
75600.0,305130.28564519534,3080075.0738851056,411.6285705566406,True
75630.0,305110.6225974792,3080052.4163354915,411.5540771484375,True
75660.0,305090.9595497631,3080029.7587858774,412.1517639160156,True
75690.0,305071.3682226868,3080007.039257044,411.0691223144531,True
75720.0,305051.80014702264,3079984.2996349097,411.08477783203125,True
75750.0,305032.2320713585,3079961.560012776,411.0982666015625,True
75780.0,305012.6639956943,3079938.8203906417,411.0982666015625,True
75810.0,304993.0959200301,3079916.0807685074,411.0953063964844,True
75840.0,304973.5278443659,3079893.3411463737,411.0,True
75870.0,304953.95976870175,3079870.6015242394,411.0,True
75900.0,304933.19999854465,3079848.974374773,411.0,True
75930.0,304911.8580644298,3079827.890687993,411.0,True
75960.0,304890.51613031497,3079806.8070012126,411.0,True
75990.0,304869.1741962001,3079785.723314433,411.0,True
76020.0,304847.8322620853,3079764.6396276527,411.0,True
76050.0,304828.58101291856,3079741.684058837,411.0,True
76080.0,304809.9752331759,3079718.150572904,410.7306213378906,True
76110.0,304791.3694534333,3079694.6170869707,410.8886413574219,True
76140.0,304776.4705664002,3079668.7918542908,410.8886413574219,True
76170.0,304763.7342638986,3079641.6296268674,411.8768310546875,True
76200.0,304751.2899858481,3079614.349587358,411.104736328125,True
76230.0,304741.6122461118,3079585.9534370275,410.5,True
76260.0,304732.1735039304,3079557.4881993677,410.6606140136719,True
76290.0,304725.20761251356,3079528.308131568,411.23126220703125,True
76320.0,304718.2417210968,3079499.128063769,411.5195007324219,True
76350.0,304715.4677805011,3079469.4202048653,411.13714599609375,True
76380.0,304715.6691229677,3079439.4429780147,410.5,True
76410.0,304717.8007681253,3079409.5188056966,410.5,True
76440.0,304721.02155179664,3079379.7055642535,410.5,True
76470.0,304724.9667632834,3079349.9661071915,410.0523681640625,True
76500.0,304728.66107319633,3079320.20150512,410.0,True
76530.0,304730.69594351476,3079290.2705963003,410.0,True
76560.0,304732.7308138332,3079260.33968748,410.0,True
76590.0,304734.7656841517,3079230.4087786605,410.0,True
76620.0,304732.27128196554,3079200.5262064785,410.0,True
76650.0,304729.59809934604,3079170.645542251,410.0,True
76680.0,304726.9249167266,3079140.7648780234,410.0,True
76710.0,304723.78554559016,3079110.937505396,410.0,True
76740.0,304719.6463638358,3079081.224424532,410.0,True
76770.0,304715.50718208135,3079051.5113436687,410.0,True
76800.0,304711.375686655,3079021.7972541894,410.0,True
76830.0,304707.70871479466,3078992.0222089775,410.0,True
76860.0,304704.0417429343,3078962.2471637656,410.0,True
76890.0,304700.374771074,3078932.4721185537,409.9717102050781,True
76920.0,304696.70779921365,3078902.697073342,409.800537109375,True
76950.0,304693.04082735325,3078872.9220281295,409.5,True
76980.0,304687.45395756635,3078843.474538693,409.5,True
77010.0,304681.0409584788,3078814.1679960326,409.5,True
77040.0,304673.7176726921,3078785.0796628324,409.5,True
77070.0,304666.02190833766,3078756.0914179855,409.5,True
77100.0,304655.018978552,3078728.1820013644,409.5,True
77130.0,304637.9463661111,3078703.64109476,409.543212890625,True
77160.0,304619.1492650214,3078680.2618149994,409.543212890625,True
77190.0,304600.10339009465,3078657.0839821016,409.6100769042969,True
77220.0,304580.9274000025,3078634.0127575137,409.65625,True
77250.0,304561.7514099104,3078610.9415329257,416.38299560546875,True
77280.0,304544.0391086854,3078586.741246081,409.5722961425781,True
77310.0,304526.5925895748,3078562.3359398767,409.6062316894531,True
77340.0,304512.30341782124,3078536.126060897,409.5,True
77370.0,304500.1298709035,3078508.707002645,409.3791809082031,True
77400.0,304488.6389363178,3078481.010263247,409.0,True
77430.0,304478.2152217953,3078452.8793874066,409.0,True
77460.0,304467.79150727286,3078424.7485115663,409.0,True
77490.0,304457.36779275036,3078396.6176357255,411.1554870605469,True
77520.0,304442.85480035667,3078370.544242468,421.47503662109375,True
77550.0,304426.47796746437,3078345.4086234304,420.1406555175781,True
77580.0,304410.101134572,3078320.2730043926,420.1406555175781,True
77610.0,304393.72430167964,3078295.137385355,409.0,True
77640.0,304375.8172275443,3078271.073887777,409.0,True
77670.0,304357.7853261002,3078247.097847021,409.6923828125,True
77700.0,304339.753424656,3078223.121806266,409.2934265136719,True
77730.0,304321.41812885745,3078199.384901963,409.2934265136719,True
77760.0,304302.31780868734,3078176.2509924495,409.0,True
77790.0,304283.2174885172,3078153.1170829353,408.5257263183594,True
77820.0,304264.1171683471,3078129.9831734216,408.5,True
77850.0,304245.9243907877,3078106.1547394646,408.5,True
77880.0,304228.58535781316,3078081.6729516312,408.5,True
77910.0,304211.9737368085,3078056.743201512,408.5,True
77940.0,304197.91534603195,3078030.241095015,408.5,True
77970.0,304189.7256822187,3078001.525796641,408.5,True
78000.0,304182.783310678,3077972.340124173,408.5,True
78030.0,304175.8687304119,3077943.149883668,408.5,True
78060.0,304173.1037714677,3077913.2775720395,408.5,True
78090.0,304170.33881252346,3077883.405260411,408.5,True
78120.0,304170.21269655233,3077853.54335624,408.5,True
78150.0,304173.2131954592,3077823.693783273,408.5,True
78180.0,304176.2136943661,3077793.8442103057,408.5,True
78210.0,304183.58822527406,3077765.256191651,408.5,True
78240.0,304196.944636974,3077738.393461587,408.37396240234375,True
78270.0,304215.5287608049,3077716.148562133,408.0,True
78300.0,304240.5377259371,3077699.5789615638,408.0,True
78330.0,304266.4906438879,3077684.628529533,408.0,True
78360.0,304293.2310859626,3077671.0289428607,408.0,True
78390.0,304319.9715280374,3077657.429356189,408.0,True
78420.0,304344.0822746265,3077639.6979903663,408.0061950683594,True
78450.0,304367.7248370515,3077621.2310132994,408.0,True
78480.0,304387.7750211329,3077599.440749746,408.0,True
78510.0,304401.3072012083,3077572.9830282186,408.0,True
78540.0,304410.32249020116,3077544.36966483,420.25244140625,True
78570.0,304404.0941894821,3077515.3470795527,408.0,True
78600.0,304391.9193293674,3077488.3640800077,408.0,True
78630.0,304374.90319693286,3077463.8067124533,408.1269226074219,True
78660.0,304351.432802553,3077445.121408398,421.8102722167969,True
78690.0,304325.93461151776,3077429.664169424,411.9707336425781,True
78720.0,304298.91323649813,3077416.6316987434,418.0178527832031,True
78750.0,304271.89186147845,3077403.5992280627,407.5,True
78780.0,304244.8704864588,3077390.5667573814,407.5,True
78810.0,304217.45217846823,3077378.4143092404,407.5,True
78840.0,304189.79775762203,3077366.785336471,407.5,True
78870.0,304162.66607516917,3077354.009275514,409.7603454589844,True
78900.0,304135.7462667922,3077340.768281709,407.5,True
78930.0,304108.8264584152,3077327.5272879037,407.5,True
78960.0,304081.90665003826,3077314.2862940985,410.4366760253906,True
78990.0,304054.9868416613,3077301.0453002937,409.77301025390625,True
79020.0,304027.89520873985,3077288.1896374053,411.3126220703125,True
79050.0,303999.29735890677,3077279.1252573975,409.932861328125,True
79080.0,303970.6995090737,3077270.0608773897,408.6997375488281,True
79110.0,303941.95442976104,3077261.511789047,408.3427734375,True
79140.0,303912.4812765031,3077256.874573333,407.5890197753906,True
79170.0,303883.15010898124,3077259.6460249545,407.0,True
79200.0,303855.7885225547,3077271.8501970805,407.0,True
79230.0,303829.0095529905,3077285.3737612953,407.0,True
79260.0,303801.29954921664,3077275.9436240112,407.0,True
79290.0,303782.062548609,3077252.9232459166,407.0,True
79320.0,303764.9231255425,3077228.3155147177,407.0,True
79350.0,303747.99582170154,3077203.5472611524,407.0,True
79380.0,303726.4480781256,3077182.820557194,407.0,True
79410.0,303702.41004411364,3077165.0544091947,409.3633728027344,True
79440.0,303676.71663283656,3077149.6527815307,407.0,True
79470.0,303649.09189721016,3077137.953466099,417.3894958496094,True
79500.0,303621.4671615838,3077126.254150667,410.7070617675781,True
79530.0,303593.8424259574,3077114.5548352357,409.8987121582031,True
79560.0,303566.217690331,3077102.8555198037,406.8472900390625,True
79590.0,303538.5929547046,3077091.156204372,406.5594177246094,True
79620.0,303510.9682190782,3077079.45688894,410.90972900390625,True
79650.0,303483.3434834518,3077067.7575735087,407.17095947265625,True
79680.0,303456.0954783719,3077055.2228249284,409.9666748046875,True
79710.0,303429.0386913713,3077042.264033426,408.37725830078125,True
79740.0,303401.9819043706,3077029.305241924,406.52069091796875,True
79770.0,303374.9251173699,3077016.3464504215,406.5,True
79800.0,303347.86833036924,3077003.387658919,406.5,True
79830.0,303320.81154336856,3076990.428867417,406.5,True
79860.0,303294.5922713294,3076975.9017117275,406.5,True
79890.0,303268.7734556661,3076960.624645329,406.5,True
79920.0,303242.9546400027,3076945.3475789307,406.5,True
79950.0,303217.13582433935,3076930.0705125323,406.5,True
79980.0,303191.317008676,3076914.793446134,406.27484130859375,True
80010.0,303165.0114681467,3076900.4966685995,406.0,True
80040.0,303137.2347466407,3076889.1629250706,406.0,True
80070.0,303108.5981632836,3076889.2109880615,406.0,True
80100.0,303079.4317886675,3076896.233991871,406.0,True
80130.0,303050.26518066676,3076903.256027027,406.0,True
80160.0,303021.09857266594,3076910.278062183,413.0151062011719,True
80190.0,302991.9319646651,3076917.3000973384,406.75372314453125,True
80220.0,302962.7653566644,3076924.3221324943,,False
80250.0,302933.59874866356,3076931.3441676497,406.0664367675781,True
80280.0,302905.95379816066,3076942.988366751,409.4870910644531,True
80310.0,302878.31972931564,3076954.665619813,407.0973205566406,True
80340.0,302850.6856604707,3076966.342872875,407.0973205566406,True
80370.0,302823.0515916257,3076978.0201259367,409.124267578125,True
80400.0,302795.4175227808,3076989.6973789986,405.6717834472656,True
80430.0,302767.7834539358,3077001.3746320605,404.00384521484375,True
80460.0,302740.1493850908,3077013.0518851224,403.1789245605469,True
80490.0,302711.36472771043,3077020.4819366923,402.4474182128906,True
80520.0,302681.61516431073,3077024.3502021343,404.1025390625,True
80550.0,302651.8656009111,3077028.2184675764,401.69171142578125,True
80580.0,302622.11603751144,3077032.0867330185,401.1301574707031,True
80610.0,302592.36647411174,3077035.95499846,401.0559997558594,True
80640.0,302562.600064876,3077039.683864992,400.66351318359375,True
80670.0,302532.7854352782,3077043.013709124,400.66485595703125,True
80700.0,302502.9708056803,3077046.3435532562,400.9186706542969,True
80730.0,302473.1561760825,3077049.673397388,401.0482177734375,True
80760.0,302443.3415464847,3077053.00324152,400.88702392578125,True
80790.0,302413.5269168868,3077056.333085652,401.6370849609375,True
80820.0,302383.6356173607,3077057.117006345,399.849853515625,True
80850.0,302353.67464320466,3077055.5872914633,400.397216796875,True
80880.0,302323.7136690486,3077054.0575765814,399.9999084472656,True
80910.0,302293.7526948925,3077052.5278616995,399.7961120605469,True
80940.0,302263.7917207365,3077050.9981468176,399.5792236328125,True
80970.0,302234.1072904176,3077047.14525264,399.2599182128906,True
81000.0,302204.6244363357,3077041.5989642246,398.8533020019531,True
81030.0,302175.14158225385,3077036.0526758092,398.56005859375,True
81060.0,302145.65872817195,3077030.506387394,398.5,True
81090.0,302116.1758740901,3077024.9600989786,398.52520751953125,True
81120.0,302086.54594716616,3077022.1170188114,398.0484924316406,True
81150.0,302058.46186633006,3077028.257335733,398.0,True
81180.0,302040.19630195975,3077051.716460854,398.0,True
81210.0,302026.4997577388,3077078.4073708495,397.6904296875,True
81240.0,302012.8032135178,3077105.098280845,397.5,True
81270.0,301999.10666929686,3077131.7891908414,397.45684814453125,True
81300.0,301985.4101250759,3077158.480100837,397.23486328125,True
81330.0,301971.71358085494,3077185.171010833,397.0,True
81360.0,301953.24728765304,3077208.3454463603,400.1317138671875,True
81390.0,301931.8007173804,3077229.322686969,397.0,True
81420.0,301910.35414710786,3077250.2999275774,397.3115234375,True
81450.0,301884.42768176977,3077263.581804613,396.6952819824219,True
81480.0,301855.59646681126,3077271.8740325416,396.93133544921875,True
81510.0,301826.7181873413,3077279.939018046,396.5,True
81540.0,301796.9651233935,3077283.780265984,396.5,True
81570.0,301767.210147935,3077287.5492659337,396.5,True
81600.0,301737.29559104407,3077285.2866820088,396.5,True
81630.0,301707.3810341531,3077283.024098084,396.82000732421875,True
81660.0,301677.65346292505,3077279.7872543666,396.2080993652344,True
81690.0,301649.0268065235,3077270.814264716,396.2080993652344,True
81720.0,301620.40015012195,3077261.8412750657,396.0,True
81750.0,301593.16279319435,3077249.7001586766,396.0636291503906,True
81780.0,301567.16991042905,3077234.721171877,396.0,True
81810.0,301541.1770276637,3077219.742185077,396.0,True
81840.0,301516.2028492134,3077203.132669704,395.5291442871094,True
81870.0,301491.34288002737,3077186.3403520538,395.7442932128906,True
81900.0,301466.48291084135,3077169.5480344035,395.5,True
81930.0,301443.14263936586,3077150.8239138303,395.5,True
81960.0,301420.96931569214,3077130.616397475,395.5,True
81990.0,301398.7959920185,3077110.408881119,395.5,True
82020.0,301376.62266834476,3077090.2013647635,395.5,True
82050.0,301354.44934467104,3077069.993848408,395.2684020996094,True
82080.0,301332.0245261117,3077050.105466097,400.7492980957031,True
82110.0,301307.1932200988,3077033.270792305,395.0,True
82140.0,301282.36191408586,3077016.4361185124,395.0,True
82170.0,301257.53060807294,3076999.6014447203,395.0,True
82200.0,301232.69930206,3076982.766770928,395.94873046875,True
82230.0,301207.8679960471,3076965.9320971356,402.0576477050781,True
82260.0,301179.1142444404,3076957.5331332954,395.22100830078125,True
82290.0,301150.2390681228,3076949.3953084857,394.5,True
82320.0,301121.2516567075,3076942.0327580343,394.5,True
82350.0,301091.25412815716,3076941.6476854766,394.5,True
82380.0,301061.2565996069,3076941.262612919,394.5,True
82410.0,301031.2590710566,3076940.877540361,394.5,True
82440.0,301001.3955109829,3076938.669464606,394.39678955078125,True
82470.0,300971.6639504464,3076934.665178394,394.0,True
82500.0,300941.9323899099,3076930.6608921825,394.0,True
82530.0,300913.1118964432,3076922.577118599,394.0,True
82560.0,300884.5016336262,3076913.551994691,396.2481994628906,True
82590.0,300855.89137080923,3076904.526870784,394.0,True
82620.0,300827.49252448237,3076894.866515989,394.0,True
82650.0,300799.1800307638,3076884.946702511,393.6427917480469,True
82680.0,300770.8675370452,3076875.026889033,393.5,True
82710.0,300742.55504332663,3076865.1070755553,393.5,True
82740.0,300714.1591788687,3076855.807393062,393.5,True
82770.0,300684.2320726247,3076857.897443746,393.8692626953125,True
82800.0,300654.30496638076,3076859.9874944305,393.7755432128906,True
82830.0,300624.3778601368,3076862.077545115,393.39093017578125,True
82860.0,300594.451201859,3076864.173998396,393.221923828125,True
82890.0,300564.5246302126,3076866.2716898625,393.0,True
82920.0,300534.5980585661,3076868.3693813295,393.0,True
82950.0,300504.7677307098,3076871.104597747,393.0,True
82980.0,300475.5555961799,3076877.934765842,393.0,True
83010.0,300446.34346165,3076884.764933937,392.7171936035156,True
83040.0,300417.1313271201,3076891.595102032,392.5,True
83070.0,300387.9191925902,3076898.425270127,392.5,True
83100.0,300358.70705806033,3076905.2554382225,392.5,True
83130.0,300329.5051325238,3076912.1140620443,392.5,True
83160.0,300302.61346765613,3076925.412120573,392.5,True
83190.0,300275.72180278844,3076938.7101791026,392.5,True
83220.0,300248.8301379208,3076952.0082376315,392.5,True
83250.0,300221.93847305316,3076965.306296161,392.05987548828125,True
83280.0,300200.0750250743,3076985.4854847654,394.3499755859375,True
83310.0,300189.29841672245,3077012.707902074,393.7964782714844,True
83340.0,300189.66919443314,3077041.6776823523,393.361328125,True
83370.0,300197.70139923005,3077070.582417018,395.3492126464844,True
83400.0,300205.7336040269,3077099.487151684,397.3416748046875,True
83430.0,300212.764806401,3077128.6274163816,391.5,True
83460.0,300218.4639960955,3077158.081095894,391.5,True
83490.0,300224.16318579006,3077187.5347754066,391.8716125488281,True
83520.0,300229.8623754846,3077216.988454919,392.1820373535156,True
83550.0,300228.0248467052,3077246.7952244887,391.5,True
83580.0,300210.73549544305,3077270.4509612233,396.822021484375,True
83610.0,300187.2630262551,3077287.8780187294,393.96038818359375,True
83640.0,300159.63123944774,3077299.5606707325,395.2611999511719,True
83670.0,300131.99945264036,3077311.243322736,392.86553955078125,True
83700.0,300104.367665833,3077322.9259747392,391.4128112792969,True
83730.0,300076.7358790256,3077334.608626743,391.2964172363281,True
83760.0,300052.7573592619,3077351.2396460935,391.0,True
83790.0,300033.4563664418,3077374.2063976303,391.0,True
83820.0,300014.1553736217,3077397.173149167,390.63568115234375,True
83850.0,299994.85438080155,3077420.139900704,390.5,True
83880.0,299974.9804670021,3077442.601586101,390.5,True
83910.0,299958.1053111972,3077466.141247884,390.5,True
83940.0,299955.9764207645,3077496.065616307,390.5,True
83970.0,299953.8475303318,3077525.9899847303,390.5,True
84000.0,299954.4557518444,3077555.889261852,390.5,True
84030.0,299957.1328760545,3077585.7695731954,390.21771240234375,True
84060.0,299959.81000026467,3077615.6498845387,390.0,True
84090.0,299962.4871244748,3077645.5301958816,390.0,True
84120.0,299965.16424868495,3077675.410507225,390.0,True
84150.0,299967.84137289505,3077705.290818568,390.0,True
84180.0,299970.74854626757,3077735.149623477,390.0,True
84210.0,299973.6562040013,3077765.0083831046,390.0,True
84240.0,299973.90878974966,3077794.925128432,389.89361572265625,True
84270.0,299972.3074891505,3077824.882361889,389.5,True
84300.0,299970.7061885513,3077854.839595346,389.5,True
84330.0,299964.29126179765,3077883.8293990125,389.63946533203125,True
84360.0,299954.1942691619,3077912.079190865,389.5020751953125,True
84390.0,299944.0972765262,3077940.328982718,389.5,True
84420.0,299929.4621724027,3077966.406043348,389.5339660644531,True
84450.0,299913.7872220133,3077991.9852522938,389.0932922363281,True
84480.0,299896.5056947594,3078016.3762084935,389.16815185546875,True
84510.0,299876.6370609349,3078038.853694784,389.1097412109375,True
84540.0,299848.8404246961,3078047.05854269,389.0,True
84570.0,299822.8780073008,3078035.379171109,389.1020812988281,True
84600.0,299798.029399154,3078018.570046409,389.0,True
84630.0,299777.37298828934,3077996.9531972227,388.9100646972656,True
84660.0,299757.3372893674,3077974.6244989014,388.6110534667969,True
84690.0,299737.3015904455,3077952.2958005806,389.28582763671875,True
84720.0,299716.9357505538,3077930.2999372436,388.5,True
84750.0,299694.4449614751,3077910.4463630915,388.5,True
84780.0,299671.9541723964,3077890.5927889394,388.8902282714844,True
84810.0,299643.76289181114,3077882.294695858,388.55511474609375,True
84840.0,299614.3082873272,3077877.0787567617,388.5,True
84870.0,299584.6157842412,3077881.363060729,388.9826354980469,True
84900.0,299564.67929476267,3077900.1222916394,388.2914123535156,True
84930.0,299549.5656125153,3077926.0370868137,388.2914123535156,True
84960.0,299543.65331552626,3077955.3943742295,390.48291015625,True
84990.0,299538.0455588637,3077984.8655985883,390.8624267578125,True
85020.0,299532.43780220125,3078014.336822947,391.16448974609375,True
85050.0,299526.8300455387,3078043.8080473063,389.41876220703125,True
85080.0,299521.2222888762,3078073.279271665,387.6792907714844,True
85110.0,299515.61453221366,3078102.750496024,387.5,True
85140.0,299509.50424875127,3078132.1120927106,387.5,True
85170.0,299502.3281772312,3078161.2411846556,387.5,True
85200.0,299495.15210571117,3078190.3702766006,387.9449768066406,True
85230.0,299487.97603419115,3078219.4993685456,387.0,True
85260.0,299480.7999626711,3078248.6284604906,387.2789001464844,True
85290.0,299473.62389115104,3078277.7575524356,390.1950378417969,True
85320.0,299461.62932564865,3078305.055021621,393.03912353515625,True
85350.0,299447.6439898069,3078331.5957522322,388.4901123046875,True
85380.0,299433.6586539651,3078358.1364828437,390.1992492675781,True
85410.0,299419.6733181234,3078384.677213455,387.63397216796875,True
85440.0,299405.6879822816,3078411.2179440665,389.1716003417969,True
85470.0,299391.70264643984,3078437.7586746784,387.4512023925781,True
85500.0,299370.25663846894,3078458.7173135383,387.4512023925781,True
85530.0,299348.74152462714,3078479.6242472297,386.73394775390625,True
85560.0,299327.2264107853,3078500.531180921,386.48822021484375,True
85590.0,299305.7112969435,3078521.4381146124,386.2141418457031,True
85620.0,299284.1961831016,3078542.3450483037,386.0,True
85650.0,299259.55168497557,3078559.1444939477,386.0,True
85680.0,299233.68341954844,3078574.3376780706,386.0,True
85710.0,299207.8151541213,3078589.5308621936,386.0,True
85740.0,299181.57760661625,3078604.051180753,386.0,True
85770.0,299154.8690205627,3078617.713224195,385.6893005371094,True
85800.0,299128.1604345091,3078631.3752676374,385.5,True
85830.0,299101.4518484556,3078645.0373110794,385.5,True
85860.0,299074.743262402,3078658.699354522,385.5,True
85890.0,299046.5955783944,3078669.067595437,385.5,True
85920.0,299018.42478604754,3078679.3829460638,385.5,True
85950.0,298990.25399370067,3078689.6982966904,385.5,True
85980.0,298962.08320135373,3078700.013647317,385.03106689453125,True
86010.0,298933.91240900685,3078710.3289979436,385.0,True
86040.0,298904.63368187984,3078709.419062584,385.0,True
86070.0,298874.9898522217,3078704.810010274,385.0,True
86100.0,298845.3460225635,3078700.2009579637,385.0,True
86130.0,298815.7021929054,3078695.5919056535,384.99334716796875,True
86160.0,298786.05836324726,3078690.9828533432,384.8121337890625,True
86190.0,298756.7652345904,3078684.8152518324,384.5,True
86220.0,298728.00436942,3078676.2822198593,384.5,True
86250.0,298699.2435042496,3078667.7491878862,384.5,True
86280.0,298670.4826390792,3078659.2161559137,384.5,True
86310.0,298642.76158369373,3078647.8972056424,384.5,True
86340.0,298615.44321551546,3078635.4993525995,384.48065185546875,True
86370.0,298588.81342546584,3078621.9195307842,384.48065185546875,True
86400.0,298564.5544887211,3078604.270055211,384.0,True
86430.0,298540.29555197636,3078586.6205796376,384.0,True
86460.0,298516.0366152316,3078568.971104064,384.0,True
86490.0,298491.77767848683,3078551.321628491,384.05078125,True
86520.0,298465.9231362033,3078536.2473392836,383.694091796875,True
86550.0,298439.3195280015,3078522.3819856765,383.503662109375,True
86580.0,298412.7159197997,3078508.51663207,383.71343994140625,True
86610.0,298386.11231159786,3078494.6512784627,383.5,True
86640.0,298359.3996552092,3078481.057141516,383.5,True
86670.0,298330.6024752312,3078472.6474789,383.5,True
86700.0,298301.8052952533,3078464.237816284,383.487060546875,True
86730.0,298273.60067325673,3078465.485465774,383.2928771972656,True
86760.0,298246.0476522748,3078477.3526910082,383.0,True
86790.0,298223.7792694685,3078497.1610269235,383.02618408203125,True
86820.0,298202.1932683188,3078517.994762891,383.02618408203125,True
86850.0,298183.41871725285,3078541.371886251,383.0,True
86880.0,298164.8449229736,3078564.930624886,383.0,True
86910.0,298144.5105696402,3078585.910841481,383.0,True
86940.0,298115.8063454892,3078594.63251081,382.5289611816406,True
86970.0,298086.69977745746,3078597.206907085,382.5,True
87000.0,298057.10362052335,3078592.301043784,382.5,True
87030.0,298029.18314361584,3078582.402543937,382.5,True
87060.0,298002.6200804056,3078568.4596721777,382.5,True
87090.0,297976.0570171954,3078554.5168004185,382.3459777832031,True
87120.0,297947.17590343324,3078546.691437775,382.0,True
87150.0,297918.04320195084,3078539.530033978,382.0,True
87180.0,297888.37445027806,3078535.4184776857,382.0,True
87210.0,297858.54580018274,3078532.216660469,382.0,True
87240.0,297830.00880704244,3078523.4668677235,382.575927734375,True
87270.0,297801.8333024852,3078513.164395062,382.16485595703125,True
87300.0,297777.95872487646,3078495.5634896415,381.923828125,True
87330.0,297755.29550537135,3078475.906977192,381.923828125,True
87360.0,297733.5192473601,3078455.4951363695,381.7572021484375,True
87390.0,297717.7235064928,3078429.990341321,381.5654602050781,True
87420.0,297701.92776562547,3078404.485546273,381.9169616699219,True
87450.0,297686.4660504153,3078378.8141470654,381.5,True
87480.0,297675.5943993975,3078350.8533315524,381.51275634765625,True
87510.0,297664.7227483797,3078322.89251604,381.67816162109375,True
87540.0,297655.9980594375,3078294.2685030825,381.0006103515625,True
87570.0,297649.2062043412,3078265.047436977,381.38629150390625,True
87600.0,297642.4143492449,3078235.826370871,381.7989501953125,True
87630.0,297636.3911162373,3078206.442287729,382.07232666015625,True
87660.0,297630.7368117441,3078176.979958549,381.8215026855469,True
87690.0,297625.08250725083,3078147.5176293696,381.346923828125,True
87720.0,297613.3535246185,3078120.223409555,380.36431884765625,True
87750.0,297599.07558386103,3078093.838936702,384.5884094238281,True
87780.0,297577.08016398834,3078074.7954429598,393.71673583984375,True
87810.0,297551.44218196755,3078059.216807657,388.1190490722656,True
87840.0,297525.8041999468,3078043.638172354,401.89739990234375,True
87870.0,297500.1662179261,3078028.059537051,394.4680480957031,True
87900.0,297477.1725842265,3078008.9847625177,394.1131896972656,True
87930.0,297455.2036015613,3077988.5552789057,394.1131896972656,True
87960.0,297433.23461889615,3077968.1257952936,390.6817321777344,True
87990.0,297418.8764886468,3077942.2386527536,401.743408203125,True
88020.0,297406.5748457299,3077914.8768256665,392.849853515625,True
88050.0,297397.276329087,3077886.49575837,395.0086975097656,True
88080.0,297390.3822581725,3077857.298638885,397.1628112792969,True
88110.0,297384.6017958628,3077827.8834087565,384.5661315917969,True
88140.0,297379.97195208643,3077798.242819245,388.12249755859375,True
88170.0,297375.34210831014,3077768.602229733,394.760009765625,True
88200.0,297365.39108628855,3077740.5608706605,400.70849609375,True
88230.0,297351.37767485663,3077714.139958895,387.1612548828125,True
88260.0,297334.6099007964,3077689.2634287295,387.1612548828125,True
88290.0,297317.8421267361,3077664.386898564,378.0679626464844,True
88320.0,297300.1584478615,3077640.1721765343,378.00079345703125,True
88350.0,297281.80427757674,3077616.4419335276,378.00701904296875,True
88380.0,297263.4501072919,3077592.711690521,377.5642395019531,True
88410.0,297245.09593700717,3077568.981447514,377.5642395019531,True
88440.0,297226.7417667224,3077545.2512045074,377.5389404296875,True
88470.0,297208.3875964376,3077521.5209615007,377.58697509765625,True
88500.0,297191.05793137016,3077497.0373330223,377.5,True
88530.0,297173.8769152876,3077472.4443932557,377.55694580078125,True
88560.0,297156.69589920505,3077447.851453489,377.55694580078125,True
88590.0,297139.51488312247,3077423.258513722,377.8837585449219,True
88620.0,297122.33386703994,3077398.6655739555,377.55474853515625,True
88650.0,297105.1528509574,3077374.072634189,377.3330993652344,True
88680.0,297087.9718348748,3077349.479694422,377.15899658203125,True
88710.0,297070.7908187923,3077324.8867546553,377.0,True
88740.0,297051.0613094774,3077302.4346053614,377.0,True
88770.0,297029.8025263159,3077281.267079798,377.0,True
88800.0,297006.6540896222,3077262.7862502965,377.0,True
88830.0,296979.54584793776,3077249.9354435992,377.0,True
88860.0,296951.0234355341,3077242.161037729,377.0,True
88890.0,296921.1754169488,3077239.14511556,376.672119140625,True
88920.0,296892.16101291927,3077246.7262029643,376.5,True
88950.0,296863.97165071557,3077256.64074312,376.5,True
88980.0,296836.7773659959,3077269.3084531967,376.5,True
89010.0,296809.58308127633,3077281.9761632737,376.5,True
89040.0,296782.38879655674,3077294.64387335,376.5,True
89070.0,296755.15444306,3077307.1568611176,376.5,True
89100.0,296725.2297635983,3077309.281374972,376.4249267578125,True
89130.0,296695.431959807,3077310.4980919226,376.0,True
89160.0,296667.23642296006,3077300.250570178,376.7748718261719,True
89190.0,296639.3606118918,3077289.353474134,376.0,True
89220.0,296614.04204854235,3077273.2609184044,376.7692565917969,True
89250.0,296588.72348519287,3077257.1683626743,376.0,True
89280.0,296563.4049218434,3077241.0758069446,376.0,True
89310.0,296538.3847210107,3077224.544016587,376.0,True
89340.0,296514.09411900945,3077206.9381467015,375.8124084472656,True
89370.0,296489.8035170082,3077189.3322768165,375.7314453125,True
89400.0,296465.51291500696,3077171.726406931,375.5,True
89430.0,296443.3210100468,3077151.611286834,378.02056884765625,True
89460.0,296421.69811931456,3077130.8158403044,375.5,True
89490.0,296400.0752285823,3077110.0203937744,375.5,True
89520.0,296378.45233785006,3077089.2249472444,375.5,True
89550.0,296356.82944711775,3077068.4295007144,375.5,True
89580.0,296335.0846529648,3077047.764290508,375.0,True
89610.0,296312.9069236186,3077027.561609472,375.0,True
89640.0,296290.7291942723,3077007.358928436,375.0,True
89670.0,296268.5514649261,3076987.1562473997,375.0,True
89700.0,296246.37373557984,3076966.953566364,375.05206298828125,True
89730.0,296224.19600623363,3076946.750885328,374.9952697753906,True
89760.0,296202.01827688736,3076926.5482042916,374.5,True
89790.0,296176.85764840856,3076910.401638068,374.5,True
89820.0,296150.9637993133,3076895.2520975126,374.5,True
89850.0,296125.0699502181,3076880.1025569574,374.4656677246094,True
89880.0,296099.17610112287,3076864.953016402,376.4946594238281,True
89910.0,296073.2822520276,3076849.803475847,374.0,True
89940.0,296047.3884029324,3076834.653935292,374.0,True
89970.0,296021.4945538371,3076819.5043947366,374.0,True
90000.0,295995.6007047419,3076804.3548541814,373.9597473144531,True
90030.0,295969.7068556466,3076789.205313626,373.6905212402344,True
90060.0,295944.1556918933,3076773.4863716564,373.5,True
90090.0,295918.6455697286,3076757.699235528,373.5,True
90120.0,295893.1354475638,3076741.9120993996,373.5,True
90150.0,295867.62532539904,3076726.124963271,373.47344970703125,True
90180.0,295842.11520323425,3076710.337827143,373.1185302734375,True
90210.0,295816.60508106946,3076694.550691014,373.0,True
90240.0,295791.0949589047,3076678.7635548855,373.0,True
90270.0,295765.58483673993,3076662.9764187573,373.0,True
90300.0,295740.03082842735,3076647.260457972,373.0,True
90330.0,295714.4690636673,3076631.5570767326,372.5269775390625,True
90360.0,295688.90729890723,3076615.853695493,372.5,True
90390.0,295663.34553414717,3076600.1503142538,372.5,True
90420.0,295637.7837693871,3076584.4469330143,372.5016784667969,True
90450.0,295612.11509084544,3076568.9212541045,372.0220947265625,True
90480.0,295586.26684253017,3076553.6940396833,372.0294189453125,True
90510.0,295560.41859421483,3076538.4668252617,372.0,True
90540.0,295533.0600506666,3076526.385360082,372.0,True
90570.0,295505.01334518683,3076515.737247023,372.0,True
90600.0,295476.96663970704,3076505.089133963,371.80120849609375,True
90630.0,295448.3575827138,3076496.6918753665,371.5,True
90660.0,295418.5984625879,3076492.897831438,371.53863525390625,True
90690.0,295388.7813814105,3076492.324821268,371.5081481933594,True
90720.0,295358.90502725577,3076495.045751701,371.1375732421875,True
90750.0,295330.66524506983,3076504.662313525,371.0,True
90780.0,295302.75247819215,3076515.6567414426,371.0307312011719,True
90810.0,295274.8397113144,3076526.65116936,371.0,True
90840.0,295248.14316480455,3076540.170199401,371.0692138671875,True
90870.0,295222.14824751276,3076555.145655154,370.5162048339844,True
90900.0,295196.1533302209,3076570.121110906,370.7144775390625,True
90930.0,295170.15841292904,3076585.0965666585,370.5,True
90960.0,295146.22995168413,3076603.1527169296,370.5,True
90990.0,295122.5123539599,3076621.523224767,370.3397216796875,True
91020.0,295098.7947562357,3076639.893732604,370.0,True
91050.0,295077.64617265033,3076661.03792811,370.0,True
91080.0,295057.51497450203,3076683.2805642197,370.0,True
91110.0,295037.38377635373,3076705.52320033,369.6155090332031,True
91140.0,295017.2525782054,3076727.7658364396,369.5,True
91170.0,294995.83993468876,3076748.702110616,369.5,True
91200.0,294973.213793886,3076768.4012921313,369.3280334472656,True
91230.0,294950.58765308326,3076788.1004736465,370.7459411621094,True
91260.0,294927.9615122805,3076807.799655162,369.0463562011719,True
91290.0,294902.42987359787,3076823.322533909,370.7980651855469,True
91320.0,294876.0927437055,3076837.6876161937,368.5431823730469,True
91350.0,294849.7556138132,3076852.052698478,368.5,True
91380.0,294823.41848392086,3076866.417780762,368.5,True
91410.0,294794.1914958431,3076873.0461929706,368.5,True
91440.0,294764.86454058415,3076879.365187767,368.53436279296875,True
91470.0,294735.53758532513,3076885.6841825633,368.3349914550781,True
91500.0,294706.8098007051,3076893.6607212266,368.0085144042969,True
91530.0,294680.2208951472,3076907.5542485407,368.0,True
91560.0,294653.63198958925,3076921.447775855,368.0,True
91590.0,294627.0430840313,3076935.3413031693,369.7010498046875,True
91620.0,294603.2826177853,3076953.2189152306,368.0,True
91650.0,294581.39781337534,3076973.7385481694,368.0,True
91680.0,294561.7310120311,3076995.750085459,372.5815734863281,True
91710.0,294550.9759205811,3077023.7559421305,368.0,True
91740.0,294540.220829131,3077051.761798802,368.6349182128906,True
91770.0,294534.87625782646,3077080.9469886185,368.0,True
91800.0,294533.0005839148,3077110.8882953264,368.0,True
91830.0,294531.4084154871,3077140.84394246,367.7982482910156,True
91860.0,294530.25323163904,3077170.821693381,367.5,True
91890.0,294529.098047791,3077200.799444302,367.54217529296875,True
91920.0,294527.94286394294,3077230.7771952227,367.5,True
91950.0,294518.14897625224,3077258.9799523,367.5,True
91980.0,294507.39053673914,3077286.984522985,367.5754699707031,True
92010.0,294492.4395261813,3077312.423500442,368.6746520996094,True
92040.0,294472.3995038867,3077334.7483186144,367.6103820800781,True
92070.0,294448.17765908653,3077351.2854715874,367.5044250488281,True
92100.0,294420.68933935935,3077363.3018054115,375.9307556152344,True
92130.0,294391.1785420811,3077368.5380719197,367.5,True
92160.0,294361.57896716916,3077370.9267775263,367.5,True
92190.0,294331.9255524503,3077366.3798010023,367.2205505371094,True
92220.0,294302.7277189279,3077359.8612740645,368.9915466308594,True
92250.0,294274.08568940684,3077350.937477512,367.0,True
92280.0,294245.4420086313,3077342.019072718,367.0,True
92310.0,294216.714847259,3077333.3732529483,367.0,True
92340.0,294187.9876858867,3077324.7274331786,367.0,True
92370.0,294159.2605245143,3077316.081613409,367.0,True
92400.0,294130.533363142,3077307.435793639,367.0,True
92430.0,294101.8062017697,3077298.78997387,367.0,True
92460.0,294073.07904039737,3077290.1441541,367.0,True
92490.0,294044.35187902505,3077281.4983343305,367.0,True
92520.0,294015.62471765274,3077272.852514561,366.88739013671875,True
92550.0,293986.857730418,3077264.397867807,366.5,True
92580.0,293957.06787656824,3077260.8532087817,366.5,True
92610.0,293927.27802271844,3077257.3085497557,366.5,True
92640.0,293897.48816886864,3077253.76389073,366.5,True
92670.0,293867.8657404767,3077252.0055508735,366.5,True
92700.0,293839.2533870869,3077261.0240448443,366.5,True
92730.0,293822.02597482176,3077283.442747546,368.9029846191406,True
92760.0,293820.1966313978,3077312.4265776896,370.0311279296875,True
92790.0,293823.11561278417,3077342.2788889348,368.4811096191406,True
92820.0,293830.1894256555,3077371.4329824974,366.61480712890625,True
92850.0,293837.2632385268,3077400.58707606,366.0,True
92880.0,293844.3370513981,3077429.7411696226,366.0,True
92910.0,293851.4108642694,3077458.8952631853,366.0,True
92940.0,293856.2843433545,3077488.2773981895,366.0,True
92970.0,293855.33968796686,3077518.2625216045,366.0,True
93000.0,293854.39503257914,3077548.247645019,366.0,True
93030.0,293848.6836327835,3077576.9882602664,366.0,True
93060.0,293834.84974860074,3077603.6082461495,366.0,True
93090.0,293820.42845454765,3077629.728557765,369.0892333984375,True
93120.0,293796.37155124225,3077647.6524357875,366.2464904785156,True
93150.0,293772.3146479368,3077665.5763138095,366.96875,True
93180.0,293745.0471127498,3077677.006442095,365.9605712890625,True
93210.0,293716.1990267248,3077685.2397848363,365.5,True
93240.0,293687.01535579964,3077689.903472688,365.5,True
93270.0,293657.13824046234,3077687.190913173,365.5,True
93300.0,293628.79096694186,3077678.3149848585,365.5,True
93330.0,293601.1132528421,3077666.7415608964,365.5,True
93360.0,293573.43553874234,3077655.168136934,365.5421447753906,True
93390.0,293545.77025451075,3077643.5658455775,365.53668212890625,True
93420.0,293518.3425841118,3077631.4117147373,365.5,True
93450.0,293490.91491371277,3077619.257583897,365.5,True
93480.0,293463.48724331375,3077607.103453057,365.513427734375,True
93510.0,293436.05957291473,3077594.9493222167,365.00494384765625,True
93540.0,293408.6319025157,3077582.7951913765,365.0,True
93570.0,293382.1540750334,3077568.712930781,365.0,True
93600.0,293355.8026061648,3077554.3741690326,365.0,True
93630.0,293329.4511372963,3077540.0354072847,365.0,True
93660.0,293303.0996684278,3077525.6966455365,365.0134582519531,True
93690.0,293275.17192458885,3077515.0300051323,365.2477111816406,True
93720.0,293246.625884914,3077505.8037589355,365.0458679199219,True
93750.0,293218.0798452392,3077496.577512739,364.9661560058594,True
93780.0,293189.53380556434,3077487.3512665424,364.9661560058594,True
93810.0,293160.9877658895,3077478.1250203457,364.5572814941406,True
93840.0,293131.6635707133,3077472.7454178142,364.5,True
93870.0,293101.9294637117,3077472.9237622293,364.5,True
93900.0,293073.1116394174,3077480.5007397425,364.5,True
93930.0,293046.5349466373,3077494.4176144227,364.67376708984375,True
93960.0,293019.9582538571,3077508.334489103,364.5,True
93990.0,292993.38156107697,3077522.2513637836,364.5,True
94020.0,292966.79560188984,3077536.150060145,366.28204345703125,True
94050.0,292939.9199869453,3077549.4805260543,364.5,True
94080.0,292913.0443720007,3077562.8109919634,364.1573181152344,True
94110.0,292886.1687570561,3077576.1414578725,364.0,True
94140.0,292859.29314211156,3077589.4719237816,364.0,True
94170.0,292832.41752716695,3077602.80238969,364.0,True
94200.0,292805.90352668567,3077616.8347701067,364.0,True
94230.0,292779.4475738934,3077630.9798244312,364.0,True
94260.0,292752.9916211011,3077645.1248787562,364.0,True
94290.0,292726.53566830885,3077659.2699330808,364.0,True
94320.0,292698.42204838234,3077669.3642651723,364.0,True
94350.0,292669.6396200688,3077677.8242781963,364.0,True
94380.0,292640.85719175515,3077686.284291221,364.0,True
94410.0,292612.0747634415,3077694.7443042453,365.0566711425781,True
94440.0,292583.1599662253,3077702.6980126034,363.5,True
94470.0,292553.9198725526,3077709.4074777095,363.5,True
94500.0,292524.6797788799,3077716.1169428155,363.5,True
94530.0,292495.4396852072,3077722.826407922,363.5,True
94560.0,292466.1995915345,3077729.535873028,363.5,True
94590.0,292436.80075808935,3077735.4916727673,363.5,True
94620.0,292407.338493597,3077741.1463143104,363.5,True
94650.0,292377.8762291046,3077746.8009558534,363.5,True
94680.0,292348.4139646122,3077752.4555973965,363.37384033203125,True
94710.0,292320.5653708796,3077763.3390086624,363.37384033203125,True
94740.0,292293.04050249787,3077775.2713856497,363.0,True
94770.0,292266.3019694699,3077788.5788429403,363.0,True
94800.0,292242.05874123704,3077806.249889453,363.7405090332031,True
94830.0,292217.8155130042,3077823.9209359656,363.3958740234375,True
94860.0,292190.87042649917,3077836.854319673,363.33441162109375,True
94890.0,292163.3176794349,3077848.7221808624,363.0,True
94920.0,292135.57814924564,3077859.9591568373,363.3833923339844,True
94950.0,292106.00539352023,3077865.004166134,363.66839599609375,True
94980.0,292076.4326377948,3077870.049175431,363.0703125,True
95010.0,292046.8405206426,3077874.9567421614,363.0,True
95040.0,292017.0249028851,3077878.277726615,363.0,True
95070.0,291987.2092851276,3077881.5987110683,363.0,True
95100.0,291957.3936673701,3077884.9196955217,363.0,True
95130.0,291927.54274079535,3077887.0935376994,363.0,True
95160.0,291897.5793189723,3077885.6125405175,363.0,True
95190.0,291867.61589714926,3077884.131543335,363.0,True
95220.0,291837.6524753262,3077882.6505461526,363.0,True
95250.0,291808.9920767572,3077874.935455468,363.0,True
95280.0,291780.9439348859,3077864.2911265753,363.0,True
95310.0,291753.02167394385,3077853.4136250047,363.0,True
95340.0,291728.73392133834,3077835.8038245123,363.0,True
95370.0,291704.44616873283,3077818.1940240203,363.0,True
95400.0,291679.88911243214,3077800.966027382,363.0,True
95430.0,291655.1505647195,3077783.9953392087,363.0,True
95460.0,291630.41201700695,3077767.0246510357,363.0,True
95490.0,291601.47249840584,3077760.5483932355,363.0,True
95520.0,291571.85696636565,3077755.760882193,363.0,True
95550.0,291542.28513803176,3077751.4563879664,363.0,True
95580.0,291514.0098986512,3077761.481897329,363.0,True
95610.0,291485.7346592707,3077771.507406691,363.0,True
95640.0,291459.9276565377,3077786.1412444115,363.0,True
95670.0,291435.9133734792,3077804.122184576,363.0,True
95700.0,291416.86314738303,3077826.3087901506,363.0,True
95730.0,291403.07179214817,3077852.950834381,363.0,True
95760.0,291387.1528908392,3077877.9573948,363.0,True
95790.0,291364.9527648175,3077898.1354622156,363.0,True
95820.0,291342.75263879576,3077918.313529631,363.0,True
95850.0,291315.9710225856,3077928.223395582,363.0,True
95880.0,291286.12581771245,3077931.26703585,363.0,True
95910.0,291256.96826874185,3077926.444848184,363.0,True
95940.0,291228.79545097164,3077916.8316874243,363.0,True
95970.0,291204.39684617455,3077899.3757977607,363.0064697265625,True
96000.0,291179.9982413774,3077881.919908097,363.0,True
96030.0,291155.5008638478,3077864.6583118537,369.6841125488281,True
96060.0,291127.02024629846,3077855.232049391,366.58404541015625,True
96090.0,291098.53962874913,3077845.8057869286,363.7131042480469,True
96120.0,291070.0590111998,3077836.3795244666,365.373779296875,True
96150.0,291041.5783936505,3077826.953262004,364.4226989746094,True
96180.0,291013.09777610115,3077817.526999542,362.7586975097656,True
96210.0,290984.61715855176,3077808.1007370795,362.44085693359375,True
96240.0,290956.13654100243,3077798.6744746175,363.4470520019531,True
96270.0,290926.8246787747,3077792.3628360075,361.5650939941406,True
96300.0,290897.4345902022,3077786.3443068103,361.40545654296875,True
96330.0,290868.04450162966,3077780.3257776126,360.96478271484375,True
96360.0,290838.65441305714,3077774.3072484154,360.13958740234375,True
96390.0,290809.2643244846,3077768.2887192178,360.2574768066406,True
96420.0,290779.81181096984,3077762.6346508246,360.2265625,True
96450.0,290750.09405449074,3077758.529172796,359.8432922363281,True
96480.0,290720.3762980116,3077754.4236947666,359.7442932128906,True
96510.0,290690.65854153247,3077750.3182167374,359.7242126464844,True
96540.0,290660.94078505336,3077746.212738708,359.5,True
96570.0,290631.22302857426,3077742.1072606794,359.4267578125,True
96600.0,290601.5052720951,3077738.00178265,359.0,True
96630.0,290571.787515616,3077733.896304621,359.04669189453125,True
96660.0,290542.0697591369,3077729.7908265917,359.2934875488281,True
96690.0,290513.36255273764,3077721.873125791,359.4921875,True
96720.0,290485.5133522914,3077710.7186632534,358.5,True
96750.0,290457.66415184515,3077699.5642007156,359.1033935546875,True
96780.0,290429.81495139893,3077688.409738178,359.1033935546875,True
96810.0,290402.3632635724,3077676.4446234917,358.5,True
96840.0,290376.491957879,3077661.2566169826,359.2648620605469,True
96870.0,290350.6206521856,3077646.068610474,358.0,True
96900.0,290324.7493464921,3077630.880603965,358.91668701171875,True
96930.0,290315.9453866911,3077602.730539815,358.0,True
96960.0,290308.5901826363,3077573.721266783,358.0,True
96990.0,290314.37831452396,3077544.2849366916,357.66510009765625,True
97020.0,290322.32927474746,3077515.80809763,357.5,True
97050.0,290340.2674920541,3077491.761884625,359.0478515625,True
97080.0,290358.20570936066,3077467.715671621,357.5,True
97110.0,290376.1439266672,3077443.669458616,357.28717041015625,True
97140.0,290393.43602733815,3077419.171115923,357.28717041015625,True
97170.0,290409.88193706376,3077394.0806385805,357.0,True
97200.0,290426.3278467893,3077368.9901612373,357.0,True
97230.0,290442.43859361083,3077343.8076119707,357.0,True
97260.0,290441.11849499634,3077313.836670383,356.9092102050781,True
97290.0,290439.0389303533,3077284.211190215,356.5,True
97320.0,290417.31482196215,3077263.5215040254,356.5,True
97350.0,290395.590713571,3077242.831817836,356.5,True
97380.0,290372.7152208363,3077223.7399973823,357.4559326171875,True
97410.0,290346.2141104675,3077209.6797289206,356.4855651855469,True
97440.0,290319.71300009877,3077195.6194604584,356.3582763671875,True
97470.0,290293.21188973,3077181.559191996,356.0,True
97500.0,290266.71077936125,3077167.4989235345,356.0,True
97530.0,290240.20966899244,3077153.4386550724,356.0,True
97560.0,290213.7085586237,3077139.3783866107,355.6868591308594,True
97590.0,290186.7532574088,3077126.406603814,355.5,True
97620.0,290158.1182489644,3077117.460303384,356.20562744140625,True
97650.0,290129.48324052006,3077108.5140029537,355.50054931640625,True
97680.0,290100.8482320757,3077099.567702523,355.49322509765625,True
97710.0,290072.2132236313,3077090.6214020927,356.3835144042969,True
97740.0,290043.1378952374,3077083.4255288676,355.2377014160156,True
97770.0,290013.6780917538,3077077.75807982,355.22796630859375,True
97800.0,289984.21828827023,3077072.090630772,355.2583923339844,True
97830.0,289954.7584847866,3077066.4231817247,354.8223571777344,True
97860.0,289925.298681303,3077060.755732677,354.6479187011719,True
97890.0,289895.8388778194,3077055.088283629,357.3591613769531,True
97920.0,289866.3790743358,3077049.420834582,354.0,True
97950.0,289836.42773450096,3077047.8235192737,354.11248779296875,True
97980.0,289806.465696127,3077046.3147925003,354.2367248535156,True
98010.0,289776.503657753,3077044.806065727,353.96038818359375,True
98040.0,289746.541619379,3077043.2973389537,353.7070617675781,True
98070.0,289716.5795810051,3077041.7886121804,353.58721923828125,True
98100.0,289686.9551090514,3077044.4742279896,353.5,True
98130.0,289657.6200019123,3077050.7552700313,353.6776428222656,True
98160.0,289628.8355327315,3077058.113073415,353.3299560546875,True
98190.0,289606.57049512235,3077078.2194927945,353.55316162109375,True
98220.0,289585.52017421625,3077099.3342655557,352.6444091796875,True
98250.0,289569.8556362925,3077124.9198523504,353.0639343261719,True
98280.0,289554.19109836867,3077150.505439145,352.4422302246094,True
98310.0,289538.52656044485,3077176.0910259397,352.4422302246094,True
98340.0,289522.8620225211,3077201.676612735,352.0,True
98370.0,289507.1974845973,3077227.2621995294,352.0,True
98400.0,289491.53294667345,3077252.847786324,351.93212890625,True
98430.0,289478.2876764342,3077279.7269289186,351.71038818359375,True
98460.0,289465.70925432944,3077306.9626278696,351.5,True
98490.0,289453.1308322247,3077334.1983268205,351.71044921875,True
98520.0,289440.5524101199,3077361.434025772,352.73309326171875,True
98550.0,289427.9739880152,3077388.669724723,351.1285705566406,True
98580.0,289415.39556591044,3077415.905423674,351.1285705566406,True
98610.0,289402.8171438057,3077443.141122625,351.0002746582031,True
98640.0,289390.2387217009,3077470.376821576,352.3899841308594,True
98670.0,289373.2841644407,3077494.9611984105,350.5164489746094,True
98700.0,289354.96705744095,3077518.7200618335,354.30999755859375,True
98730.0,289336.6499504412,3077542.478925257,353.04510498046875,True
98760.0,289318.33284344146,3077566.23778868,350.5003662109375,True
98790.0,289300.0157364417,3077589.996652103,351.8171691894531,True
98820.0,289279.16134728654,3077611.0838454585,350.95306396484375,True
98850.0,289254.4895785277,3077628.1514705513,350.5,True
98880.0,289229.8178097689,3077645.219095644,350.5,True
98910.0,289205.1460410101,3077662.286720737,354.92413330078125,True
98940.0,289180.4742722513,3077679.35434583,350.5,True
98970.0,289151.33340489556,3077686.240720822,350.5,True
99000.0,289122.07007671363,3077692.8481124192,350.5,True
99030.0,289092.8067485317,3077699.455504016,350.5,True
99060.0,289063.54342034983,3077706.0628956133,350.5,True
99090.0,289034.2800921679,3077712.6702872105,350.5,True
99120.0,289004.33034063707,3077714.1478319913,350.5,True
99150.0,288974.359339119,3077715.4665692667,350.5,True
99180.0,288944.38833760086,3077716.7853065426,350.5,True
99210.0,288914.4173360828,3077718.104043818,350.5,True
99240.0,288884.4463345647,3077719.422781094,350.5,True
99270.0,288854.4753330466,3077720.7415183694,350.5181884765625,True
99300.0,288824.5043315285,3077722.0602556453,350.62078857421875,True
99330.0,288794.5333300104,3077723.3789929207,350.6147766113281,True
99360.0,288764.5623284923,3077724.6977301966,350.5862731933594,True
99390.0,288734.63559239684,3077726.347767583,350.55328369140625,True
99420.0,288705.36968983884,3077732.943747227,350.5,True
99450.0,288676.1037872808,3077739.5397268715,350.5,True
99480.0,288646.8378847228,3077746.1357065155,350.5,True
99510.0,288617.6806424893,3077753.089915068,350.5,True
99540.0,288589.6820057969,3077763.863788251,351.10302734375,True
99570.0,288561.68336910446,3077774.6376614342,351.9078369140625,True
99600.0,288533.684732412,3077785.411534617,351.2880859375,True
99630.0,288505.6860957196,3077796.1854078,352.17669677734375,True
99660.0,288477.6874590271,3077806.959280983,350.0,True
99690.0,288449.6888223347,3077817.7331541665,350.0,True
99720.0,288421.6901856422,3077828.5070273494,350.0,True
99750.0,288393.6915489498,3077839.2809005324,350.0,True
99780.0,288365.69291225733,3077850.0547737153,350.0,True
99810.0,288335.8884621588,3077852.5967570865,350.0,True
99840.0,288305.9509608743,3077854.53222004,350.0,True
99870.0,288276.0134595899,3077856.4676829935,350.0,True
99900.0,288246.07595830545,3077858.403145947,350.0,True
99930.0,288216.13845702104,3077860.3386089006,350.0,True
99960.0,288187.0947324466,3077857.4018380926,350.0,True
99990.0,288159.7934833556,3077844.966332551,350.0,True
100020.0,288132.49223426456,3077832.5308270096,350.4903259277344,True
100050.0,288114.43991153344,3077808.677673738,350.0,True
100080.0,288096.6078064827,3077784.552665355,350.82672119140625,True
100110.0,288081.3987095789,3077759.2027506623,350.0,True
100140.0,288074.34767893987,3077730.0431387494,350.0,True
100170.0,288067.29664830083,3077700.883526836,350.0,True
100200.0,288061.53031015367,3077671.580086047,350.0,True
100230.0,288061.95841648226,3077641.5831407863,350.0,True
100260.0,288062.3865228109,3077611.5861955252,350.1055603027344,True
100290.0,288062.81462913955,3077581.5892502647,351.2589416503906,True
100320.0,288063.24273546814,3077551.592305004,352.36004638671875,True
100350.0,288062.6232767067,3077521.6769534824,353.4866943359375,True
100380.0,288057.55565048486,3077492.108065027,350.6640930175781,True
100410.0,288052.488024263,3077462.5391765716,350.5429992675781,True
100440.0,288046.03535557474,3077433.3878654246,352.7226257324219,True
100470.0,288033.9146021587,3077405.945428641,355.31573486328125,True
100500.0,288015.3925595873,3077383.2171956263,350.0,True
100530.0,287992.78248132183,3077363.499580131,350.1941833496094,True
100560.0,287966.5645691044,3077349.175057711,349.8712158203125,True
100590.0,287939.7100329194,3077335.802178953,349.8712158203125,True
100620.0,287912.85549673444,3077322.429300194,349.5,True
100650.0,287886.00096054946,3077309.0564214354,349.5223693847656,True
100680.0,287859.1464243645,3077295.683542677,349.76947021484375,True
100710.0,287832.2918881795,3077282.3106639185,349.56988525390625,True
100740.0,287805.4373519945,3077268.9377851603,350.21710205078125,True
100770.0,287778.5828158095,3077255.5649064016,349.5,True
100800.0,287751.1738452197,3077243.399441941,349.5,True
100830.0,287723.52937324904,3077231.746838392,349.5,True
100860.0,287695.8849012783,3077220.0942348437,350.340576171875,True
100890.0,287668.2404293076,3077208.4416312953,352.6794128417969,True
100920.0,287640.5959573369,3077196.7890277468,349.113525390625,True
100950.0,287612.9514853662,3077185.136424198,349.6292419433594,True
100980.0,287585.30701339553,3077173.4838206493,349.0,True
101010.0,287557.6625414248,3077161.831217101,349.58544921875,True
101040.0,287530.0180694541,3077150.1786135524,350.77301025390625,True
101070.0,287501.75558949244,3077140.77583678,349.0,True
101100.0,287472.0376769534,3077136.6714885584,349.0,True
101130.0,287442.3197644144,3077132.5671403366,349.0,True
101160.0,287412.6018518754,3077128.4627921153,349.5205993652344,True
101190.0,287382.8839393364,3077124.3584438935,349.6353759765625,True
101220.0,287353.16602679744,3077120.254095672,350.171875,True
101250.0,287323.6190523321,3077124.1138403458,348.9178771972656,True
101280.0,287294.1046154504,3077129.4895277955,348.5,True
101310.0,287264.5901785686,3077134.8652152447,348.5,True
101340.0,287235.07574168686,3077140.240902694,348.5,True
101370.0,287205.5613048051,3077145.616590143,348.5,True
101400.0,287180.6757135992,3077161.095118799,349.5107116699219,True
101430.0,287157.3314953165,3077179.937822235,349.4792175292969,True
101460.0,287133.9872770339,3077198.780525671,349.4792175292969,True
101490.0,287110.6430587513,3077217.623229107,348.9248962402344,True
101520.0,287088.4661080589,3077237.432702281,348.5,True
101550.0,287074.30125286855,3077263.8780587246,348.5,True
101580.0,287060.1363976781,3077290.3234151686,348.0104064941406,True
101610.0,287045.97154248774,3077316.768771612,349.0000305175781,True
101640.0,287031.8066872973,3077343.214128056,348.0,True
101670.0,287024.1027694707,3077371.695627924,348.0,True
101700.0,287020.54574529274,3077401.484007857,348.0,True
101730.0,287016.98872111476,3077431.272387789,348.0,True
101760.0,287013.4316969368,3077461.0607677214,348.04217529296875,True
101790.0,287016.8085774285,3077490.8551083175,348.04095458984375,True
101820.0,287020.3143818078,3077520.6495597414,348.89111328125,True
101850.0,287027.9810038276,3077549.501129051,351.0132141113281,True
101880.0,287037.66154456045,3077577.8963246155,353.06231689453125,True
101910.0,287047.3420852933,3077606.2915201792,383.0619812011719,True
101940.0,287052.894078841,3077635.4798123958,385.85003662109375,True
101970.0,287048.7617352541,3077664.520622309,383.3968505859375,True
102000.0,287034.1058725152,3077689.71885956,357.5831298828125,True
102030.0,287010.68222618033,3077708.4627330224,357.5831298828125,True
102060.0,286986.8193224172,3077726.591689467,359.5415344238281,True
102090.0,286961.4928460587,3077742.6717888215,352.9106750488281,True
102120.0,286937.8381129957,3077760.394659657,354.1730041503906,True
102150.0,286922.2031887504,3077785.998353606,361.49005126953125,True
102180.0,286906.5682645051,3077811.602047555,359.68695068359375,True
102210.0,286890.9495493657,3077837.2156324997,368.0600891113281,True
102240.0,286875.33099983085,3077862.8293184983,358.807373046875,True
102270.0,286857.438036735,3077886.739928602,358.4284973144531,True
102300.0,286837.2562442199,3077908.936668247,369.65899658203125,True
102330.0,286817.07445170474,3077931.133407892,363.6567687988281,True
102360.0,286796.89265918965,3077953.3301475374,350.97601318359375,True
102390.0,286784.6391339097,3077980.309217784,354.7945251464844,True
102420.0,286774.4184348556,3078008.5144887604,358.8052673339844,True
102450.0,286764.813671603,3078036.8145474745,352.3095703125,True
102480.0,286766.081153681,3078066.787760335,354.9051208496094,True
102510.0,286767.348635759,3078096.7609731955,355.6846618652344,True
102540.0,286768.6161178369,3078126.734186056,357.32781982421875,True
102570.0,286769.4140169915,3078156.7126548826,363.4126281738281,True
102600.0,286768.8177391291,3078186.706728509,359.031494140625,True
102630.0,286768.2214612668,3078216.7008021357,348.9305725097656,True
102660.0,286767.6251834044,3078246.6948757623,347.3135681152344,True
102690.0,286767.0289055421,3078276.688949389,346.7624206542969,True
102720.0,286766.4326276797,3078306.683023015,347.6625671386719,True
102750.0,286765.8363498174,3078336.6770966416,347.9526062011719,True
102780.0,286766.2620705998,3078366.6656439006,347.7532653808594,True
102810.0,286767.18268472457,3078396.6515150676,347.23388671875,True
102840.0,286768.1032988493,3078426.6373862345,346.44293212890625,True
102870.0,286764.954280227,3078456.4590389603,345.82232666015625,True
102900.0,286761.0405709359,3078486.039014766,346.0780029296875,True
102930.0,286742.736608047,3078509.808005964,348.3649597167969,True
102960.0,286724.432645158,3078533.576997162,350.995849609375,True
102990.0,286706.32115876436,3078557.4924387485,350.275146484375,True
103020.0,286688.29428489786,3078581.4722598195,350.275146484375,True
103050.0,286670.26741103135,3078605.4520808905,348.5687255859375,True
103080.0,286652.2405371649,3078629.4319019616,358.93878173828125,True
103110.0,286634.2136632984,3078653.4117230326,350.8777160644531,True
103140.0,286616.1867894319,3078677.391544104,348.86749267578125,True
103170.0,286598.15991556545,3078701.371365175,348.86749267578125,True
103200.0,286578.40279115626,3078723.9113931805,348.0244140625,True
103230.0,286558.09819968254,3078745.995857518,354.487060546875,True
103260.0,286537.7936082089,3078768.080321856,372.8013000488281,True
103290.0,286517.4890167352,3078790.164786194,352.17156982421875,True
103320.0,286497.18442526157,3078812.2492505317,356.37353515625,True
103350.0,286476.2382564792,3078833.6519923634,371.656005859375,True
103380.0,286452.9635697385,3078852.580514681,351.52703857421875,True
103410.0,286429.6888829977,3078871.5090369983,348.9473571777344,True
103440.0,286406.414196257,3078890.437559316,353.6399841308594,True
103470.0,286383.1395095163,3078909.366081633,353.6399841308594,True
103500.0,286358.62539124076,3078926.554529329,357.01458740234375,True
103530.0,286333.1294956729,3078942.364630821,348.7275390625,True
103560.0,286307.63360010495,3078958.174732313,345.1837463378906,True
103590.0,286282.137704537,3078973.9848338054,341.822021484375,True
103620.0,286255.35813557834,3078987.217874832,341.0,True
103650.0,286227.3797192175,3078998.0441492577,340.96435546875,True
103680.0,286199.4013028567,3079008.8704236834,341.4647521972656,True
103710.0,286171.4228864958,3079019.696698109,340.5,True
103740.0,286143.44447013503,3079030.522972535,340.5,True
103770.0,286115.4660537742,3079041.3492469606,340.57342529296875,True
103800.0,286087.24813022546,3079051.3209213805,340.0,True
103830.0,286057.7183527364,3079056.611690838,340.0,True
103860.0,286028.18857524736,3079061.902460295,340.0,True
103890.0,285998.6587977583,3079067.1932297517,340.7682800292969,True
103920.0,285969.12902026926,3079072.483999209,339.5,True
103950.0,285939.57337620074,3079074.7526448416,339.5,True
103980.0,285909.9573634308,3079069.968108541,339.6556701660156,True
104010.0,285880.3413506609,3079065.1835722406,339.2004699707031,True
104040.0,285850.7253378909,3079060.39903594,339.0,True
104070.0,285821.109325121,3079055.6144996397,339.0,True
104100.0,285794.7988938145,3079041.8130544275,339.0458679199219,True
104130.0,285769.1078255627,3079026.3221212057,338.6133728027344,True
104160.0,285743.4167573109,3079010.831187984,338.5020446777344,True
104190.0,285717.7256890591,3078995.340254762,338.5340576171875,True
104220.0,285692.03462080733,3078979.8493215404,338.5340576171875,True
104250.0,285669.48275543534,3078960.207167262,338.56854248046875,True
104280.0,285647.579787973,3078939.7069229623,338.0644226074219,True
104310.0,285625.67682051065,3078919.206678663,338.56353759765625,True
104340.0,285603.77385304833,3078898.706434363,338.0,True
104370.0,285589.28425084805,3078872.5697392067,338.0,True
104400.0,285575.3865544475,3078845.9830125417,338.0,True
104430.0,285561.488858047,3078819.3962858766,338.0,True
104460.0,285547.5911616465,3078792.8095592116,337.6753845214844,True
104490.0,285536.59433843615,3078765.038925381,337.5,True
104520.0,285527.92070037004,3078736.320150987,337.5,True
104550.0,285519.24706230394,3078707.6013765926,337.5,True
104580.0,285510.57342423784,3078678.8826021985,339.5163269042969,True
104610.0,285503.6725814822,3078649.7499272963,337.5,True
104640.0,285498.73256217083,3078620.159452322,339.1049499511719,True
104670.0,285493.7925428595,3078590.5689773476,342.8915710449219,True
104700.0,285488.8525235481,3078560.978502373,346.8598937988281,True
104730.0,285483.91250423674,3078531.388027399,350.243896484375,True
104760.0,285477.8002907874,3078502.0359862186,339.0843811035156,True
104790.0,285470.7881583196,3078472.866995865,336.7479248046875,True
104820.0,285463.77602585184,3078443.6980055114,336.90411376953125,True
104850.0,285457.0321629552,3078414.4841707596,336.5,True
104880.0,285454.1762810555,3078384.6204144894,336.5,True
104910.0,285451.3203991557,3078354.756658219,336.5,True
104940.0,285448.46451725595,3078324.8929019487,336.6472473144531,True
104970.0,285449.1981634998,3078294.9306118335,336.5180358886719,True
105000.0,285450.41143739485,3078264.955155766,336.0972900390625,True
105030.0,285455.0751407362,3078235.564192902,336.0,True
105060.0,285463.8017861431,3078206.861481184,336.0,True
105090.0,285472.52843155,3078178.1587694664,336.0,True
105120.0,285481.9588210068,3078149.708446013,336.0,True
105150.0,285493.46265081904,3078122.0017338363,336.0,True
105180.0,285504.9664806313,3078094.295021659,335.5,True
105210.0,285516.47031044355,3078066.588309482,335.5,True
105240.0,285525.23474391445,3078037.979218913,335.5,True
105270.0,285532.4498886323,3078008.859780616,335.56939697265625,True
105300.0,285539.6650333502,3077979.7403423195,335.4455871582031,True
105330.0,285535.68102944846,3077950.0675303307,335.23822021484375,True
105360.0,285523.38849669613,3077924.748387181,335.0,True
105390.0,285500.70234141883,3077905.1183500253,335.0,True
105420.0,285478.0161861416,3077885.48831287,336.1705322265625,True
105450.0,285454.13257850945,3077867.423149586,336.1705322265625,True
105480.0,285429.254930465,3077850.6570341215,338.7677917480469,True
105510.0,285403.66750844644,3077835.2624662076,337.2428283691406,True
105540.0,285375.61257725925,3077824.6360446047,334.6244201660156,True
105570.0,285347.557646072,3077814.009623002,334.5585632324219,True
105600.0,285319.22246531234,3077804.669614431,334.5347595214844,True
105630.0,285289.28963550745,3077802.6631997502,334.59686279296875,True
105660.0,285259.35680570255,3077800.6567850695,334.68023681640625,True
105690.0,285229.43358497485,3077799.7764599137,334.74346923828125,True
105720.0,285199.53935347026,3077802.2933871574,334.74224853515625,True
105750.0,285169.6451219657,3077804.810314401,334.9114685058594,True
105780.0,285139.7508904611,3077807.3272416447,334.0,True
105810.0,285111.08747449616,3077815.68081535,334.0,True
105840.0,285082.8522481468,3077825.7220830144,333.7115783691406,True
105870.0,285057.3854311225,3077841.5789815336,333.5,True
105900.0,285032.2018700483,3077857.759107593,333.5,True
105930.0,285013.13976106147,3077880.9245128552,333.7084655761719,True
105960.0,284994.07765207463,3077904.089918118,333.25701904296875,True
105990.0,284980.1741845466,3077930.286224675,333.4600830078125,True
106020.0,284970.30446935474,3077958.572868091,335.1186218261719,True
106050.0,284962.4702391959,3077987.5318880645,333.2828674316406,True
106080.0,284954.636009037,3078016.490908038,333.2828674316406,True
106110.0,284946.8017788782,3078045.4499280113,333.2196350097656,True
106140.0,284940.19079104107,3078074.583896455,332.9850769042969,True
106170.0,284939.5935355036,3078104.5779506294,332.6375427246094,True
106200.0,284938.99627996614,3078134.572004804,333.4480895996094,True
106230.0,284938.39902442874,3078164.5660589784,332.45794677734375,True
106260.0,284937.8017688913,3078194.560113153,332.0165100097656,True
106290.0,284937.07876994146,3078224.5513884095,332.50152587890625,True
106320.0,284936.35035768006,3078254.542544032,333.0255126953125,True
106350.0,284935.62194541865,3078284.5336996545,333.4252014160156,True
106380.0,284929.8128986351,3078313.673543392,334.780517578125,True
106410.0,284920.72536000836,3078342.2640425432,338.995361328125,True
106440.0,284911.284902269,3078370.707259753,343.0815734863281,True
106470.0,284897.3530681713,3078397.276113674,331.66339111328125,True
106500.0,284878.59472932573,3078420.256073158,331.5485534667969,True
106530.0,284857.16183129535,3078441.2472827947,334.49066162109375,True
106560.0,284835.728933265,3078462.2384924316,331.3470764160156,True
106590.0,284811.55734730075,3078479.1157008256,332.49334716796875,True
106620.0,284783.9217566753,3078490.789351959,331.0,True
106650.0,284756.2861660499,3078502.4630030924,331.0,True
106680.0,284727.9552930643,3078511.8576024277,330.5774230957031,True
106710.0,284698.5096234138,3078517.598032623,331.1619567871094,True
106740.0,284669.0639537633,3078523.338462819,331.1619567871094,True
106770.0,284639.6182841127,3078529.0788930147,332.996337890625,True
106800.0,284610.1726144622,3078534.8193232105,331.5741882324219,True
106830.0,284580.8444675391,3078541.022087237,331.1240539550781,True
106860.0,284552.2318536553,3078550.0397547144,330.8209228515625,True
106890.0,284523.6192397715,3078559.057422192,331.8626403808594,True
106920.0,284495.00662588765,3078568.0750896693,330.6969909667969,True
106950.0,284467.3272335673,3078579.5406944063,330.22705078125,True
106980.0,284439.97297228273,3078591.859151679,331.30792236328125,True
107010.0,284412.61871099815,3078604.1776089515,329.8786315917969,True
107040.0,284385.2644497135,3078616.496066224,329.5804748535156,True
107070.0,284362.46840712643,3078635.2829529326,330.0618896484375,True
107100.0,284341.66643837147,3078656.8995691324,329.8674621582031,True
107130.0,284320.8644696165,3078678.5161853316,329.881103515625,True
107160.0,284304.44657553063,3078703.160903321,330.9479675292969,True
107190.0,284291.594471683,3078730.2685300466,329.5423583984375,True
107220.0,284278.7423678354,3078757.376156772,329.85650634765625,True
107250.0,284266.6940347455,3078784.8363913363,330.0421447753906,True
107280.0,284255.45240183565,3078812.6505188528,329.5245056152344,True
107310.0,284244.2107689257,3078840.4646463697,329.5,True
107340.0,284232.96913601586,3078868.2787738866,329.5,True
107370.0,284210.9818896758,3078888.6788506815,329.5,True
107400.0,284187.94793723547,3078907.7671869565,329.5,True
107430.0,284163.0082779327,3078924.4409206077,331.030029296875,True
107460.0,284135.19365997065,3078934.04993117,329.5,True
107490.0,284105.5794457082,3078938.376182847,329.5,True
107520.0,284075.58646580507,3078939.025148586,329.5,True
107550.0,284045.7222400147,3078937.7063328605,329.5,True
107580.0,284016.0695420253,3078933.154684594,329.5,True
107610.0,283986.821160242,3078926.904124638,329.5,True
107640.0,283958.2969778169,3078917.610523776,329.5,True
107670.0,283929.7727953918,3078908.3169229142,329.5,True
107700.0,283901.24861296674,3078899.0233220523,329.5,True
107730.0,283872.7908521492,3078889.5370095707,329.52862548828125,True
107760.0,283844.59802059934,3078879.2820473965,329.4306945800781,True
107790.0,283816.40518904943,3078869.027085222,328.9194641113281,True
107820.0,283788.2123574996,3078858.7721230476,328.58843994140625,True
107850.0,283760.01952594967,3078848.517160873,328.61968994140625,True
107880.0,283731.5258251124,3078839.33100048,327.88287353515625,True
107910.0,283702.12344194413,3078833.3728242465,327.5,True
107940.0,283672.7210587758,3078827.4146480137,328.05926513671875,True
107970.0,283646.28776542185,3078813.5800928073,328.6054382324219,True
108000.0,283620.88146077766,3078797.656623126,328.6054382324219,True
108030.0,283595.910401931,3078781.0299511775,328.3811950683594,True
108060.0,283570.9393430843,3078764.403279229,327.68109130859375,True
108090.0,283545.96828423766,3078747.776607281,327.45489501953125,True
108120.0,283520.997225391,3078731.1499353326,325.5,True
108150.0,283496.02616654435,3078714.523263384,329.6976623535156,True
108180.0,283476.47502073605,3078691.780105876,326.5535888671875,True
108210.0,283456.9645715652,3078668.991021358,325.3321228027344,True
108240.0,283437.4541223944,3078646.2019368405,324.98431396484375,True
108270.0,283414.9780785163,3078626.952834223,324.98431396484375,True
108300.0,283389.12298032426,3078611.7372534755,327.99639892578125,True
108330.0,283360.9259392978,3078604.5519800424,323.6258544921875,True
108360.0,283330.94496781804,3078603.4836406163,323.00653076171875,True
108390.0,283300.96399633825,3078602.4153011907,322.92724609375,True
108420.0,283270.9910596421,3078603.4051211686,322.5,True
108450.0,283241.0193431659,3078604.7075080043,322.5,True
108480.0,283211.0476266897,3078606.00989484,322.5,True
108510.0,283181.07591021346,3078607.3122816756,322.3124084472656,True
108540.0,283151.1772762182,3078607.7432606947,322.0,True
108570.0,283121.8411679334,3078601.4668962453,322.0,True
108600.0,283092.5050596486,3078595.1905317954,321.72625732421875,True
108630.0,283063.1689513638,3078588.914167346,322.269775390625,True
108660.0,283033.83284307906,3078582.6378028966,321.5,True
108690.0,283004.49673479423,3078576.361438447,321.14849853515625,True
108720.0,282975.16062650946,3078570.0850739973,321.0,True
108750.0,282945.8245182247,3078563.808709548,321.5601501464844,True
108780.0,282916.48840993986,3078557.5323450984,321.6156005859375,True
108810.0,282888.2781172975,3078547.8875447614,320.7637939453125,True
108840.0,282861.06363453163,3078535.2632852667,321.2523193359375,True
108870.0,282833.8491517657,3078522.6390257725,320.3997497558594,True
108900.0,282806.6346689998,3078510.0147662777,320.97589111328125,True
108930.0,282779.4201862339,3078497.3905067835,320.97589111328125,True
108960.0,282752.205703468,3078484.766247289,319.5,True
108990.0,282724.99122070207,3078472.1419877945,320.25592041015625,True
109020.0,282697.7767379362,3078459.5177283,319.5,True
109050.0,282670.56225517025,3078446.893468805,319.97491455078125,True
109080.0,282642.31139983545,3078436.8603859833,319.0747985839844,True
109110.0,282613.8973463928,3078427.2353370506,319.0,True
109140.0,282585.48329295014,3078417.610288118,319.0,True
109170.0,282556.1233671617,3078411.595234145,319.9021911621094,True
109200.0,282526.6402465422,3078406.050362773,319.0,True
109230.0,282496.7175653922,3078404.5755277467,319.0,True
109260.0,282466.7304123636,3078403.6976591707,319.0,True
109290.0,282437.2147909186,3078407.9566218844,319.6854248046875,True
109320.0,282407.8885897406,3078414.279115417,318.552734375,True
109350.0,282380.0417527858,3078424.893088043,318.5,True
109380.0,282353.0490827806,3078437.9849086194,318.5,True
109410.0,282332.2038319708,3078459.0754489293,318.5,True
109440.0,282312.60682506213,3078481.790142857,318.5,True
109470.0,282295.3314229606,3078506.259602055,318.5,True
109500.0,282278.8252377529,3078531.310467307,318.3377990722656,True
109530.0,282262.3190525452,3078556.3613325595,318.0393981933594,True
109560.0,282245.81286733743,3078581.4121978115,318.0,True
109590.0,282225.94330634613,3078603.588533,318.0,True
109620.0,282203.76954461535,3078623.7955686734,318.0,True
109650.0,282176.2586547734,3078634.630893947,318.0,True
109680.0,282147.56636472343,3078643.391743888,318.37261962890625,True
109710.0,282118.08660994255,3078645.351600809,318.6580505371094,True
109740.0,282088.1515313032,3078643.3790220767,318.4495849609375,True
109770.0,282058.26908559806,3078640.9737346396,318.5445861816406,True
109800.0,282028.73401296465,3078635.7126050517,318.5445861816406,True
109830.0,281999.19894033123,3078630.4514754643,317.5666809082031,True
109860.0,281969.66386769776,3078625.1903458764,317.5,True
109890.0,281940.12879506435,3078619.929216289,317.5,True
109920.0,281910.59372243093,3078614.668086701,317.5,True
109950.0,281881.05864979746,3078609.4069571136,317.36376953125,True
109980.0,281851.52357716404,3078604.1458275258,317.0,True
110010.0,281821.98850453063,3078598.8846979383,317.0,True
110040.0,281792.45343189716,3078593.6235683504,317.0,True
110070.0,281762.91835926374,3078588.362438763,319.529296875,True
110100.0,281733.3832866303,3078583.1013091756,320.2049560546875,True
110130.0,281703.84821399685,3078577.8401795877,319.10418701171875,True
110160.0,281674.31263824366,3078572.581875363,317.39349365234375,True
110190.0,281644.7769644217,3078567.3241218617,315.9735412597656,True
110220.0,281615.2412905997,3078562.06636836,314.1463317871094,True
110250.0,281586.41165465856,3078553.899118248,314.465576171875,True
110280.0,281557.75121880346,3078545.0346150696,314.0419006347656,True
110310.0,281529.09078294836,3078536.1701118913,314.91680908203125,True
110340.0,281500.43034709326,3078527.305608713,315.768310546875,True
110370.0,281471.76991123817,3078518.4411055353,314.0,True
110400.0,281443.3892155001,3078508.735086198,314.0,True
110430.0,281415.12565786944,3078498.6766911936,314.0,True
110460.0,281386.86210023885,3078488.6182961892,314.0,True
110490.0,281358.5985426082,3078478.5599011853,314.0,True
110520.0,281330.33498497755,3078468.501506181,314.0,True
110550.0,281302.2244585661,3078458.0736208013,314.0,True
110580.0,281275.125752491,3078445.2027183836,314.255126953125,True
110610.0,281248.28580538696,3078431.902490214,314.8266906738281,True
110640.0,281224.2480555199,3078413.9529336365,314.8266906738281,True
110670.0,281201.60227263515,3078394.4651833773,314.8755187988281,True
110700.0,281181.3486983303,3078372.3339220514,314.0635681152344,True
110730.0,281161.0951240254,3078350.2026607255,314.0635681152344,True
110760.0,281140.84154972056,3078328.0713993995,314.0,True
110790.0,281120.5879754157,3078305.9401380736,314.0,True
110820.0,281100.33440111077,3078283.8088767477,314.0,True
110850.0,281080.0808268059,3078261.677615422,314.0,True
110880.0,281059.82725250104,3078239.546354096,314.0,True
110910.0,281039.5736781962,3078217.4150927695,314.0,True
110940.0,281018.7453819455,3078195.8245798247,314.0719909667969,True
110970.0,280997.88771245186,3078174.2617037804,314.2145080566406,True
111000.0,280977.0300429582,3078152.6988277365,314.7521667480469,True
111030.0,280956.17237346456,3078131.1359516922,314.06494140625,True
111060.0,280935.31470397086,3078109.573075648,315.2202453613281,True
111090.0,280914.4570344772,3078088.010199604,315.14947509765625,True
111120.0,280893.59936498356,3078066.44732356,314.3050231933594,True
111150.0,280872.7416954899,3078044.884447516,314.2857360839844,True
111180.0,280848.6419417492,3078027.0404703096,315.3856506347656,True
111210.0,280824.4363868292,3078009.3178545036,314.06121826171875,True
111240.0,280798.8804333861,3077994.9198516123,314.06121826171875,True
111270.0,280769.17251545284,3077990.743775455,314.0306396484375,True
111300.0,280739.3322849871,3077988.742558836,314.0013427734375,True
111330.0,280709.3372160089,3077989.2864678316,314.0,True
111360.0,280680.24043784436,3077995.3198998473,314.0,True
111390.0,280651.6364774914,3078004.364978737,314.4623107910156,True
111420.0,280623.8895651934,3078015.7471559774,314.879150390625,True
111450.0,280596.21940116776,3078027.338619336,314.0,True
111480.0,280570.46771559777,3078042.614571753,314.0,True
111510.0,280545.1047024855,3078058.636979995,314.05035400390625,True
111540.0,280519.7416893732,3078074.6593882367,317.2019958496094,True
111570.0,280494.6791495609,3078091.136880468,316.1570739746094,True
111600.0,280469.98170942086,3078108.167337025,314.0,True
111630.0,280445.28426928073,3078125.1977935815,314.0,True
111660.0,280419.35131599044,3078140.2761727273,314.0,True
111690.0,280393.5215049381,3078155.506849017,314.0616149902344,True
111720.0,280369.6692937816,3078173.7022336777,314.0,True
111750.0,280345.8170826252,3078191.8976183385,314.8782958984375,True
111780.0,280321.9648714687,3078210.093002999,314.0,True
111810.0,280298.8186371323,3078229.107335202,314.3298034667969,True
111840.0,280277.30709575274,3078250.01794465,314.79010009765625,True
111870.0,280255.7955543731,3078270.928554097,309.6989440917969,True
111900.0,280236.30302428774,3078293.487985192,306.8756103515625,True
111930.0,280220.1126125115,3078318.7440847824,307.8533020019531,True
111960.0,280205.1306821337,3078344.5848683864,307.8533020019531,True
111990.0,280195.3759650352,3078372.9546673694,309.2365417480469,True
112020.0,280190.2931968327,3078402.4777944908,311.4516296386719,True
112050.0,280192.9956603015,3078432.0784045975,314.5092468261719,True
112080.0,280201.18809207785,3078460.6983017875,315.0806579589844,True
112110.0,280213.30813778186,3078488.141051142,318.5420837402344,True
112140.0,280225.4281834859,3078515.583800496,324.70733642578125,True
112170.0,280241.3549091627,3078540.9672462787,318.4782409667969,True
112200.0,280257.692163419,3078566.128607994,321.2415771484375,True
112230.0,280273.6392795027,3078591.4903918584,313.0,True
112260.0,280284.57846276165,3078619.4248556914,313.0,True
112290.0,280295.248746865,3078647.4546821793,313.50811767578125,True
112320.0,280304.35366920166,3078676.0396500686,313.50811767578125,True
112350.0,280300.128008072,3078705.6651394097,315.0351257324219,True
112380.0,280290.0800270817,3078733.718330562,324.48175048828125,True
112410.0,280273.084717227,3078757.8559454987,316.81781005859375,True
112440.0,280252.1094345269,3078779.3044306585,314.3486022949219,True
112470.0,280231.13415182685,3078800.7529158182,321.14044189453125,True
112500.0,280209.3297886614,3078821.345347915,312.5,True
112530.0,280187.2209933431,3078841.6234437223,312.5,True
112560.0,280165.11219802476,3078861.9015395297,312.4877624511719,True
112590.0,280141.2662673312,3078880.0419496987,312.4877624511719,True
112620.0,280116.89440944477,3078897.535163902,312.00067138671875,True
112650.0,280092.5225515583,3078915.0283781057,312.0,True
112680.0,280068.15069367184,3078932.5215923088,312.0,True
112710.0,280044.2022144216,3078950.5511593865,312.0,True
112740.0,280021.52775279316,3078970.1947025973,312.0,True
112770.0,279998.85329116473,3078989.8382458077,312.0,True
112800.0,279976.1788295363,3079009.481789018,312.0,True
112830.0,279953.5043679079,3079029.1253322284,315.12713623046875,True
112860.0,279930.3164633569,3079048.1567372284,312.0,True
112890.0,279907.0266432687,3079067.06663623,311.940185546875,True
112920.0,279881.5632339276,3079082.4597591776,311.5,True
112950.0,279854.23470194056,3079094.835192077,311.6591491699219,True
112980.0,279826.9061699535,3079107.2106249756,311.5,True
113010.0,279797.8366949405,3079112.6989800213,311.5,True
113040.0,279767.91012668516,3079114.796719867,311.5,True
113070.0,279737.9835584298,3079116.894459712,311.28558349609375,True
113100.0,279708.17427612684,3079115.198000493,311.0,True
113130.0,279678.43441221904,3079111.2558570723,311.0,True
113160.0,279648.6945483113,3079107.313713652,311.0,True
113190.0,279620.1064232674,3079098.519183782,310.64190673828125,True
113220.0,279591.7672111164,3079088.675959988,310.5,True
113250.0,279563.42799896543,3079078.8327361937,310.5,True
113280.0,279537.5392882984,3079064.1776300245,310.5,True
113310.0,279512.9113716086,3079047.046788845,310.5,True
113340.0,279490.2341946938,3079027.592456514,310.02142333984375,True
113370.0,279469.0988319829,3079006.301696944,310.0,True
113400.0,279447.96346927196,3078985.0109373736,310.0,True
113430.0,279426.82810656104,3078963.7201778037,309.74945068359375,True
113460.0,279405.2608374771,3078942.875556329,309.5,True
113490.0,279383.2962995472,3078922.441294083,309.5098876953125,True
113520.0,279361.33176161733,3078902.007031837,309.5,True
113550.0,279339.36722368747,3078881.5727695916,309.45526123046875,True
113580.0,279318.10187631263,3078860.4405308967,309.2083740234375,True
113610.0,279297.70581825945,3078838.440512354,309.0,True
113640.0,279275.51391054125,3078818.6521746013,309.0,True
113670.0,279249.79497557995,3078803.2075514444,309.0,True
113700.0,279224.0760406187,3078787.7629282875,309.0,True
113730.0,279198.86432446266,3078771.5215403344,309.0,True
113760.0,279173.9861767371,3078754.756166323,309.0,True
113790.0,279150.3163774484,3078736.368130337,310.9478454589844,True
113820.0,279127.12504033576,3078717.337579033,309.0,True
113850.0,279103.9337032231,3078698.307027729,309.0,True
113880.0,279084.3133521802,3078676.100328352,309.0,True
113910.0,279068.11771808774,3078650.847577287,309.0,True
113940.0,279054.187716246,3078624.652713117,309.0,True
113970.0,279047.70266829274,3078595.3620293927,308.9494934082031,True
114000.0,279041.21762033954,3078566.0713456683,308.5,True
114030.0,279035.76995626476,3078536.6355410735,308.5,True
114060.0,279033.96833420213,3078506.6896873047,308.5,True
114090.0,279032.51353667054,3078476.7392548504,314.332275390625,True
114120.0,279033.5239942067,3078446.7562767533,309.60540771484375,True
114150.0,279034.53445174283,3078416.773298656,308.5,True
114180.0,279035.544909279,3078386.7903205594,308.5,True
114210.0,279036.5553668151,3078356.8073424622,308.5,True
114240.0,279037.45206218323,3078326.824780563,308.5,True
114270.0,279036.22224980075,3078296.8499984704,308.5,True
114300.0,279034.99243741826,3078266.8752163774,308.5,True
114330.0,279033.7626250358,3078236.900434285,310.4943542480469,True
114360.0,279029.60889227106,3078207.1957546994,314.8836669921875,True
114390.0,279025.32680029323,3078177.5029325313,308.0,True
114420.0,279021.0447083154,3078147.8101103636,310.5321350097656,True
114450.0,279010.5978145672,3078119.978393391,318.8224792480469,True
114480.0,278997.7339777985,3078092.8763325172,316.99908447265625,True
114510.0,278984.6516885242,3078065.9142342857,322.9717102050781,True
114540.0,278965.4064584878,3078042.9007356195,311.6541748046875,True
114570.0,278946.16122845147,3078019.8872369537,311.6541748046875,True
114600.0,278926.91599841515,3077996.8737382875,307.4658508300781,True
114630.0,278905.55126343673,3077975.8165677455,306.94708251953125,True
114660.0,278884.1499271707,3077954.793180625,315.09857177734375,True
114690.0,278862.7485909047,3077933.769793504,306.5,True
114720.0,278840.0994420147,3077914.1067740256,306.5,True
114750.0,278817.3105145803,3077894.596141376,306.0130920410156,True
114780.0,278794.5215871458,3077875.0855087265,306.0130920410156,True
114810.0,278771.7326597114,3077855.574876077,305.68438720703125,True
114840.0,278748.9437322769,3077836.064243427,305.5,True
114870.0,278726.15480484243,3077816.5536107775,305.5,True
114900.0,278703.365877408,3077797.042978128,305.5,True
114930.0,278680.20410603884,3077777.9838977917,305.5,True
114960.0,278656.7337584508,3077759.2985349614,305.01092529296875,True
114990.0,278633.2634108627,3077740.6131721316,304.6038513183594,True
115020.0,278609.10805612575,3077722.885908763,304.6038513183594,True
115050.0,278583.83522504463,3077706.721626869,304.5,True
115080.0,278558.5623939635,3077690.557344975,304.5924377441406,True
115110.0,278531.66193151305,3077677.509258957,304.1048583984375,True
115140.0,278503.9565236843,3077666.0022881553,304.0,True
115170.0,278476.0521315703,3077655.0389059987,304.0,True
115200.0,278447.4653323227,3077645.9397352245,304.0,True
115230.0,278418.239838237,3077640.633167695,304.0,True
115260.0,278388.2496067673,3077639.8676506174,304.0,True
115290.0,278359.24447660736,3077645.2041767566,304.0,True
115320.0,278331.01865122456,3077655.367974347,304.0718994140625,True
115350.0,278302.9470222063,3077665.940414545,305.1799621582031,True
115380.0,278275.04283541284,3077676.9566007904,306.0975036621094,True
115410.0,278247.0214428991,3077687.6657476337,308.5166931152344,True
115440.0,278218.87446189596,3077698.045895051,308.5166931152344,True
115470.0,278190.4625366487,3077707.6301015043,304.7359313964844,True
115500.0,278161.70970119,3077716.1901513343,304.0096435546875,True
115530.0,278132.95686573134,3077724.750201164,304.0,True
115560.0,278103.60632195754,3077730.8205486024,304.0,True
115590.0,278074.1011093083,3077736.246636191,304.0,True
115620.0,278044.37359003176,3077732.5484271627,304.0,True
115650.0,278017.4725918313,3077720.257320076,303.9784240722656,True
115680.0,277992.6571267072,3077703.551635112,303.6090393066406,True
115710.0,277969.25110365875,3077684.785759565,303.5605163574219,True
115740.0,277949.4514552965,3077662.41899139,303.5605163574219,True
115770.0,277929.8096526537,3077639.8017180758,303.5,True
115800.0,277906.9899837601,3077620.61528581,303.5,True
115830.0,277881.4361154417,3077604.899058083,303.5400085449219,True
115860.0,277855.41615763056,3077589.9945220263,303.5,True
115890.0,277828.9617558436,3077575.8465671884,303.5,True
115920.0,277799.567996784,3077570.92904231,303.5,True
115950.0,277769.7499955111,3077567.6839364967,303.5,True
115980.0,277739.85887880705,3077565.1302837827,303.5,True
116010.0,277709.92502849526,3077566.6314260494,303.5,True
116040.0,277679.9867310664,3077568.5545347473,303.5,True
116070.0,277650.1300262632,3077571.3157573408,303.4458312988281,True
116100.0,277620.3829598657,3077575.203178175,303.0,True
116130.0,277590.63589346816,3077579.0905990093,303.0,True
116160.0,277560.77806124766,3077581.913312908,303.0,True
116190.0,277530.86782278947,3077584.2322858213,303.0,True
116220.0,277500.9575843313,3077586.5512587344,303.0,True
116250.0,277471.0517176296,3077588.921973713,303.0,True
116280.0,277441.17640918295,3077591.6543619027,303.0,True
116310.0,277411.3011007363,3077594.386750092,303.0,True
116340.0,277381.36544859316,3077595.783829804,303.0,True
116370.0,277351.36546036275,3077595.7572558816,303.0,True
116400.0,277321.465143988,3077593.7292716773,303.0,True
116430.0,277292.04046584305,3077588.8839088157,302.8839111328125,True
116460.0,277263.8389958132,3077578.652726667,302.52984619140625,True
116490.0,277235.6375257833,3077568.421544519,302.5,True
116520.0,277212.1245338709,3077549.8065209775,302.5,True
116550.0,277188.6430511377,3077531.1351533616,302.5,True
116580.0,277166.9026515448,3077510.5278311875,302.70037841796875,True
116610.0,277145.85395506135,3077489.15138676,302.5,True
116640.0,277130.18344942876,3077463.8205896816,302.6456604003906,True
116670.0,277116.05608918867,3077437.355184099,303.5088195800781,True
116700.0,277102.39402286394,3077410.663651117,303.6160888671875,True
116730.0,277090.3140635247,3077383.2032326506,304.89263916015625,True
116760.0,277078.70933270553,3077355.5450205,304.9516296386719,True
116790.0,277067.7386654836,3077327.622906313,304.0108947753906,True
116820.0,277062.9733196339,3077298.1595807457,302.5053405761719,True
116850.0,277059.6050245479,3077268.3492706465,301.32794189453125,True
116880.0,277061.8021435611,3077238.520710874,300.97900390625,True
116910.0,277065.4217068089,3077208.751835821,302.89385986328125,True
116940.0,277070.62844283535,3077179.207125636,303.2265319824219,True
116970.0,277075.3333963207,3077149.6120649218,302.4168701171875,True
117000.0,277076.10058994626,3077119.621876294,301.8293762207031,True
117030.0,277076.7517303006,3077089.6294197575,301.5367126464844,True
117060.0,277077.1568091118,3077059.632154696,301.9762878417969,True
117090.0,277076.5168347873,3077029.7778206556,305.3684997558594,True
117120.0,277068.0719020913,3077000.9909640756,308.03033447265625,True
117150.0,277046.50662182894,3076980.2173007093,302.938720703125,True
117180.0,277023.7005869755,3076960.7540381425,304.6453857421875,True
117210.0,276998.9771511383,3076943.9300210834,299.76251220703125,True
117240.0,276973.00565007766,3076928.9139918927,298.608154296875,True
117270.0,276945.16553845565,3076918.7023273986,300.0390319824219,True
117300.0,276915.87334864365,3076912.22408566,301.3551025390625,True
117330.0,276886.6017805663,3076905.662063851,302.52301025390625,True
117360.0,276857.6492525578,3076897.8038756433,300.9359436035156,True
117390.0,276828.7296041289,3076889.8471478727,299.2609558105469,True
117420.0,276800.8593672037,3076878.745351003,298.5,True
117450.0,276773.7811122599,3076866.3893297706,299.6702575683594,True
117480.0,276751.7768826253,3076845.997814913,307.8578186035156,True
117510.0,276729.77265299065,3076825.606300055,300.4253234863281,True
117540.0,276710.818339207,3076802.37557099,301.9703063964844,True
117570.0,276693.3229055368,3076778.044818151,312.1881408691406,True
117600.0,276676.8167441922,3076752.9939371753,312.24755859375,True
117630.0,276659.5522360892,3076728.50422924,312.24755859375,True
117660.0,276640.4208717451,3076705.395986158,310.6551208496094,True
117690.0,276618.8573822932,3076684.738345282,318.1036376953125,True
117720.0,276594.5145329061,3076667.3990577245,313.7025451660156,True
117750.0,276568.22890028404,3076652.9399596318,313.16693115234375,True
117780.0,276541.0679162483,3076640.8337951424,313.16693115234375,True
117810.0,276511.72336117824,3076634.5970421615,314.6831970214844,True
117840.0,276482.06121599337,3076630.668769929,314.13214111328125,True
117870.0,276452.1152610221,3076629.759294726,309.4820861816406,True
117900.0,276422.15178650175,3076631.2392253545,312.90643310546875,True
117930.0,276392.6971962455,3076636.90265498,325.9641418457031,True
117960.0,276364.18339741573,3076645.9771028114,313.1583251953125,True
117990.0,276339.2970732716,3076661.541153822,315.26190185546875,True
118020.0,276318.39988596475,3076683.0203753696,306.18572998046875,True
118050.0,276300.7612198709,3076707.1838378087,300.7387390136719,True
118080.0,276285.5529417998,3076733.025103074,298.0709533691406,True
118110.0,276271.84109242,3076759.708153623,297.9966125488281,True
118140.0,276262.7883349781,3076788.1046927315,299.39691162109375,True
118170.0,276255.7541026409,3076817.2670923243,299.6938781738281,True
118200.0,276248.35319893993,3076846.339873829,299.6938781738281,True
118230.0,276243.03875523526,3076875.860683524,301.2607727050781,True
118260.0,276237.51309132675,3076905.335928625,300.52081298828125,True
118290.0,276230.077907885,3076934.399962192,303.5583190917969,True
118320.0,276222.6427244433,3076963.463995759,305.45880126953125,True
118350.0,276213.8727170476,3076992.093652912,308.7374572753906,True
118380.0,276202.77934390027,3077019.9672438577,304.017822265625,True
118410.0,276188.91752455675,3077046.3781665023,308.5133361816406,True
118440.0,276172.1434001698,3077071.250415115,308.841796875,True
118470.0,276154.0678536655,3077095.172697472,318.48486328125,True
118500.0,276133.8923570312,3077117.090702678,314.3287658691406,True
118530.0,276109.88867493265,3077135.085792167,304.5809020996094,True
118560.0,276082.7073531618,3077147.6875259685,311.2753601074219,True
118590.0,276054.5962224345,3077157.9205252603,306.5446472167969,True
118620.0,276025.69517282327,3077165.9659793414,304.77044677734375,True
118650.0,275997.19087616564,3077175.2770440136,303.2865295410156,True
118680.0,275968.8910995376,3077185.2262524203,320.42572021484375,True
118710.0,275941.4175837858,3077197.2763948357,316.24932861328125,True
118740.0,275913.53135631816,3077208.271558958,334.84979248046875,True
118770.0,275885.1740875708,3077218.062642105,316.04827880859375,True
118800.0,275856.63874297735,3077227.292913588,303.7679443359375,True
118830.0,275827.82760962885,3077235.6546475696,296.26751708984375,True
118860.0,275798.9115455622,3077243.4088143036,302.2767333984375,True
118890.0,275768.9647638151,3077245.194945036,299.79693603515625,True
118920.0,275739.017982068,3077246.981075768,298.84027099609375,True
118950.0,275709.0788983274,3077248.8682209793,297.5858154296875,True
118980.0,275679.207280799,3077251.640668677,295.5,True
119010.0,275649.3356632706,3077254.4131163745,295.5,True
119040.0,275619.90310198185,3077259.6823991085,295.28875732421875,True
119070.0,275590.87762832636,3077267.2667170786,295.5412292480469,True
119100.0,275561.8930790786,3077274.965887957,295.2076416015625,True
119130.0,275534.6116656902,3077287.4448495936,295.08282470703125,True
119160.0,275507.9132399039,3077300.79793835,295.0186462402344,True
119190.0,275485.9089735163,3077321.189413548,295.0,True
119220.0,275463.9047071287,3077341.5808887454,295.00628662109375,True
119250.0,275445.785831104,3077365.467916564,295.01324462890625,True
119280.0,275427.82573157764,3077389.497790159,295.1647644042969,True
119310.0,275409.8317479211,3077413.502283863,295.1647644042969,True
119340.0,275391.82199310255,3077437.4949646504,295.10870361328125,True
119370.0,275373.812238284,3077461.487645438,294.5,True
119400.0,275354.8722776768,3077484.738305459,294.5,True
119430.0,275335.4824811263,3077507.6301334705,294.5,True
119460.0,275314.3777118417,3077528.6726506394,294.5,True
119490.0,275290.09129678307,3077546.2842957526,294.5,True
119520.0,275263.6585639195,3077558.5638628285,294.5,True
119550.0,275233.94358056004,3077562.6893644887,294.5,True
119580.0,275204.2896548881,3077559.846150847,294.5,True
119610.0,275174.933870534,3077554.3535128343,294.3342590332031,True
119640.0,275148.43551208224,3077540.288058723,294.0707702636719,True
119670.0,275137.7293658717,3077513.426272664,294.2169494628906,True
119700.0,275129.1419768783,3077484.7425773153,295.8151550292969,True
119730.0,275111.7021926594,3077460.332457971,295.4674072265625,True
119760.0,275094.26240844047,3077435.922338627,294.93603515625,True
119790.0,275072.77469632425,3077415.326886305,300.5649719238281,True
119820.0,275049.44137571135,3077396.4706897326,294.83685302734375,True
119850.0,275026.10805509845,3077377.61449316,294.8166198730469,True
119880.0,275002.77473448555,3077358.758296588,294.0,True
119910.0,274978.6730000256,3077340.9161917116,296.8206787109375,True
119940.0,274954.2078165261,3077323.5537380734,297.6531066894531,True
119970.0,274929.74263302656,3077306.1912844353,293.65777587890625,True
120000.0,274905.277449527,3077288.8288307977,293.52252197265625,True
120030.0,274879.3707339906,3077273.705342808,293.5,True
120060.0,274853.4391760759,3077258.620439622,293.5,True
120090.0,274827.1531147086,3077244.310780857,293.5,True
120120.0,274798.78072637966,3077234.5635976484,294.1895446777344,True
120150.0,274770.22991134174,3077225.423311573,293.5,True
120180.0,274741.09670788224,3077218.263950136,293.5,True
120210.0,274711.9635044228,3077211.1045886986,293.5,True
120240.0,274682.7564101871,3077204.381084086,293.8272705078125,True
120270.0,274652.89138709405,3077201.5384804113,293.38775634765625,True
120300.0,274623.02636400104,3077198.695876736,293.0,True
120330.0,274593.17256508296,3077198.539145035,293.0,True
120360.0,274563.3323429728,3077201.631255062,293.0,True
120390.0,274533.7646802189,3077205.985140769,293.0,True
120420.0,274505.3087690365,3077215.4857259495,293.0,True
120450.0,274476.8528578541,3077224.9863111307,293.0,True
120480.0,274448.5481733244,3077234.852817078,293.09619140625,True
120510.0,274421.6874760099,3077248.213316312,293.0,True
120540.0,274394.8267786954,3077261.573815546,292.93463134765625,True
120570.0,274368.1943848038,3077275.335166105,292.5,True
120600.0,274343.0004737997,3077291.62218082,292.5,True
120630.0,274317.80656279565,3077307.909195535,292.5,True
120660.0,274293.0810322708,3077324.7921228493,292.5,True
120690.0,274271.3027158147,3077345.424741014,292.5,True
120720.0,274249.5243993585,3077366.057359179,292.5,True
120750.0,274231.08330207627,3077389.252725512,292.57086181640625,True
120780.0,274216.77037987043,3077415.6182381734,292.5,True
120810.0,274205.5816625906,3077442.88706475,292.51727294921875,True
120840.0,274203.61603654915,3077472.8226007274,292.6615905761719,True
120870.0,274204.3314667738,3077502.6732856454,292.32049560546875,True
120900.0,274208.18608495744,3077532.424620383,292.0192565917969,True
120930.0,274212.040703141,3077562.1759551205,292.0,True
120960.0,274215.8844099817,3077591.9287007097,292.0,True
120990.0,274219.72382443416,3077621.682001311,292.0,True
121020.0,274223.56323888665,3077651.435301912,292.0404968261719,True
121050.0,274227.4026533391,3077681.188602513,292.5350341796875,True
121080.0,274229.60100660444,3077711.0990583245,292.5710754394531,True
121110.0,274231.4782002008,3077741.040269793,294.9492492675781,True
121140.0,274233.3553937972,3077770.9814812616,297.4171142578125,True
121170.0,274234.54103446926,3077800.8837542133,299.9558410644531,True
121200.0,274229.31462750677,3077830.4249909893,304.0770263671875,True
121230.0,274224.0882205443,3077859.9662277657,298.7444763183594,True
121260.0,274215.37203506735,3077888.5963910334,303.5846862792969,True
121290.0,274202.60082594416,3077914.8442656184,311.1995849609375,True
121320.0,274178.89457348664,3077933.2294116453,310.8436584472656,True
121350.0,274152.36176499823,3077945.4966026093,302.6568908691406,True
121380.0,274122.99879987375,3077951.645619078,295.74853515625,True
121410.0,274093.7210844254,3077958.188965173,292.33367919921875,True
121440.0,274064.443368977,3077964.7323112683,292.0,True
121470.0,274034.63761761645,3077967.4792835293,291.75927734375,True
121500.0,274004.6855339691,3077969.1741832844,291.5,True
121530.0,273974.7334503217,3077970.86908304,291.5,True
121560.0,273944.7766346155,3077972.4760490176,291.1733703613281,True
121590.0,273914.8156370519,3077974.0053053703,291.0,True
121620.0,273884.8546394883,3077975.5345617235,291.0730895996094,True
121650.0,273854.8936419246,3077977.063818076,290.86883544921875,True
121680.0,273824.932644361,3077978.5930744293,290.9910888671875,True
121710.0,273794.97305480903,3077980.1467692996,291.2261962890625,True
121740.0,273765.0346741895,3077982.0685824747,291.6414794921875,True
121770.0,273735.09629357,3077983.99039565,292.57733154296875,True
121800.0,273705.1807970374,3077986.103063144,293.26409912109375,True
121830.0,273675.63672171306,3077991.313400295,289.5,True
121860.0,273646.09264638874,3077996.5237374464,290.0664978027344,True
121890.0,273616.5737544813,3078001.865973316,290.9405822753906,True
121920.0,273587.1882922878,3078007.9070503456,290.65264892578125,True
121950.0,273557.8028300944,3078013.9481273754,290.3813781738281,True
121980.0,273528.58567735285,3078020.7229663865,288.6933288574219,True
122010.0,273499.5049998763,3078028.09278304,288.5,True
122040.0,273470.4243223998,3078035.4625996933,288.5,True
122070.0,273441.3436449233,3078042.832416347,288.1073913574219,True
122100.0,273412.26296744676,3078050.2022330007,287.98052978515625,True
122130.0,273383.2759634932,3078057.928460432,287.5124206542969,True
122160.0,273354.3296640699,3078065.8095612247,287.5,True
122190.0,273325.38336464664,3078073.6906620166,287.3938293457031,True
122220.0,273296.43706522335,3078081.571762809,287.0,True
122250.0,273267.49076580006,3078089.452863601,287.0,True
122280.0,273238.54446637677,3078097.3339643935,286.79913330078125,True
122310.0,273209.61227318074,3078105.2666282104,286.79913330078125,True
122340.0,273180.685221638,3078113.218086507,289.7612609863281,True
122370.0,273151.7581700953,3078121.169544804,289.04681396484375,True
122400.0,273122.8485695718,3078129.182890147,288.10894775390625,True
122430.0,273094.0288463525,3078137.5149699333,299.3578796386719,True
122460.0,273065.2091231332,3078145.8470497197,290.2775573730469,True
122490.0,273036.36754118203,3078154.103123943,286.474609375,True
122520.0,273007.5245998398,3078162.354471392,285.90130615234375,True
122550.0,272978.6816584976,3078170.6058188416,285.937744140625,True
122580.0,272949.98246650427,3078179.3363681613,289.4539794921875,True
122610.0,272921.3601677254,3078188.323248188,290.0314636230469,True
122640.0,272892.73786894657,3078197.310128215,295.8857421875,True
122670.0,272864.0016469734,3078205.908848581,289.80853271484375,True
122700.0,272835.0624578216,3078213.8160181907,287.492431640625,True
122730.0,272805.7427053705,3078220.0739242896,288.3574523925781,True
122760.0,272776.2647807671,3078225.646352941,289.882568359375,True
122790.0,272746.7413658456,3078230.9700530367,287.6451110839844,True
122820.0,272717.1993175333,3078236.191870873,289.4103698730469,True
122850.0,272687.58821689064,3078240.9877048875,292.9878234863281,True
122880.0,272657.8618777073,3078244.9880477563,295.31524658203125,True
122910.0,272628.02491132886,3078248.1101465765,294.87591552734375,True
122940.0,272598.25466907746,3078251.8159091556,293.6995544433594,True
122970.0,272568.4844268261,3078255.521671735,293.73394775390625,True
123000.0,272539.35930736834,3078262.5902185957,292.5340881347656,True
123030.0,272510.3311976966,3078270.164441255,293.044189453125,True
123060.0,272481.6564336424,3078278.9523649444,293.2633972167969,True
123090.0,272453.0989345857,3078288.143080239,293.71636962890625,True
123120.0,272424.51387371024,3078297.2465550574,293.88067626953125,True
123150.0,272395.8595309692,3078306.130734371,293.8419189453125,True
123180.0,272367.2560777709,3078315.1757947416,294.21270751953125,True
123210.0,272338.70507903607,3078324.3866834743,291.94219970703125,True
123240.0,272310.0253175006,3078333.1756791957,290.5611877441406,True
123270.0,272281.1967687531,3078341.4771716585,290.4384765625,True
123300.0,272251.71547154756,3078346.242211001,290.5923767089844,True
123330.0,272221.82294337003,3078348.779287893,294.4866027832031,True
123360.0,272191.8568780752,3078350.190968905,297.69659423828125,True
123390.0,272161.8790948161,3078351.114556392,300.08856201171875,True
123420.0,272131.87941911275,3078350.975065556,301.2804260253906,True
123450.0,272101.87974294595,3078350.835755431,302.4324951171875,True
123480.0,272071.87974638777,3078350.821385047,299.2269592285156,True
123510.0,272041.87974982953,3078350.8070146632,294.664794921875,True
123540.0,272011.97150011826,3078352.719337896,296.90496826171875,True
123570.0,271982.12004829996,3078355.658628769,301.0630798339844,True
123600.0,271952.7769478527,3078361.9022219772,301.5426330566406,True
123630.0,271923.6729115467,3078368.87315469,298.4908447265625,True
123660.0,271896.3475247372,3078381.2555307024,297.7215576171875,True
123690.0,271869.02213792765,3078393.637906715,296.6618957519531,True
123720.0,271842.9491133371,3078408.2305670567,297.1917419433594,True
123750.0,271818.2832815883,3078425.3067710884,291.4873352050781,True
123780.0,271793.71090055635,3078442.514746072,291.4263000488281,True
123810.0,271769.4381999695,3078460.1452879305,291.4263000488281,True
123840.0,271745.5118073122,3078478.186609846,290.34423828125,True
123870.0,271724.7179298024,3078499.7485219426,287.0850830078125,True
123900.0,271705.1169223189,3078522.354098796,284.2698669433594,True
123930.0,271682.89029679145,3078542.5029726517,285.277099609375,True
123960.0,271660.03307091445,3078561.9333948987,287.9640808105469,True
123990.0,271637.1717622606,3078581.359165582,284.7906494140625,True
124020.0,271614.30674811866,3078600.780571736,280.42767333984375,True
124050.0,271591.42915372126,3078620.1871601683,282.293701171875,True
124080.0,271568.5515593238,3078639.5937486007,277.44732666015625,True
124110.0,271545.67396492633,3078659.000337033,279.5815734863281,True
124140.0,271522.7963705289,3078678.4069254654,285.23870849609375,True
124170.0,271499.2266791927,3078696.9580810773,285.23870849609375,True
124200.0,271475.471625254,3078715.280128244,288.8338928222656,True
124230.0,271451.10894099117,3078732.651534998,289.60064697265625,True
124260.0,271424.49473636574,3078746.4960018336,284.33319091796875,True
124290.0,271397.6020103085,3078759.791914183,284.471923828125,True
124320.0,271371.1144283505,3078773.8743642904,283.3294677734375,True
124350.0,271346.4099508027,3078790.6188983703,283.8181457519531,True
124380.0,271323.38622833154,3078809.8518961496,287.0102233886719,True
124410.0,271300.8646227877,3078829.665560649,282.4961242675781,True
124440.0,271278.51000705245,3078849.6723383837,284.9765319824219,True
124470.0,271257.7337290753,3078871.281915509,285.0489501953125,True
124500.0,271237.3855419723,3078893.326218211,281.6560974121094,True
124530.0,271216.2984257546,3078914.6186117595,283.87152099609375,True
124560.0,271193.7028093672,3078934.305301206,283.2503662109375,True
124590.0,271167.86027591233,3078949.5422124625,284.0837097167969,True
124620.0,271140.93227624346,3078962.610621761,284.0837097167969,True
124650.0,271113.247575974,3078974.167324188,285.2110900878906,True
124680.0,271085.1876692988,3078984.638898372,281.80767822265625,True
124710.0,271056.2773906821,3078992.6511259214,280.6867370605469,True
124740.0,271027.3661062557,3079000.6596799986,280.86846923828125,True
124770.0,270998.4066733999,3079008.4923837893,277.5152282714844,True
124800.0,270969.4472405442,3079016.32508758,279.07598876953125,True
124830.0,270940.51742556633,3079024.261194367,280.9641418457031,True
124860.0,270911.80268906226,3079032.9481908274,282.9493103027344,True
124890.0,270883.0879525582,3079041.635187288,278.3614501953125,True
124920.0,270854.33126432076,3079050.1751636695,280.3444519042969,True
124950.0,270825.3561833629,3079057.949781569,283.1584167480469,True
124980.0,270796.381102405,3079065.7243994684,286.0970153808594,True
125010.0,270767.40602144715,3079073.499017368,284.09393310546875,True
125040.0,270738.4603275079,3079081.380527772,286.4806823730469,True
125070.0,270709.5830128994,3079089.510761533,289.6834411621094,True
125100.0,270680.5919702956,3079097.2094462295,286.5928955078125,True
125130.0,270651.4583440803,3079104.36708715,285.40069580078125,True
125160.0,270622.1585856605,3079110.785854716,284.5091857910156,True
125190.0,270592.7650978429,3079116.787760573,285.805419921875,True
125220.0,270563.59848551755,3079123.741064021,286.3331604003906,True
125250.0,270534.65961829724,3079131.6494117626,289.0956726074219,True
125280.0,270507.3903814468,3079144.110452002,291.4574279785156,True
125310.0,270480.2000438174,3079156.7866320102,291.4574279785156,True
125340.0,270454.54258393776,3079172.2795301294,315.3367919921875,True
125370.0,270428.83070301765,3079187.7244931674,308.8006896972656,True
125400.0,270402.93215137895,3079202.858641318,287.82830810546875,True
125430.0,270377.5173743839,3079218.7988141617,282.5665588378906,True
125460.0,270351.6211413672,3079233.926528302,280.8877258300781,True
125490.0,270325.43482176977,3079248.564720333,285.8504638671875,True
125520.0,270301.4024345554,3079266.4315951974,285.8504638671875,True
125550.0,270277.83034405817,3079284.9884416317,290.442626953125,True
125580.0,270255.7910079222,3079305.292894729,290.05291748046875,True
125610.0,270237.0580253826,3079328.320168506,292.2433166503906,True
125640.0,270223.8826567286,3079355.1682601385,281.7403259277344,True
125670.0,270214.6532715614,3079383.713285089,273.02117919921875,True
125700.0,270213.28217650176,3079413.558852657,271.401611328125,True
125730.0,270213.96541284403,3079443.5017343187,270.5946350097656,True
125760.0,270217.23130945023,3079473.3234364726,270.298828125,True
125790.0,270223.7488751455,3079502.477945799,270.720947265625,True
125820.0,270232.4903672521,3079531.1761393966,271.86785888671875,True
125850.0,270242.33407350595,3079559.4969198154,270.258056640625,True
125880.0,270253.48193394474,3079587.3353980766,271.1766052246094,True
125910.0,270265.994504329,3079614.601413231,271.29913330078125,True
125940.0,270274.4490009813,3079643.1901321597,275.9009704589844,True
125970.0,270274.9797255292,3079672.708143117,277.5381164550781,True
126000.0,270264.2879064637,3079700.3145014695,274.6338806152344,True
126030.0,270250.32560076815,3079726.859406254,274.6338806152344,True
126060.0,270237.6525494957,3079754.0512022856,283.0975341796875,True
126090.0,270225.4965783525,3079781.4608024443,281.32855224609375,True
126120.0,270214.89472729526,3079809.525027966,278.9188537597656,True
126150.0,270203.561478331,3079837.296808229,283.72381591796875,True
126180.0,270191.89146323747,3079864.933934485,280.5890197753906,True
126210.0,270180.1792775162,3079892.553169929,281.1524353027344,True
126240.0,270168.4160649753,3079920.1507573365,285.60833740234375,True
126270.0,270156.6528524344,3079947.748344744,283.8291931152344,True
126300.0,270141.13837399153,3079973.368552532,288.81634521484375,True
126330.0,270123.27872553037,3079997.4042120213,288.9816589355469,True
126360.0,270104.17056230205,3080020.5316437427,291.8832092285156,True
126390.0,270085.37409209704,3080043.907599706,292.9804382324219,True
126420.0,270067.082457396,3080067.686079472,287.3223876953125,True
126450.0,270048.790822695,3080091.4645592375,289.53302001953125,True
126480.0,270030.26109906455,3080115.001917302,289.53302001953125,True
126510.0,270006.2530093869,3080132.9911260125,286.98590087890625,True
126540.0,269981.13379927474,3080149.2878756872,284.42828369140625,True
126570.0,269955.0817716605,3080164.1637574155,289.50372314453125,True
126600.0,269930.57450287446,3080181.3422258156,287.67926025390625,True
126630.0,269907.1702524241,3080200.1030666633,295.00775146484375,True
126660.0,269884.9665325124,3080220.134387815,288.71856689453125,True
126690.0,269866.7628992907,3080243.9803043944,279.75634765625,True
126720.0,269848.0670456184,3080267.4262946565,278.28271484375,True
126750.0,269828.4526476601,3080290.1259729085,278.28271484375,True
126780.0,269806.17707676755,3080310.106904071,278.83349609375,True
126810.0,269783.05286685936,3080329.2186615253,279.7125549316406,True
126840.0,269759.4681423861,3080347.759448227,279.7125549316406,True
126870.0,269733.84898680233,3080363.051304917,277.58026123046875,True
126900.0,269707.60554641654,3080377.268562118,272.64801025390625,True
126930.0,269685.2238901085,3080397.2450848613,277.3161315917969,True
126960.0,269666.3870744114,3080420.439305539,278.4281311035156,True
126990.0,269650.3558365063,3080445.6273065535,278.4281311035156,True
127020.0,269639.24347357114,3080473.4028866338,277.9267883300781,True
127050.0,269636.1275600058,3080503.0143283326,267.5393981933594,True
127080.0,269636.70115113095,3080532.9953724006,267.5567932128906,True
127110.0,269639.3333955737,3080562.8796707727,276.2598571777344,True
127140.0,269642.00993377925,3080592.7600337537,279.4080505371094,True
127170.0,269644.7588598317,3080622.631700204,281.4479675292969,True
127200.0,269649.2642841564,3080652.291456637,284.32891845703125,True
127230.0,269653.79171134625,3080681.947822408,288.01239013671875,True
127260.0,269658.4244555989,3080711.5879587214,290.28314208984375,True
127290.0,269664.2717001681,3080740.970673148,290.87908935546875,True
127320.0,269672.27661755343,3080769.874659608,291.0323791503906,True
127350.0,269682.32350930455,3080798.142308363,288.16705322265625,True
127380.0,269692.37040105567,3080826.4099571183,289.18359375,True
127410.0,269702.4172928068,3080854.6776058734,290.1289367675781,True
127440.0,269714.28763945604,3080882.212076062,290.547607421875,True
127470.0,269726.6054406503,3080909.5666327886,290.63470458984375,True
127500.0,269738.9232418446,3080936.921189516,289.401611328125,True
127530.0,269751.645717455,3080964.081986485,289.4728088378906,True
127560.0,269765.23204794206,3080990.8291662224,290.17962646484375,True
127590.0,269779.91646638256,3081016.983119091,288.20123291015625,True
127620.0,269794.8395789071,3081043.008120774,295.1922912597656,True
127650.0,269809.81701113255,3081069.000314246,291.23577880859375,True
127680.0,269825.9059570244,3081094.321171658,294.8398742675781,True
127710.0,269837.0874659661,3081122.129553719,291.754638671875,True
127740.0,269847.0281489403,3081150.368989761,288.7604675292969,True
127770.0,269853.46058588155,3081179.6712721805,286.67352294921875,True
127800.0,269858.92875865323,3081209.162818567,285.10589599609375,True
127830.0,269863.5167176868,3081238.8031667448,285.322021484375,True
127860.0,269867.3701841811,3081268.5546506736,287.85638427734375,True
127890.0,269871.22365067544,3081298.3061346025,292.439453125,True
127920.0,269874.9690903297,3081328.069753844,291.2767028808594,True
127950.0,269877.812697994,3081357.9346813583,289.6571044921875,True
127980.0,269880.65630565834,3081387.7996088727,291.7759094238281,True
128010.0,269883.23747266224,3081417.6862603007,290.6221008300781,True
128040.0,269885.3431482668,3081447.612271232,286.62982177734375,True
128070.0,269887.4488238713,3081477.538282163,280.8070373535156,True
128100.0,269890.5639270158,3081507.3600979527,276.61444091796875,True
128130.0,269898.10192353977,3081536.238522846,273.9490051269531,True
128160.0,269908.1359072572,3081564.510756057,272.8200378417969,True
128190.0,269918.16989097465,3081592.7829892687,280.7002868652344,True
128220.0,269928.20387469203,3081621.05522248,278.128173828125,True
128250.0,269938.23785840947,3081649.3274556915,273.5877380371094,True
128280.0,269948.27184212685,3081677.599688903,276.4760437011719,True
128310.0,269955.74685005884,3081706.326131767,276.4760437011719,True
128340.0,269954.9778336452,3081736.2759304415,273.7890930175781,True
128370.0,269949.37127406057,3081765.590093501,272.3431091308594,True
128400.0,269938.81930686417,3081793.638482924,271.46258544921875,True
128430.0,269923.56573571824,3081819.3543012594,269.0107727050781,True
128460.0,269906.75509876164,3081844.1931505064,267.66802978515625,True
128490.0,269889.7785817072,3081868.8908413583,268.26995849609375,True
128520.0,269875.27424032544,3081895.0653458782,271.9113464355469,True
128550.0,269863.7231099508,3081922.7523714867,271.33392333984375,True
128580.0,269852.17197957606,3081950.4393970957,269.8183898925781,True
128610.0,269840.62084920134,3081978.1264227047,271.8209533691406,True
128640.0,269829.0697188267,3082005.8134483136,271.8209533691406,True
128670.0,269817.51858845196,3082033.5004739226,275.150390625,True
128700.0,269805.96745807724,3082061.1874995315,274.4737854003906,True
128730.0,269794.4163277026,3082088.87452514,272.3194580078125,True
128760.0,269782.86519732786,3082116.561550749,268.5244140625,True
128790.0,269772.61667988874,3082144.74717769,268.99676513671875,True
128820.0,269762.7286162415,3082173.0707755773,271.5511169433594,True
128850.0,269752.8405525943,3082201.3943734653,268.3315734863281,True
128880.0,269742.952488947,3082229.717971353,269.8831481933594,True
128910.0,269733.06442529976,3082258.041569241,273.55877685546875,True
128940.0,269725.41276416386,3082287.0311036534,271.3445739746094,True
128970.0,269718.1960546453,3082316.1501541827,272.4239807128906,True
129000.0,269710.9793451268,3082345.269204712,274.59161376953125,True
129030.0,269703.7626356082,3082374.388255241,275.64471435546875,True
129060.0,269696.54592608963,3082403.50730577,268.2330017089844,True
129090.0,269690.2334202064,3082432.8352775685,270.2699890136719,True
129120.0,269683.944368634,3082462.1686686156,272.0138244628906,True
129150.0,269677.65531706164,3082491.5020596627,272.6802062988281,True
129180.0,269671.3662654893,3082520.83545071,276.4950256347656,True
129210.0,269665.0772139169,3082550.168841757,277.5590515136719,True
129240.0,269658.37027393363,3082579.3764812443,277.56048583984375,True
129270.0,269647.4267186215,3082607.309232579,275.8977966308594,True
129300.0,269636.48316330934,3082635.2419839143,272.66217041015625,True
129330.0,269625.53960799717,3082663.174735249,272.2971496582031,True
129360.0,269614.596052685,3082691.1074865838,276.0506286621094,True
129390.0,269602.08942643064,3082718.350917421,272.4665832519531,True
129420.0,269588.8437918025,3082745.2684426284,274.5758972167969,True
129450.0,269575.5981571743,3082772.185967836,269.3164367675781,True
129480.0,269560.18782636436,3082797.561115088,274.2057189941406,True
129510.0,269539.07114505186,3082818.8704034463,269.6428527832031,True
129540.0,269517.9544637394,3082840.179691805,264.5395202636719,True
129570.0,269496.562269074,3082861.18718011,266.9591979980469,True
129600.0,269473.4221312854,3082880.2799542174,265.61102294921875,True
129630.0,269450.28199349676,3082899.372728325,263.2586364746094,True
129660.0,269427.65258551604,3082919.0638129776,263.2708740234375,True
129690.0,269404.9702470947,3082938.685267964,270.638671875,True
129720.0,269381.22246556845,3082957.016740152,264.8426208496094,True
129750.0,269355.34048335813,3082971.7230237555,267.1651306152344,True
129780.0,269327.7884324731,3082983.592501083,262.74346923828125,True
129810.0,269300.23638158804,3082995.461978411,260.5827331542969,True
129840.0,269272.68433070305,3083007.3314557383,258.62542724609375,True
129870.0,269244.6325460574,3083017.852197727,260.86639404296875,True
129900.0,269215.9982841516,3083026.800887302,264.73004150390625,True
129930.0,269187.36402224575,3083035.749576877,259.0700988769531,True
129960.0,269158.72976033995,3083044.698266452,259.0700988769531,True
129990.0,269129.8800260016,3083052.5976135265,261.0340881347656,True
130020.0,269100.0364102326,3083055.6567960694,263.88446044921875,True
130050.0,269070.19279446354,3083058.715978612,261.6322937011719,True
130080.0,269040.3491786945,3083061.775161155,263.0227966308594,True
130110.0,269010.5055629255,3083064.834343698,264.42333984375,True
130140.0,268980.5312224653,3083065.0827108203,263.9241943359375,True
130170.0,268950.53249255125,3083064.8066609222,262.9754943847656,True
130200.0,268920.54949845496,3083064.8506546156,263.0750427246094,True
130230.0,268890.7225405975,3083068.068197929,266.1770324707031,True
130260.0,268860.8955827401,3083071.2857412416,273.2267150878906,True
130290.0,268831.06862488267,3083074.5032845545,280.1466979980469,True
130320.0,268801.20983528096,3083077.3111600312,282.7146911621094,True
130350.0,268771.2438623149,3083078.739608209,280.994384765625,True
130380.0,268741.2778893488,3083080.1680563865,279.2276916503906,True
130410.0,268711.31191638275,3083081.5965045644,277.9625549316406,True
130440.0,268681.34594341664,3083083.024952742,276.68524169921875,True
130470.0,268651.9511735789,3083088.7498480803,275.05010986328125,True
130500.0,268622.6528851049,3083095.200452121,274.2393798828125,True
130530.0,268593.35459663084,3083101.651056162,272.0,True
130560.0,268564.05630815675,3083108.1016602027,271.6864929199219,True
130590.0,268534.7580196827,3083114.5522642434,271.0,True
130620.0,268506.1478552083,3083123.4300064906,272.6116027832031,True
130650.0,268477.8235765842,3083133.316120005,270.8233947753906,True
130680.0,268449.4992979601,3083143.20223352,269.7190856933594,True
130710.0,268420.92945780733,3083152.1961656287,270.2710266113281,True
130740.0,268391.5355946329,3083158.1962329354,268.885986328125,True
130770.0,268362.3735968943,3083164.933513287,268.12371826171875,True
130800.0,268335.73768430203,3083178.3962747776,267.6033630371094,True
130830.0,268313.4653960916,3083198.3790929075,266.996826171875,True
130860.0,268295.1732491741,3083222.061575395,265.98822021484375,True
130890.0,268287.3511600852,3083251.00984241,263.0126953125,True
130920.0,268282.5707846656,3083280.5729516586,260.8619384765625,True
130950.0,268279.71957994945,3083310.434531966,259.9951171875,True
130980.0,268283.0883553124,3083340.07597808,258.30645751953125,True
131010.0,268294.73908873723,3083367.5418566433,253.24359130859375,True
131040.0,268309.1873676543,3083393.8334377357,258.7847595214844,True
131070.0,268324.9093386903,3083419.3280039188,260.9965515136719,True
131100.0,268342.23742625874,3083443.8175400766,260.9965515136719,True
131130.0,268361.335806142,3083466.8252999303,263.8164367675781,True
131160.0,268382.3922420212,3083488.1941208635,265.15728759765625,True
131190.0,268403.4486779004,3083509.5629417966,263.1949157714844,True
131220.0,268424.50511377957,3083530.9317627293,266.3597412109375,True
131250.0,268445.56154965877,3083552.3005836625,269.2445373535156,True
131280.0,268464.9077181742,3083575.216652129,265.14617919921875,True
131310.0,268484.067531861,3083598.301312392,264.79608154296875,True
131340.0,268503.2273455478,3083621.385972656,272.9493408203125,True
131370.0,268522.38715923467,3083644.4706329196,266.491943359375,True
131400.0,268541.54697292147,3083667.555293183,275.14776611328125,True
131430.0,268560.70678660827,3083690.6399534466,283.88336181640625,True
131460.0,268578.94222960656,3083714.2476288956,283.88336181640625,True
131490.0,268588.4281126757,3083742.671324458,281.3109130859375,True
131520.0,268590.1865089991,3083772.3223838643,287.8457946777344,True
131550.0,268582.7306246842,3083801.2902971646,275.2846984863281,True
131580.0,268571.22205051983,3083828.3199941977,267.3496398925781,True
131610.0,268550.40095558454,3083849.120321051,263.1673583984375,True
131640.0,268522.62749010377,3083860.462041167,265.2024230957031,True
131670.0,268493.42707148317,3083867.273684379,262.61407470703125,True
131700.0,268464.167376062,3083873.8971444922,263.2530212402344,True
131730.0,268434.9076806409,3083880.520604605,265.1506652832031,True
131760.0,268409.6520228422,3083896.4561817977,265.1506652832031,True
131790.0,268384.71627113107,3083913.1357587287,265.649169921875,True
131820.0,268359.78051941993,3083929.81533566,263.8050842285156,True
131850.0,268334.3902010459,3083945.7928441153,263.3385925292969,True
131880.0,268308.96677035687,3083961.719211309,260.88885498046875,True
131910.0,268281.6076132747,3083973.8551719673,262.97003173828125,True
131940.0,268252.9698806368,3083982.203966072,263.54718017578125,True
131970.0,268223.09464406787,3083984.358897314,263.5820617675781,True
132000.0,268193.15542509436,3083982.7218682053,263.7871398925781,True
132030.0,268163.3925179875,3083979.056247619,263.268310546875,True
132060.0,268133.6839941644,3083974.884483933,258.9610290527344,True
132090.0,268103.9754703413,3083970.712720247,258.5,True
132120.0,268074.5925344099,3083964.738398368,258.5,True
132150.0,268045.30183940264,3083958.2534013754,258.5,True
132180.0,268016.0111443954,3083951.768404383,261.5267028808594,True
132210.0,267986.7204493881,3083945.2834073906,258.1661071777344,True
132240.0,267957.42975438084,3083938.7984103984,258.0,True
132270.0,267928.1390593736,3083932.313413406,258.0,True
132300.0,267900.1756808993,3083939.3994221087,258.0,True
132330.0,267872.696573419,3083951.436807709,258.0,True
132360.0,267845.21746593865,3083963.474193309,258.1063537597656,True
132390.0,267815.69610767136,3083962.4658530895,258.458740234375,True
132420.0,267785.852969809,3083959.40201195,258.5552978515625,True
132450.0,267756.0098319467,3083956.33817081,257.8067321777344,True
132480.0,267727.937732374,3083945.8547729263,257.7400817871094,True
132510.0,267699.92819959443,3083935.1092588175,257.85052490234375,True
132540.0,267671.91866681486,3083924.3637447082,257.5,True
132570.0,267643.9091340353,3083913.618230599,257.5,True
132600.0,267615.8996012557,3083902.8727164897,257.5,True
132630.0,267587.3063416388,3083897.6096339077,257.4259338378906,True
132660.0,267557.6621924434,3083902.2166305957,257.0,True
132690.0,267528.018043248,3083906.8236272833,257.0,True
132720.0,267498.3738940526,3083911.430623971,257.0,True
132750.0,267468.7297448572,3083916.037620659,257.0,True
132780.0,267439.27018694556,3083921.641093223,257.0,True
132810.0,267409.94282938953,3083927.958220638,256.795166015625,True
132840.0,267380.6154718335,3083934.2753480533,256.5,True
132870.0,267351.2881142775,3083940.5924754688,256.5,True
132900.0,267321.9640609545,3083946.9248056905,256.5,True
132930.0,267292.6603573644,3083953.350765222,256.12860107421875,True
132960.0,267263.3566537742,3083959.776724754,256.0,True
132990.0,267234.0529501841,3083966.202684285,256.0,True
133020.0,267206.318570458,3083977.3596650506,256.0,True
133050.0,267178.9837619381,3083989.7212281874,255.9675750732422,True
133080.0,267153.09804963996,3084004.8391643493,255.55404663085938,True
133110.0,267127.6799411512,3084020.7040488627,255.5,True
133140.0,267105.25241748436,3084040.6290628444,257.0947570800781,True
133170.0,267085.37928779586,3084062.7120031873,259.5958557128906,True
133200.0,267069.4816933526,3084088.153435752,255.913818359375,True
133230.0,267059.3501360466,3084115.8544731527,255.0,True
133260.0,267053.76082696,3084145.328905838,255.0,True
133290.0,267048.70943562605,3084174.900572101,254.76588439941406,True
133320.0,267043.6580442922,3084204.4722383646,254.5,True
133350.0,267038.60665295826,3084234.043904628,254.5,True
133380.0,267033.55526162434,3084263.615570891,254.5,True
133410.0,267030.20414117025,3084293.410374018,254.5,True
133440.0,267027.45415723225,3084323.2840679362,254.5,True
133470.0,267024.70417329425,3084353.157761855,254.5,True
133500.0,267021.95418935624,3084383.0314557734,254.5,True
133530.0,267019.20420541824,3084412.905149692,254.5,True
133560.0,267016.45422148023,3084442.7788436105,254.5,True
133590.0,267013.70423754223,3084472.6525375294,254.5,True
133620.0,267010.9542536043,3084502.5262314477,254.5,True
133650.0,267008.2042696663,3084532.3999253665,254.5,True
133680.0,267005.4542857283,3084562.273619285,254.5,True
133710.0,267002.7043017903,3084592.1473132037,254.5,True
133740.0,266999.9543178523,3084622.021007122,254.5,True
133770.0,266997.20433391427,3084651.894701041,254.5,True
133800.0,266994.45434997627,3084681.768394959,254.5,True
133830.0,266991.72653527797,3084711.64406415,254.5,True
133860.0,266989.15165683604,3084741.5333599094,254.5,True
133890.0,266986.5767783941,3084771.422655669,254.5,True
133920.0,266984.0018999522,3084801.3119514287,254.5,True
133950.0,266981.42702151026,3084831.2012471883,254.5,True
133980.0,266978.85214306833,3084861.090542948,254.5,True
134010.0,266976.2772646264,3084890.979838708,254.5,True
134040.0,266973.7023861845,3084920.8691344676,254.5,True
134070.0,266970.30309738754,3084950.5998337776,254.5,True
134100.0,266959.1559646349,3084977.8034462896,254.5,True
134130.0,266935.6284532357,3084995.840787769,254.5,True
134160.0,266907.0267603792,3085004.4103564206,254.52964782714844,True
134190.0,266877.7803663775,3085011.092305081,254.5,True
134220.0,266848.5339723758,3085017.7742537414,254.20921325683594,True
134250.0,266819.28757837415,3085024.4562024013,254.20921325683594,True
134280.0,266790.7852605583,3085033.68647693,254.0,True
134310.0,266762.5384332265,3085043.7917599883,254.0,True
134340.0,266734.4057103687,3085054.2010600404,254.0,True
134370.0,266706.4854892946,3085065.17654432,254.0,True
134400.0,266678.5652682205,3085076.1520285998,254.0,True
134430.0,266650.64504714636,3085087.127512879,254.0,True
134460.0,266622.7248260723,3085098.102997159,254.0,True
134490.0,266594.82758611866,3085109.127336778,254.0,True
134520.0,266569.93742171745,3085125.6850102833,254.0,True
134550.0,266550.5169564297,3085148.5299026747,254.0,True
134580.0,266531.2116230745,3085171.4930057763,254.0,True
134610.0,266511.9062897192,3085194.4561088774,254.0,True
134640.0,266492.60095636395,3085217.4192119786,254.0,True
134670.0,266473.2956230087,3085240.38231508,254.0,True
134700.0,266453.9902896534,3085263.3454181813,254.0,True
134730.0,266434.6849562982,3085286.308521283,254.0,True
134760.0,266415.37962294294,3085309.271624384,254.0,True
134790.0,266396.0742895877,3085332.2347274856,254.0,True
134820.0,266380.9070142482,3085358.104732074,254.0,True
134850.0,266367.83037207223,3085385.055408033,254.0,True
134880.0,266358.01290174865,3085413.3384925704,254.0,True
134910.0,266356.81091193255,3085442.9980267687,254.0,True
134940.0,266362.51163786056,3085472.432856623,254.02455139160156,True
134970.0,266369.9337521948,3085501.489987248,254.6009521484375,True
135000.0,266383.5714658522,3085528.165745582,253.00437927246094,True
135030.0,266399.61163220246,3085553.5174404792,252.6904296875,True
135060.0,266415.69404277497,3085578.8424492683,252.50006103515625,True
135090.0,266428.2087764225,3085605.8003884037,252.50006103515625,True
135120.0,266432.71497504687,3085635.2818181254,253.5108184814453,True
135150.0,266430.99529097375,3085665.1514638774,253.37277221679688,True
135180.0,266427.29965521063,3085694.9229649534,251.89903259277344,True
135210.0,266423.6040194475,3085724.6944660293,251.5234375,True
135240.0,266419.9083836844,3085754.465967105,251.1448516845703,True
135270.0,266418.4369646588,3085784.4192435695,250.99359130859375,True
135300.0,266419.05316407775,3085814.3703655386,250.5,True
135330.0,266419.99298004946,3085844.3019586364,250.76812744140625,True
135360.0,266417.9828340848,3085874.234538098,253.7777862548828,True
135390.0,266415.97268812003,3085904.167117559,255.63699340820312,True
135420.0,266411.3091576203,3085933.675417633,258.73980712890625,True
135450.0,266396.2225125221,3085959.1722968393,252.13365173339844,True
135480.0,266374.36164242594,3085979.699974889,254.66065979003906,True
135510.0,266352.1388009917,3085999.853022266,254.39447021484375,True
135540.0,266329.0047581049,3086018.8739791526,249.5,True
135570.0,266304.5680347233,3086036.2764660544,249.5,True
135600.0,266280.13131134165,3086053.6789529566,249.5,True
135630.0,266255.69458796,3086071.0814398583,249.33543395996094,True
135660.0,266231.2578645784,3086088.48392676,249.9080047607422,True
135690.0,266206.82114119676,3086105.8864136618,249.0,True
135720.0,266182.38441781513,3086123.288900564,249.6586151123047,True
135750.0,266157.9476944335,3086140.6913874657,249.0,True
135780.0,266133.5109710519,3086158.0938743674,251.20950317382812,True
135810.0,266109.07424767024,3086175.4963612696,248.66099548339844,True
135840.0,266082.80558497447,3086189.7897417704,248.5042266845703,True
135870.0,266055.6844980201,3086202.5991494074,248.5,True
135900.0,266027.57748641586,3086213.0870423643,248.4777069091797,True
135930.0,265999.1566703225,3086222.568596175,248.2751007080078,True
135960.0,265970.070130245,3086229.9152407367,248.0,True
135990.0,265940.9835901674,3086237.2618852984,248.0,True
136020.0,265911.89705008984,3086244.60852986,248.0,True
136050.0,265882.81051001226,3086251.955174422,248.0,True
136080.0,265853.72396993474,3086259.3018189836,247.66038513183594,True
136110.0,265824.63742985716,3086266.6484635454,247.5,True
136140.0,265794.978181321,3086271.152876599,247.5,True
136170.0,265765.31625946227,3086275.644022516,247.5,True
136200.0,265735.64865874615,3086280.0967740505,247.4746551513672,True
136230.0,265705.9566611948,3086284.3845801805,247.00669860839844,True
136260.0,265676.0469977192,3086285.593139497,247.0,True
136290.0,265646.26266457234,3086283.15904689,247.0,True
136320.0,265616.7445470924,3086277.8036066242,247.0,True
136350.0,265589.0015746391,3086266.614649741,247.0,True
136380.0,265561.8208817838,3086254.0363649423,246.97039794921875,True
136410.0,265536.79371224355,3086237.494273635,246.74693298339844,True
136440.0,265514.461288861,3086217.483645719,246.5,True
136470.0,265495.79424845043,3086194.2701856494,246.5,True
136500.0,265479.1805274966,3086169.2905083885,246.48257446289062,True
136530.0,265464.50737729936,3086143.1259788773,246.0,True
136560.0,265449.87779261754,3086116.9348496147,246.0,True
136590.0,265435.2482079357,3086090.7437203526,246.36627197265625,True
136620.0,265420.2313097377,3086064.778787947,246.44822692871094,True
136650.0,265404.60785771196,3086039.168092001,246.3081817626953,True
136680.0,265386.7223706747,3086015.115798669,246.03152465820312,True
136710.0,265365.9344805821,3085993.6419770503,245.57733154296875,True
136740.0,265342.12201753794,3085975.3946045334,245.53369140625,True
136770.0,265318.3095544938,3085957.1472320165,245.5,True
136800.0,265294.5645581021,3085938.8131995033,245.5,True
136830.0,265271.03434032114,3085920.2032867908,245.5,True
136860.0,265247.5041225401,3085901.5933740777,245.12879943847656,True
136890.0,265223.9739047591,3085882.983461365,245.0,True
136920.0,265200.44368697813,3085864.373548652,245.0,True
136950.0,265177.33622233063,3085845.2966575488,245.0,True
136980.0,265156.4846079699,3085823.727926048,245.0,True
137010.0,265139.02460873727,3085799.4451811877,244.72232055664062,True
137040.0,265122.5526250901,3085774.371813749,244.5,True
137070.0,265108.91160298267,3085747.681312706,244.55665588378906,True
137100.0,265099.81400109257,3085719.375873707,244.5,True
137130.0,265094.5673646061,3085689.843947823,244.55172729492188,True
137160.0,265090.8180656842,3085660.0946259713,244.47213745117188,True
137190.0,265089.1639810015,3085630.156184762,244.28334045410156,True
137220.0,265089.2659484941,3085600.1563580516,244.30294799804688,True
137250.0,265089.3679159867,3085570.1565313414,244.30206298828125,True
137280.0,265089.46988347924,3085540.1567046316,244.27090454101562,True
137310.0,265089.57185097184,3085510.1568779214,243.5,True
137340.0,265089.02461805684,3085480.1964969235,243.5968780517578,True
137370.0,265081.9920274503,3085451.292462214,245.66651916503906,True
137400.0,265068.4663176798,3085424.6571467444,243.5,True
137430.0,265046.3767037541,3085404.5807470297,243.5,True
137460.0,265019.1939322247,3085392.33500717,245.4427947998047,True
137490.0,264989.99998212367,3085385.4275273476,243.5,True
137520.0,264960.68184352375,3085379.072487229,243.4417266845703,True
137550.0,264931.3403811152,3085372.821200663,243.00045776367188,True
137580.0,264901.99891870667,3085366.5699140974,243.0,True
137610.0,264872.6574562981,3085360.3186275316,243.0,True
137640.0,264843.3159938896,3085354.0673409663,243.0,True
137670.0,264813.974531481,3085347.8160544005,243.01651000976562,True
137700.0,264784.63306907244,3085341.5647678347,243.0,True
137730.0,264755.2916066639,3085335.313481269,243.00157165527344,True
137760.0,264725.95014425536,3085329.062194703,243.0,True
137790.0,264696.60868184676,3085322.8109081374,242.6995391845703,True
137820.0,264667.2672194382,3085316.5596215716,242.5,True
137850.0,264637.9257570297,3085310.308335006,242.5,True
137880.0,264608.58429462113,3085304.05704844,242.5,True
137910.0,264579.24283221253,3085297.805761874,242.5,True
137940.0,264549.901369804,3085291.5544753084,242.5,True
137970.0,264520.55990739545,3085285.3031887426,242.5,True
138000.0,264491.2184449869,3085279.051902177,242.5,True
138030.0,264461.69280327414,3085273.7505893554,242.63401794433594,True
138060.0,264431.9867480461,3085269.5753411413,242.35806274414062,True
138090.0,264402.03772362147,3085270.8198568956,242.0,True
138120.0,264372.11719054764,3085272.971898935,242.18258666992188,True
138150.0,264342.6315407394,3085278.3121124627,242.0,True
138180.0,264314.0866338778,3085287.529334533,242.0,True
138210.0,264287.24030227074,3085300.7635460906,242.0,True
138240.0,264260.7707736931,3085314.883179828,242.0,True
138270.0,264234.3012451155,3085329.0028135655,243.38607788085938,True
138300.0,264211.21261906205,3085347.796394134,242.0,True
138330.0,264190.74105954205,3085369.674568861,241.7254638671875,True
138360.0,264171.2441858603,3085392.4752687765,242.1051788330078,True
138390.0,264152.16569729656,3085415.5569723123,241.5,True
138420.0,264138.4341691871,3085442.229901206,241.53221130371094,True
138450.0,264124.70264107763,3085468.9028301,241.5,True
138480.0,264115.7321784252,3085497.3706590994,242.59425354003906,True
138510.0,264108.43769160064,3085526.4703233927,241.77696228027344,True
138540.0,264101.14320477605,3085555.569987686,241.5,True
138570.0,264093.84871795145,3085584.6696519786,241.4636993408203,True
138600.0,264085.28682794893,3085613.418995975,241.0,True
138630.0,264076.60086883715,3085642.134046285,241.0,True
138660.0,264063.0879266483,3085668.819759325,241.0,True
138690.0,264048.6466435942,3085695.1151837134,241.0,True
138720.0,264034.04841122765,3085721.323546926,241.0,True
138750.0,264015.42214286345,3085744.7430346333,241.0,True
138780.0,263992.1158126066,3085763.4605644415,244.0172119140625,True
138810.0,263965.5761989609,3085777.409135434,241.0,True
138840.0,263937.5370142598,3085787.955501319,241.6448211669922,True
138870.0,263908.33253108955,3085794.761007711,240.5,True
138900.0,263878.6924666685,3085799.2610377865,240.5,True
138930.0,263848.89238356426,3085802.7186449044,240.5,True
138960.0,263819.09230046,3085806.176252022,240.5,True
138990.0,263789.29221735575,3085809.6338591394,240.5,True
139020.0,263759.4921342515,3085813.0914662573,240.5,True
139050.0,263729.67186249717,3085816.3441846366,240.5,True
139080.0,263699.7700418105,3085818.7692866186,240.5,True
139110.0,263669.84591990494,3085820.744464062,240.33743286132812,True
139140.0,263639.8776467538,3085820.533074811,240.0,True
139170.0,263610.17715641187,3085817.7012264924,240.41940307617188,True
139200.0,263580.9130805194,3085811.1004287265,240.0,True
139230.0,263552.18465843267,3085802.6560006067,240.0,True
139260.0,263523.1470410877,3085796.205730075,240.3235626220703,True
139290.0,263493.23081164283,3085794.455792872,240.69699096679688,True
139320.0,263463.2493431694,3085795.1829342567,240.99896240234375,True
139350.0,263433.32824346964,3085797.3572830684,241.0540008544922,True
139380.0,263403.8139593447,3085802.715320557,240.80979919433594,True
139410.0,263374.83890450903,3085810.352136462,239.63900756835938,True
139440.0,263346.08105352265,3085818.8953212686,241.23048400878906,True
139470.0,263318.00681864563,3085829.450662944,240.33790588378906,True
139500.0,263289.99647799676,3085840.1940710032,239.5,True
139530.0,263263.6628527176,3085854.493243981,239.90481567382812,True
139560.0,263237.5542201264,3085869.2695528646,239.5,True
139590.0,263211.4455875352,3085884.045861748,239.5,True
139620.0,263185.6953382071,3085899.432921052,239.5,True
139650.0,263160.35371929285,3085915.4329521023,239.04373168945312,True
139680.0,263137.05929023516,3085934.3371731886,239.02401733398438,True
139710.0,263115.93732901633,3085955.5648217127,239.0,True
139740.0,263096.55808467354,3085978.4216094613,239.0,True
139770.0,263078.1892931273,3086002.1405364424,239.0,True
139800.0,263059.82050158107,3086025.8594634235,239.41184997558594,True
139830.0,263041.45171003486,3086049.5783904046,239.0,True
139860.0,263023.0829184886,3086073.2973173857,239.2921600341797,True
139890.0,263004.11777149735,3086096.535085822,238.75259399414062,True
139920.0,262984.8181456292,3086119.5029860605,238.72325134277344,True
139950.0,262965.26804021903,3086142.231993264,238.5,True
139980.0,262943.2392491106,3086162.596972083,238.5,True
140010.0,262921.21045800205,3086182.9619509024,243.34996032714844,True
140040.0,262896.2165499883,3086199.2017996437,238.5,True
140070.0,262869.8746834373,3086213.554210571,238.5,True
140100.0,262842.34109809867,3086225.4664596617,238.5,True
140130.0,262814.22962955356,3086235.55488313,238.5,True
140160.0,262784.86001466255,3086241.6725396384,238.91152954101562,True
140190.0,262755.2230354788,3086242.45610217,238.6574249267578,True
140220.0,262726.10040396266,3086236.628739558,238.0,True
140250.0,262698.6387989648,3086224.551477826,238.0,True
140280.0,262672.22655348625,3086210.5603108206,238.57562255859375,True
140310.0,262650.23181848694,3086190.368831303,238.0,True
140340.0,262633.05701005604,3086165.7715559388,238.0,True
140370.0,262615.1786039861,3086141.688916452,238.0,True
140400.0,262590.5582891979,3086125.5655602003,238.0,True
140430.0,262562.17522899836,3086115.873937365,238.22698974609375,True
140460.0,262533.39846857346,3086107.431492328,237.58961486816406,True
140490.0,262505.0078125347,3086097.7376463586,237.59144592285156,True
140520.0,262477.89692493423,3086085.303517263,237.5,True
140550.0,262452.2400308319,3086069.7560484973,237.69784545898438,True
140580.0,262427.2810735234,3086053.113228746,237.5,True
140610.0,262402.67447769194,3086035.9810326444,237.5,True
140640.0,262379.138622753,3086017.3782497267,237.5,True
140670.0,262356.0284103662,3085998.2965334184,237.5,True
140700.0,262334.79078837857,3085977.1077766754,237.3385772705078,True
140730.0,262313.5531663909,3085955.919019933,238.3657989501953,True
140760.0,262292.34801994765,3085934.6982001164,240.14791870117188,True
140790.0,262271.43244521844,3085913.191486426,238.15284729003906,True
140820.0,262250.5168704892,3085891.684772736,237.0,True
140850.0,262228.8045352545,3085871.041910923,239.6002655029297,True
140880.0,262205.24706954416,3085852.525557233,237.0,True
140910.0,262179.79275524087,3085836.6700824215,237.0,True
140940.0,262153.19182893354,3085822.7995842476,242.8766632080078,True
140970.0,262126.5909026262,3085808.929086074,236.8035125732422,True
141000.0,262100.14653894654,3085794.7636443786,241.9638214111328,True
141030.0,262073.54243708414,3085780.8996981727,236.5,True
141060.0,262046.92501662837,3085767.0608785595,244.0546417236328,True
141090.0,262020.3075961726,3085753.2220589463,237.17654418945312,True
141120.0,261993.69017571685,3085739.3832393335,237.04331970214844,True
141150.0,261967.0727552611,3085725.5444197203,238.30845642089844,True
141180.0,261940.45533480533,3085711.7056001076,241.61380004882812,True
141210.0,261913.83791434957,3085697.8667804943,246.94656372070312,True
141240.0,261887.50283564357,3085683.5001510615,238.24331665039062,True
141270.0,261861.21786472946,3085669.039850095,255.86517333984375,True
141300.0,261834.9340527952,3085654.577443307,249.82553100585938,True
141330.0,261809.01724318284,3085639.478286454,249.82553100585938,True
141360.0,261784.27443063704,3085622.595758774,254.57705688476562,True
141390.0,261762.8368022586,3085601.6215334977,258.658935546875,True
141420.0,261741.49188380895,3085580.540868034,265.5496826171875,True
141450.0,261720.55006396185,3085559.0788168213,257.9571838378906,True
141480.0,261700.68233119554,3085536.6005340856,256.9049987792969,True
141510.0,261680.81459842922,3085514.1222513504,253.18893432617188,True
141540.0,261660.80672000386,3085491.777195463,253.18893432617188,True
141570.0,261639.3622407823,3085470.797817233,252.11082458496094,True
141600.0,261617.9177615607,3085449.818439003,253.671875,True
141630.0,261594.88690771564,3085430.89776037,252.2957305908203,True
141660.0,261569.1346791717,3085415.5087147523,253.32801818847656,True
141690.0,261543.38245062772,3085400.1196691347,253.9887237548828,True
141720.0,261518.46579486004,3085383.4279947174,259.31451416015625,True
141750.0,261495.5741022566,3085364.3408316188,251.3200225830078,True
141780.0,261480.63251883327,3085338.8802472516,251.3200225830078,True
141810.0,261470.50985595744,3085310.64208462,238.29563903808594,True
141840.0,261460.52813621613,3085282.3513569697,239.8968963623047,True
141870.0,261447.34950581923,3085255.4746069233,236.92095947265625,True
141900.0,261433.52457872068,3085228.8577325842,242.1486053466797,True
141930.0,261423.40511198115,3085200.8265815685,247.72332763671875,True
141960.0,261417.20301521855,3085171.4845568053,236.8050079345703,True
141990.0,261413.636871459,3085141.6982232616,235.87359619140625,True
142020.0,261410.68541882254,3085111.8446504707,236.66107177734375,True
142050.0,261407.4274268349,3085082.0220837095,239.42715454101562,True
142080.0,261404.83235017722,3085052.137379096,242.0989532470703,True
142110.0,261405.33260507585,3085022.2702320064,244.7139129638672,True
142140.0,261413.18082472004,3084993.374446503,249.38803100585938,True
142170.0,261423.75949206666,3084965.3220160245,253.65542602539062,True
142200.0,261435.23684172373,3084937.604324114,258.54351806640625,True
142230.0,261446.71419138077,3084909.8866322036,264.2424621582031,True
142260.0,261457.0879799969,3084881.7627690705,264.63446044921875,True
142290.0,261466.31829693442,3084853.2180454032,270.6751403808594,True
142320.0,261475.40847464945,3084824.6355861533,273.4711608886719,True
142350.0,261481.52668870534,3084795.272229491,275.6624450683594,True
142380.0,261485.8049799691,3084765.5981142903,274.3421936035156,True
142410.0,261486.0751699272,3084735.615827535,270.7596130371094,True
142440.0,261484.92943651185,3084705.637713936,261.9319763183594,True
142470.0,261483.78370309647,3084675.6596003375,249.43792724609375,True
142500.0,261480.59074297667,3084645.8342959587,238.94236755371094,True
142530.0,261473.79192551487,3084616.632336539,241.91851806640625,True
142560.0,261462.40983344684,3084588.87539182,241.91851806640625,True
142590.0,261449.1434218109,3084561.997602225,235.00778198242188,True
142620.0,261433.2605699738,3084536.6820714492,235.76809692382812,True
142650.0,261414.4022360926,3084513.4039698006,235.8046875,True
142680.0,261391.93917303093,3084493.5663016443,233.5,True
142710.0,261367.79673461846,3084475.773035516,236.4820098876953,True
142740.0,261343.1774444786,3084458.6297991527,235.72703552246094,True
142770.0,261318.55815433874,3084441.4865627894,233.32089233398438,True
142800.0,261293.9388641989,3084424.343326426,234.76771545410156,True
142830.0,261269.31957405902,3084407.200090063,234.76771545410156,True
142860.0,261246.30446588364,3084387.9602780202,235.06361389160156,True
142890.0,261223.3203013824,3084368.6800243347,238.68153381347656,True
142920.0,261200.44469516238,3084349.272191402,233.83448791503906,True
142950.0,261177.7341271033,3084329.6704032584,234.1521759033203,True
142980.0,261155.64304997967,3084309.388502331,246.78726196289062,True
143010.0,261134.0122463769,3084288.6012866567,234.49110412597656,True
143040.0,261113.00504043416,3084267.2277483027,233.5401153564453,True
143070.0,261093.58877752646,3084244.3583640805,240.76438903808594,True
143100.0,261073.61474999163,3084222.0041361745,237.48597717285156,True
143130.0,261052.18483299678,3084201.0268211416,232.5613555908203,True
143160.0,261028.37367831025,3084182.8818652984,232.5,True
143190.0,261002.25140891838,3084168.1435990026,232.5,True
143220.0,260974.481638261,3084156.792835256,236.00901794433594,True
143250.0,260946.7118676036,3084145.442071509,233.9355010986328,True
143280.0,260918.9420969462,3084134.0913077625,236.66607666015625,True
143310.0,260891.17232628883,3084122.7405440155,234.30075073242188,True
143340.0,260863.45938823308,3084111.2556991302,232.0,True
143370.0,260835.99139093686,3084099.19298283,235.14404296875,True
143400.0,260808.52339364064,3084087.13026653,232.0,True
143430.0,260781.05539634443,3084075.06755023,233.04925537109375,True
143460.0,260753.42970181626,3084063.3728407677,232.0,True
143490.0,260725.75012333348,3084051.803876466,234.05772399902344,True
143520.0,260698.07054485072,3084040.234912164,231.9002685546875,True
143550.0,260670.39096636797,3084028.6659478624,231.9002685546875,True
143580.0,260642.68160140282,3084017.1704413635,231.56967163085938,True
143610.0,260614.76164244858,3084006.1942903083,231.75123596191406,True
143640.0,260586.84168349433,3083995.2181392526,231.5619354248047,True
143670.0,260558.9217245401,3083984.241988197,231.62184143066406,True
143700.0,260531.00176558585,3083973.265837142,231.5,True
143730.0,260503.0818066316,3083962.289686086,232.08218383789062,True
143760.0,260474.63835694725,3083952.7728573084,231.2954559326172,True
143790.0,260446.10776130055,3083943.498963194,231.0,True
143820.0,260417.57716565387,3083934.2250690795,231.0,True
143850.0,260389.04657000717,3083924.951174965,231.0,True
143880.0,260360.2614518835,3083916.648853826,230.7847442626953,True
143910.0,260330.8484552602,3083910.743294611,230.5,True
143940.0,260301.43545863687,3083904.837735397,230.5,True
143970.0,260271.9124274898,3083899.5968590225,230.5,True
144000.0,260242.16544261196,3083895.7088144394,231.12059020996094,True
144030.0,260212.41845773414,3083891.8207698567,230.10345458984375,True
144060.0,260182.623518512,3083888.4682708946,230.0,True
144090.0,260152.6590029447,3083887.009570508,230.0,True
144120.0,260122.69448737742,3083885.5508701215,230.0,True
144150.0,260092.69893919263,3083885.712148901,229.97430419921875,True
144180.0,260062.7005413138,3083886.022188741,229.50633239746094,True
144210.0,260032.71412894293,3083886.631159692,229.5,True
144240.0,260002.78720357036,3083888.723798635,229.5,True
144270.0,259972.86027819783,3083890.816437578,229.3578643798828,True
144300.0,259942.93335282526,3083892.909076521,229.0,True
144330.0,259912.99082047,3083894.6238877582,229.0,True
144360.0,259882.99326117802,3083895.006558012,229.0,True
144390.0,259853.0569856344,3083893.081827565,229.0,True
144420.0,259823.33049557166,3083889.368097873,228.7140655517578,True
144450.0,259793.82638654846,3083883.968203374,228.5,True
144480.0,259764.60055491416,3083877.196884058,229.86610412597656,True
144510.0,259735.37472327985,3083870.4255647417,230.61932373046875,True
144540.0,259706.53690589807,3083862.1990941833,228.07957458496094,True
144570.0,259677.82006419354,3083853.519059704,228.0,True
144600.0,259648.99970283845,3083845.2078539585,228.0,True
144630.0,259619.96234452314,3083837.6691656066,228.0,True
144660.0,259591.11267169187,3083829.4882296785,228.0,True
144690.0,259562.58523412552,3083820.2046255344,228.28793334960938,True
144720.0,259536.717877704,3083805.681166273,229.39634704589844,True
144750.0,259517.37772494258,3083783.071539379,234.375244140625,True
144780.0,259506.88149358614,3083754.968774055,231.65509033203125,True
144810.0,259499.15712025625,3083726.188593827,229.69432067871094,True
144840.0,259495.541218144,3083696.4073035275,231.63223266601562,True
144870.0,259491.92531603176,3083666.6260132277,231.34812927246094,True
144900.0,259488.01870471222,3083636.8815310933,230.0434112548828,True
144930.0,259484.09797361714,3083607.1388367354,228.03443908691406,True
144960.0,259478.46856809495,3083577.673325771,226.5355224609375,True
144990.0,259472.7858693565,3083548.2164601022,226.57765197753906,True
145020.0,259467.13920543058,3083518.7526737093,233.00460815429688,True
145050.0,259461.50533196225,3083489.2864308245,233.3720245361328,True
145080.0,259455.69031510473,3083459.8554991134,236.61436462402344,True
145110.0,259449.84425178872,3083430.4306194414,242.61744689941406,True
145140.0,259443.9981884727,3083401.0057397694,244.6192626953125,True
145170.0,259438.08163141483,3083371.595174755,233.7040557861328,True
145200.0,259431.98771713633,3083342.2206243966,231.48306274414062,True
145230.0,259426.5366683299,3083312.7394783124,228.78860473632812,True
145260.0,259422.82373021691,3083282.9701301404,226.56007385253906,True
145290.0,259419.11079210392,3083253.200781969,226.32855224609375,True
145320.0,259418.18217526696,3083223.318558649,228.5345916748047,True
145350.0,259419.47321725945,3083193.346351347,230.83885192871094,True
145380.0,259421.5104537647,3083163.4594852715,230.5706329345703,True
145410.0,259427.01999228058,3083133.9697415405,229.955322265625,True
145440.0,259432.52953079646,3083104.479997809,233.48226928710938,True
145470.0,259440.0581772373,3083075.47798428,238.32131958007812,True
145500.0,259448.61760219737,3083046.7249627975,242.55007934570312,True
145530.0,259458.0174828072,3083018.249893596,243.96559143066406,True
145560.0,259468.28898163786,3082990.063082642,246.04258728027344,True
145590.0,259478.56048046853,3082961.8762716874,247.36944580078125,True
145620.0,259488.87987342424,3082933.707012933,257.8017272949219,True
145650.0,259499.25430858822,3082905.557926003,265.70550537109375,True
145680.0,259509.6287437522,3082877.408839072,265.70550537109375,True
145710.0,259519.00315048924,3082848.911119032,267.7881774902344,True
145740.0,259528.22816097544,3082820.371408205,266.7265625,True
145770.0,259535.0638190055,3082791.1605578354,268.8902587890625,True
145800.0,259540.69727970083,3082761.7496284465,268.02734375,True
145830.0,259543.69102892553,3082731.899377768,267.5625915527344,True
145860.0,259545.88300412023,3082701.9862349294,267.5570373535156,True
145890.0,259547.58021467418,3082672.034282133,268.11279296875,True
145920.0,259549.40075125324,3082642.0901253684,268.9620666503906,True
145950.0,259550.5175108027,3082612.132059368,269.8507995605469,True
145980.0,259549.91950163952,3082582.1533138785,270.8339538574219,True
146010.0,259547.0981055291,3082552.286279811,272.2524719238281,True
146040.0,259544.27670941866,3082522.4192457437,273.98309326171875,True
146070.0,259540.2856659228,3082492.6923466837,275.4917907714844,True
146100.0,259535.97176995574,3082463.004128455,276.70623779296875,True
146130.0,259531.65787398868,3082433.3159102267,276.8109130859375,True
146160.0,259525.8942192458,3082403.9211047944,278.8494567871094,True
146190.0,259518.32444025113,3082374.891836013,278.14971923828125,True
146220.0,259510.7546612565,3082345.862567232,278.499755859375,True
146250.0,259503.18488226185,3082316.833298451,280.8233337402344,True
146280.0,259494.0520069948,3082288.27057779,285.5487976074219,True
146310.0,259484.47176323045,3082259.841386289,285.10552978515625,True
146340.0,259474.9379919033,3082231.3984876517,284.8398742675781,True
146370.0,259467.55646380558,3082202.3207806763,290.530029296875,True
146400.0,259460.17493570782,3082173.243073701,287.40753173828125,True
146430.0,259452.7934076101,3082144.1653667255,283.606201171875,True
146460.0,259445.21218315128,3082115.1412802245,280.4989318847656,True
146490.0,259437.03571321457,3082086.2770230994,282.5713195800781,True
146520.0,259428.85924327784,3082057.4127659746,281.6552734375,True
146550.0,259422.1584354931,3082028.2148332484,280.7927551269531,True
146580.0,259417.1208851034,3081998.640806027,279.9866638183594,True
146610.0,259412.39088038492,3081969.0180392643,279.26611328125,True
146640.0,259408.03752015592,3081939.3355822447,283.577392578125,True
146670.0,259403.68415992692,3081909.653125225,281.185302734375,True
146700.0,259399.32848241914,3081879.9710092973,279.3383483886719,True
146730.0,259394.9442891983,3081850.2930907416,277.87060546875,True
146760.0,259390.56009597742,3081820.615172186,275.117919921875,True
146790.0,259386.17590275654,3081790.9372536303,266.63299560546875,True
146820.0,259380.72553498897,3081761.437808575,258.41168212890625,True
146850.0,259374.76448755385,3081732.04154116,258.0534362792969,True
146880.0,259368.0962883192,3081702.792009216,246.89309692382812,True
146910.0,259360.9574242155,3081673.6615080554,238.5372772216797,True
146940.0,259352.91889846718,3081644.7585306345,230.0841827392578,True
146970.0,259342.92776063495,3081616.512926207,220.59637451171875,True
147000.0,259329.57170574905,3081589.7035537544,220.59637451171875,True
147030.0,259315.01072867675,3081563.4849568484,231.8148651123047,True
147060.0,259298.06604676569,3081538.728588881,228.14553833007812,True
147090.0,259281.12136485465,3081513.972220914,227.27093505859375,True
147120.0,259262.7103105482,3081490.323330882,226.95840454101562,True
147150.0,259243.53363038306,3081467.252679876,226.83013916015625,True
147180.0,259220.16472612374,3081448.597833049,226.80702209472656,True
147210.0,259195.91987436457,3081430.942166826,226.91616821289062,True
147240.0,259170.93952354294,3081414.329458654,226.91616821289062,True
147270.0,259145.75167097905,3081398.058318943,226.419189453125,True
147300.0,259119.49582503538,3081383.545202331,226.14608764648438,True
147330.0,259093.23997909174,3081369.0320857195,226.0,True
147360.0,259067.35564548743,3081353.903865493,226.0,True
147390.0,259042.29022480515,3081337.4197917846,226.0,True
147420.0,259017.2248041229,3081320.9357180763,225.8572998046875,True
147450.0,258992.15938344062,3081304.451644368,225.72821044921875,True
147480.0,258967.09396275834,3081287.9675706597,225.5,True
147510.0,258942.12145811538,3081271.343589496,227.04083251953125,True
147540.0,258917.20581522593,3081254.6339892787,227.89605712890625,True
147570.0,258892.2901723365,3081237.924389062,225.73585510253906,True
147600.0,258867.37452944706,3081221.2147888453,226.2488555908203,True
147630.0,258842.83365497302,3081203.964952377,226.2488555908203,True
147660.0,258818.45629760693,3081186.4794026907,225.80807495117188,True
147690.0,258794.07894024084,3081168.9938530037,225.0,True
147720.0,258769.70041044187,3081151.509943662,224.86463928222656,True
147750.0,258745.26449742418,3081134.106318896,224.67276000976562,True
147780.0,258720.82858440652,3081116.70269413,224.67276000976562,True
147810.0,258696.39267138884,3081099.299069364,224.4817657470703,True
147840.0,258670.69929012586,3081083.895615383,224.29217529296875,True
147870.0,258644.42384961297,3081069.41800419,224.0,True
147900.0,258616.91073891698,3081057.599236083,224.0,True
147930.0,258588.91623716135,3081046.8146233666,224.0,True
147960.0,258560.82557483224,3081036.2833561837,224.0,True
147990.0,258532.7256128823,3081025.776589868,223.77197265625,True
148020.0,258504.05157308813,3081016.9584698286,223.5,True
148050.0,258475.37027842068,3081008.161689952,223.5,True
148080.0,258445.76545413377,3081003.427888121,223.5,True
148110.0,258416.09969321638,3080998.962171024,223.5,True
148140.0,258386.3469610909,3080995.201436151,223.1379852294922,True
148170.0,258356.48532545712,3080992.3234651163,223.0,True
148200.0,258326.620637584,3080989.500839654,223.0,True
148230.0,258296.62362212446,3080989.077680678,223.0,True
148260.0,258266.62660666488,3080988.654521702,222.96302795410156,True
148290.0,258237.07412216664,3080992.8499131524,222.5,True
148320.0,258207.70849206424,3080998.986668703,222.5,True
148350.0,258179.05625419758,3081007.829528255,222.5,True
148380.0,258150.48172326278,3081016.9671527743,222.5,True
148410.0,258121.90719232798,3081026.1047772937,222.41934204101562,True
148440.0,258094.3332911853,3081037.8951219157,222.1615753173828,True
148470.0,258066.84251454176,3081049.905833782,222.0,True
148500.0,258039.35173789822,3081061.916545648,222.0,True
148530.0,258012.15558895055,3081074.56697695,222.0,True
148560.0,257985.15904957682,3081087.650816671,222.0,True
148590.0,257959.01145473652,3081102.2621454783,221.6466064453125,True
148620.0,257933.64565032054,3081118.2801343137,221.5,True
148650.0,257908.27984590456,3081134.298123149,221.5,True
148680.0,257881.974244996,3081148.6298437472,221.5,True
148710.0,257854.11174688625,3081159.5866048075,221.4978485107422,True
148740.0,257825.66816320407,3081169.124033565,221.00384521484375,True
148770.0,257797.11577306845,3081178.328818614,221.0,True
148800.0,257768.53411421637,3081187.4441231764,221.0,True
148830.0,257739.95245536426,3081196.5594277387,221.21351623535156,True
148860.0,257711.08421857643,3081204.69565595,220.81781005859375,True
148890.0,257682.09848452723,3081212.430461806,220.5,True
148920.0,257652.88309449554,3081219.1830149475,220.5,True
148950.0,257623.36424911293,3081223.465822627,220.5,True
148980.0,257594.16523903207,3081217.7908519953,220.43919372558594,True
149010.0,257568.0510912544,3081203.0311718755,220.11573791503906,True
149040.0,257540.52487816536,3081191.101897255,220.0,True
149070.0,257512.45397214108,3081180.5646599834,220.0,True
149100.0,257482.9447539896,3081176.048675375,220.0,True
149130.0,257452.96807385606,3081174.866030809,220.0,True
149160.0,257422.98706096414,3081173.8049113136,220.0,True
149190.0,257393.0022707783,3081172.8497372395,220.0,True
149220.0,257363.01748059245,3081171.8945631655,220.0,True
149250.0,257333.02907281517,3081171.0656412477,220.0,True
149280.0,257303.03878569655,3081170.3023074134,220.0,True
149310.0,257273.04849857793,3081169.538973579,220.0,True
149340.0,257243.05821145928,3081168.775639745,220.0,True
149370.0,257213.06792434066,3081168.0123059107,220.0,True
149400.0,257183.1158280321,3081166.514073768,223.51573181152344,True
149430.0,257153.20796590086,3081164.16465198,222.95809936523438,True
149460.0,257123.3001037696,3081161.815230192,222.3319091796875,True
149490.0,257093.31135208235,3081161.560349181,220.62208557128906,True
149520.0,257063.31137347524,3081161.596176175,220.0,True
149550.0,257033.31139486816,3081161.6320031686,220.0,True
149580.0,257003.494037626,3081164.2767755594,219.55726623535156,True
149610.0,256973.78161869847,3081168.4207062386,219.5,True
149640.0,256944.25472511016,3081173.5411320087,219.5,True
149670.0,256915.09284870367,3081180.58279122,219.5,True
149700.0,256885.93097229715,3081187.6244504317,219.5,True
149730.0,256856.87818344616,3081195.1030809986,220.21304321289062,True
149760.0,256827.82837654406,3081202.5936563406,219.5,True
149790.0,256798.74127101756,3081209.9375807163,219.5,True
149820.0,256769.64265411266,3081217.2362445816,219.5,True
149850.0,256740.5440372078,3081224.5349084474,219.5,True
149880.0,256711.0997403226,3081229.949867387,219.92381286621094,True
149910.0,256681.3056390799,3081233.458646539,219.5,True
149940.0,256651.43521783082,3081236.17763119,219.5,True
149970.0,256621.52054445594,3081238.4386745053,219.5,True
150000.0,256591.52961444392,3081238.7417216487,219.5,True
150030.0,256561.52970182121,3081238.8141276566,219.5,True
150060.0,256531.52981356927,3081238.814512233,219.5,True
150090.0,256501.52995681853,3081238.721803364,219.5,True
150120.0,256471.5301000678,3081238.629094495,219.5,True
150150.0,256441.53110017662,3081238.497367661,219.5,True
150180.0,256411.5560956015,3081237.272989974,219.5,True
150210.0,256381.5914772413,3081235.956350644,219.5,True
150240.0,256352.0944838861,3081230.48575808,219.5,True
150270.0,256322.59749053087,3081225.015165516,219.5,True
150300.0,256293.19222970752,3081219.099963112,219.5,True
150330.0,256263.93875635654,3081212.449076186,219.5,True
150360.0,256234.68528300556,3081205.7981892596,219.5,True
150390.0,256205.41141186203,3081199.237704884,219.5,True
150420.0,256176.13632229625,3081192.6826205277,220.66156005859375,True
150450.0,256146.9103933565,3081185.9204798527,220.69200134277344,True
150480.0,256117.81312815222,3081178.616429084,220.47793579101562,True
150510.0,256088.71586294795,3081171.3123783153,219.57398986816406,True
150540.0,256060.0153114612,3081162.6646726467,221.03143310546875,True
150570.0,256031.34242046904,3081153.8405397064,219.7091522216797,True
150600.0,256003.01355954024,3081144.1210870882,219.0,True
150630.0,255975.80953842873,3081131.474299537,219.6466827392578,True
150660.0,255948.57122072502,3081118.901770322,219.0,True
150690.0,255921.30441300684,3081106.390927151,219.76060485839844,True
150720.0,255895.1096384172,3081091.9452471016,219.0,True
150750.0,255870.0445784885,3081075.46062485,219.628662109375,True
150780.0,255848.1567826018,3081055.210369669,219.28250122070312,True
150810.0,255828.1132573032,3081032.973404638,219.0,True
150840.0,255813.95777627896,3081006.5230292724,219.0,True
150870.0,255799.80229525475,3080980.072653907,219.0,True
150900.0,255790.2643011046,3080951.6819795026,219.0,True
150930.0,255781.27782126702,3080923.0595550747,219.0,True
150960.0,255774.00394758437,3080894.054969418,219.0,True
150990.0,255769.96986737434,3080864.327436778,219.0,True
151020.0,255765.93578716432,3080834.599904138,219.0,True
151050.0,255762.27823686978,3080804.834122128,219.0,True
151080.0,255760.25192203914,3080774.9026328865,221.9849853515625,True
151110.0,255758.2256072085,3080744.971143645,226.7521209716797,True
151140.0,255756.1992923779,3080715.0396544035,228.56204223632812,True
151170.0,255754.12401541296,3080685.1115274657,225.63308715820312,True
151200.0,255752.03972249097,3080655.1840196676,221.97605895996094,True
151230.0,255750.84356467542,3080625.2200968536,221.54461669921875,True
151260.0,255750.4708250885,3080595.222412523,223.01564025878906,True
151290.0,255750.89767387928,3080565.2524067196,225.31407165527344,True
151320.0,255753.34383358344,3080535.352301324,227.52195739746094,True
151350.0,255755.7846699247,3080505.451777276,231.05331420898438,True
151380.0,255758.04260888285,3080475.5368694263,233.786865234375,True
151410.0,255760.300547841,3080445.621961577,239.8285369873047,True
151440.0,255763.69189722373,3080415.8226819914,247.03529357910156,True
151470.0,255767.52132089663,3080386.068093869,248.57569885253906,True
151500.0,255771.35074456956,3080356.3135057464,245.30259704589844,True
151530.0,255775.18016824246,3080326.5589176244,243.6243133544922,True
151560.0,255778.16154874605,3080296.7087625717,242.66220092773438,True
151590.0,255781.05022726583,3080266.8481608294,234.2878875732422,True
151620.0,255783.1982369489,3080236.9685025634,234.2878875732422,True
151650.0,255781.848919031,3080206.9988622395,235.73240661621094,True
151680.0,255780.49960111312,3080177.029221915,235.56634521484375,True
151710.0,255779.15028319525,3080147.0595815913,235.31834411621094,True
151740.0,255777.47804280528,3080117.111095337,236.8603057861328,True
151770.0,255774.90609306266,3080087.2215474225,235.06295776367188,True
151800.0,255772.0302232268,3080057.361174092,231.7819061279297,True
151830.0,255768.86915176135,3080027.52817848,228.5518341064453,True
151860.0,255765.7080802959,3079997.695182868,227.42665100097656,True
151890.0,255762.54700883047,3079967.8621872556,228.59304809570312,True
151920.0,255757.80871943515,3079938.309148641,229.24346923828125,True
151950.0,255750.509427225,3079909.2106893477,234.72042846679688,True
151980.0,255743.21013501484,3079880.1122300546,235.6483612060547,True
152010.0,255735.73067036708,3079851.067421637,238.4663543701172,True
152040.0,255725.92280172269,3079822.7159540798,242.04417419433594,True
152070.0,255716.1149330783,3079794.364486522,234.84669494628906,True
152100.0,255706.30706443387,3079766.013018965,235.7592315673828,True
152130.0,255696.49919578948,3079737.6615514075,237.3534698486328,True
152160.0,255685.24209020016,3079709.862291338,234.03097534179688,True
152190.0,255673.69654163855,3079682.1729376363,232.88577270507812,True
152220.0,255662.15099307697,3079654.4835839346,231.82601928710938,True
152250.0,255650.54377697737,3079626.8207271993,230.65435791015625,True
152280.0,255638.40418220818,3079599.3866199814,228.35629272460938,True
152310.0,255626.264587439,3079571.9525127634,228.52993774414062,True
152340.0,255613.7405904748,3079544.696040939,230.40206909179688,True
152370.0,255600.71445145516,3079517.671613059,230.40206909179688,True
152400.0,255586.56926352784,3079491.262079219,227.72068786621094,True
152430.0,255570.74232215164,3079465.77663383,227.86387634277344,True
152460.0,255554.91538077543,3079440.2911884408,226.99945068359375,True
152490.0,255537.56016824444,3079415.8526299763,222.04835510253906,True
152520.0,255519.51311642086,3079391.8879910163,216.9052276611328,True
152550.0,255497.00926916223,3079372.610413847,216.7605438232422,True
152580.0,255472.16663766548,3079355.7924573626,215.74197387695312,True
152610.0,255445.8394196252,3079341.7113487623,223.4318084716797,True
152640.0,255418.1952053282,3079330.058133931,221.95716857910156,True
152670.0,255389.87685735445,3079320.3952412186,221.95716857910156,True
152700.0,255360.84104482966,3079312.850601332,224.88352966308594,True
152730.0,255331.80523230488,3079305.3059614445,217.5743408203125,True
152760.0,255302.54140920434,3079298.732888436,216.0,True
152790.0,255273.18065915405,3079292.5728270337,216.0,True
152820.0,255243.76890119404,3079286.666288846,216.0,True
152850.0,255214.31038789073,3079280.9921374596,215.71832275390625,True
152880.0,255184.85765691628,3079275.2888425286,215.5,True
152910.0,255155.4643033239,3079269.28627936,215.5,True
152940.0,255126.07094973154,3079263.283716191,215.5,True
152970.0,255096.57505131286,3079257.890056981,215.5,True
153000.0,255066.8369864755,3079253.9343649135,220.35861206054688,True
153030.0,255036.95471234396,3079251.8308231863,223.13719177246094,True
153060.0,255006.96276187015,3079251.135908245,222.67750549316406,True
153090.0,254976.97200353578,3079250.681277617,221.89276123046875,True
153120.0,254946.98842483194,3079251.6737533654,222.97055053710938,True
153150.0,254917.10636519248,3079254.188278483,223.83734130859375,True
153180.0,254887.44619574334,3079258.2277612793,224.2801971435547,True
153210.0,254858.4559944738,3079265.9458070393,223.57264709472656,True
153240.0,254829.7929067793,3079274.736956154,219.26986694335938,True
153270.0,254801.42692500437,3079284.502767843,219.41302490234375,True
153300.0,254773.08510014132,3079294.33183037,215.93019104003906,True
153330.0,254745.43091929262,3079305.961373851,215.08738708496094,True
153360.0,254717.89356612018,3079317.8469855394,218.09600830078125,True
153390.0,254690.98506059125,3079331.110934054,215.22470092773438,True
153420.0,254664.07655506232,3079344.3748825686,218.97866821289062,True
153450.0,254637.16804953341,3079357.6388310837,217.05062866210938,True
153480.0,254610.16167035417,3079370.70205846,230.6500701904297,True
153510.0,254583.14042584345,3079383.7347997334,217.7487335205078,True
153540.0,254556.11918133276,3079396.7675410067,215.5165252685547,True
153570.0,254529.2360399841,3079410.0792883816,214.29327392578125,True
153600.0,254502.48697793475,3079423.6619125563,214.00379943847656,True
153630.0,254475.7386076975,3079437.2457787185,214.0,True
153660.0,254450.1094360072,3079452.8389040777,214.0,True
153690.0,254424.48026431687,3079468.432029437,213.53970336914062,True
153720.0,254399.62625508846,3079485.223173563,213.53970336914062,True
153750.0,254376.84957635225,3079504.730452855,213.5,True
153780.0,254354.33552164517,3079524.5543934884,213.5,True
153810.0,254332.2607421957,3079544.8695137748,213.5,True
153840.0,254310.09868280662,3079565.0866856496,213.5,True
153870.0,254287.38345629707,3079584.6830752306,213.5,True
153900.0,254264.13057744814,3079603.573410356,213.054931640625,True
153930.0,254239.19912740152,3079620.259416426,213.0,True
153960.0,254214.2676773549,3079636.945422496,213.0,True
153990.0,254188.88848282179,3079652.9357453235,213.0,True
154020.0,254163.37449024536,3079668.716625616,213.0,True
154050.0,254137.86049766894,3079684.497505909,213.0,True
154080.0,254111.76055142586,3079699.2669135393,212.9593048095703,True
154110.0,254085.32544571583,3079713.432222293,212.72776794433594,True
154140.0,254057.1961554549,3079723.860214881,212.5,True
154170.0,254028.97084398975,3079734.024001366,212.8610076904297,True
154200.0,254000.71000739842,3079744.090039075,212.7454376220703,True
154230.0,253971.74635075353,3079751.8815874164,212.5558319091797,True
154260.0,253942.69866436106,3079759.3270267593,212.5,True
154290.0,253912.88148733243,3079762.6339821634,212.5,True
154320.0,253883.00338113707,3079765.1595778875,212.5,True
154350.0,253853.0340018677,3079766.5146816503,212.5,True
154380.0,253823.14984118883,3079769.0688016717,212.5,True
154410.0,253793.29006301827,3079771.9659809214,212.5,True
154440.0,253763.42926349596,3079774.852593612,212.5,True
154470.0,253733.76992824182,3079779.065286614,212.63864135742188,True
154500.0,253704.3959370162,3079785.1618954646,213.15048217773438,True
154530.0,253675.2072325138,3079792.031914517,212.5,True
154560.0,253646.2594373207,3079799.907519475,212.5,True
154590.0,253617.3755377027,3079808.002798509,212.5,True
154620.0,253588.71968273396,3079816.8820989328,212.5,True
154650.0,253560.0638277652,3079825.761399356,212.5,True
154680.0,253531.68162876798,3079835.4747586846,212.5,True
154710.0,253503.33545260105,3079845.297909743,212.5,True
154740.0,253474.89150986355,3079854.827877275,212.5,True
154770.0,253446.32285445055,3079863.9838549886,212.0,True
154800.0,253417.75419903756,3079873.1398327025,212.0,True
154830.0,253389.18554362454,3079882.295810416,212.0,True
154860.0,253360.1105196681,3079887.9993054853,212.70726013183594,True
154890.0,253331.12545592294,3079881.4266582937,215.43380737304688,True
154920.0,253306.4050165178,3079864.5967328744,212.0,True
154950.0,253283.38124947032,3079845.363948987,212.0,True
154980.0,253260.3995916217,3079826.080707493,212.0,True
155010.0,253237.4179337731,3079806.797465998,212.0,True
155040.0,253214.43627592453,3079787.5142245037,212.0,True
155070.0,253191.45461807592,3079768.2309830096,212.0,True
155100.0,253168.2153999663,3079749.2846350893,212.0,True
155130.0,253143.4296035754,3079732.412557646,212.0,True
155160.0,253116.8636468744,3079718.47519977,214.0482635498047,True
155190.0,253087.98380765153,3079710.7434231476,212.0,True
155220.0,253058.49275825993,3079706.037249407,212.0,True
155250.0,253028.5052209531,3079705.63306986,212.0,True
155280.0,252998.82144835353,3079709.0436338224,212.0,True
155310.0,252969.9862347159,3079717.1370994346,212.0,True
155340.0,252942.28010826555,3079728.4072172786,211.5449981689453,True
155370.0,252916.33442068627,3079743.419588666,211.4444122314453,True
155400.0,252890.96360410482,3079759.419191868,210.9713592529297,True
155430.0,252866.69944073298,3079777.061481285,210.7698211669922,True
155460.0,252843.48609498472,3079796.0147113334,210.5,True
155490.0,252822.48886732574,3079817.4079638044,211.51467895507812,True
155520.0,252800.802412361,3079838.016798753,210.0,True
155550.0,252777.15812604054,3079856.4815685702,210.6394805908203,True
155580.0,252751.31000620592,3079871.5084966063,210.6394805908203,True
155610.0,252724.45000425054,3079884.8634153134,213.06625366210938,True
155640.0,252697.12617101378,3079897.2272945787,209.2028045654297,True
155670.0,252668.92945885705,3079906.3706682255,209.00711059570312,True
155700.0,252639.07750308336,3079905.6330279643,209.0,True
155730.0,252611.09497132138,3079895.4183060373,209.0,True
155760.0,252581.71593483162,3079890.151681586,209.0,True
155790.0,252552.7112531476,3079895.0357406475,209.10658264160156,True
155820.0,252524.88842999644,3079906.2558343527,209.58790588378906,True
155850.0,252496.42122896237,3079915.4575899392,208.5,True
155880.0,252467.1150880012,3079921.755950171,208.5,True
155910.0,252437.40810381467,3079925.93866347,208.5,True
155940.0,252407.5689873824,3079928.977523469,208.5,True
155970.0,252377.69109962258,3079931.6815527645,208.28067016601562,True
156000.0,252347.81437511565,3079934.398413588,208.0,True
156030.0,252317.93765060868,3079937.1152744116,208.0,True
156060.0,252288.06092610172,3079939.8321352354,208.0,True
156090.0,252258.18459898388,3079942.553348587,208.0,True
156120.0,252228.30984965016,3079945.291843109,208.0,True
156150.0,252198.3803696953,3079947.283464379,208.0,True
156180.0,252168.4215595998,3079948.8308757865,208.0,True
156210.0,252138.43180986712,3079949.6150383786,207.54049682617188,True
156240.0,252108.44206013446,3079950.3992009712,207.5,True
156270.0,252078.50505779992,3079952.2446139962,207.5,True
156300.0,252048.5501738366,3079953.687702412,207.5,True
156330.0,252018.55648827634,3079954.3031912525,207.5,True
156360.0,251988.5628027161,3079954.9186800937,207.5,True
156390.0,251958.71291284746,3079957.094802027,207.308349609375,True
156420.0,251929.1344885305,3079962.0782714277,207.62286376953125,True
156450.0,251900.08295514013,3079969.5621479414,207.0,True
156480.0,251871.59971504062,3079978.892655576,207.0,True
156510.0,251843.36715409684,3079989.037728398,208.04690551757812,True
156540.0,251815.13459315305,3079999.1828012196,207.0,True
156570.0,251787.61176388396,3080011.0681786584,207.0,True
156600.0,251760.3364042921,3080023.5603665826,207.0,True
156630.0,251733.5531497713,3080037.044168663,206.9860076904297,True
156660.0,251707.1089607148,3080051.2112031146,206.5465850830078,True
156690.0,251680.6647716583,3080065.378237566,206.5035400390625,True
156720.0,251654.22058260182,3080079.5452720174,206.60072326660156,True
156750.0,251627.32082491604,3080092.804938112,206.5,True
156780.0,251600.1628509317,3080105.5503078224,206.5,True
156810.0,251573.00487694735,3080118.2956775334,206.35267639160156,True
156840.0,251546.1624249924,3080131.6736710807,206.06211853027344,True
156870.0,251519.6432571283,3080145.699851452,206.06211853027344,True
156900.0,251493.12408926422,3080159.7260318226,206.0,True
156930.0,251465.20366631102,3080170.5316442274,206.0,True
156960.0,251436.3401314285,3080178.41168681,206.0,True
156990.0,251406.86675083797,3080184.0080996407,206.0,True
157020.0,251377.38355186858,3080189.5431546066,206.0,True
157050.0,251347.63552881393,3080193.4232479483,206.0,True
157080.0,251317.9133053998,3080197.4904711684,206.0,True
157110.0,251288.22515830336,3080201.804856638,206.11788940429688,True
157140.0,251258.53303961095,3080206.091551758,207.3624267578125,True
157170.0,251228.82908268756,3080210.295709592,205.5,True
157200.0,251199.12666765566,3080214.508612054,205.5,True
157230.0,251169.77614109905,3080220.7172021396,205.5,True
157260.0,251140.5355343239,3080227.3359689186,205.5,True
157290.0,251112.0134989596,3080236.6361570177,205.5,True
157320.0,251083.50838518483,3080245.9879006194,209.67002868652344,True
157350.0,251055.02269870858,3080255.3988339407,206.86758422851562,True
157380.0,251026.55656812922,3080264.8683188246,205.5,True
157410.0,250998.13285647598,3080274.4648085916,208.45701599121094,True
157440.0,250969.5048478078,3080283.3798659192,206.95428466796875,True
157470.0,250940.4722799898,3080290.9157452015,206.34938049316406,True
157500.0,250910.74485241153,3080294.9505995456,205.54222106933594,True
157530.0,250880.96277808637,3080298.4336450906,205.5,True
157560.0,250851.02052255863,3080300.0476033245,207.99325561523438,True
157590.0,250821.06738557067,3080298.3714217767,219.09288024902344,True
157620.0,250791.2808474256,3080294.8533825013,205.36642456054688,True
157650.0,250761.36526987093,3080292.6840020404,205.14862060546875,True
157680.0,250731.44630542997,3080294.0083491234,205.49232482910156,True
157710.0,250701.71826335645,3080297.800058855,205.0,True
157740.0,250672.1382952534,3080302.8026069086,205.0,True
157770.0,250642.79869801571,3080309.0488393023,205.0,True
157800.0,250613.48495981458,3080315.4288669415,205.0,True
157830.0,250583.85778484782,3080320.126160344,205.0,True
157860.0,250554.21285765644,3080324.7281481554,205.0,True
157890.0,250524.41378572665,3080328.1099365316,206.9791259765625,True
157920.0,250494.5557298004,3080331.0248115384,205.0,True
157950.0,250464.70353228727,3080333.9986841283,205.0,True
157980.0,250434.8553105472,3080337.012595035,205.0,True
158010.0,250404.93741381462,3080337.815018051,205.0,True
158040.0,250377.4329939788,3080327.75821694,206.4828643798828,True
158070.0,250364.13424324244,3080301.445631413,205.0,True
158100.0,250358.149961704,3080272.1271187672,205.0,True
158130.0,250357.45423529082,3080242.2111123796,205.0,True
158160.0,250362.51800255905,3080212.7768140235,204.92808532714844,True
158190.0,250372.3193212975,3080184.457201124,204.5,True
158220.0,250383.11847458666,3080156.468305322,205.3177947998047,True
158250.0,250394.08667761376,3080128.546006204,204.53622436523438,True
158280.0,250405.27883165982,3080100.711931982,204.5,True
158310.0,250416.43072380792,3080072.863256391,204.89622497558594,True
158340.0,250425.6823828268,3080044.3254427854,204.5,True
158370.0,250433.81811718745,3080015.478993313,204.5,True
158400.0,250438.71326505428,3079985.9127877625,209.99734497070312,True
158430.0,250439.43771774942,3079956.0915410426,209.90911865234375,True
158460.0,250436.06060131307,3079926.3027496394,204.5,True
158490.0,250431.28288001128,3079896.691418036,204.5,True
158520.0,250421.71025045478,3079868.2596618705,204.5,True
158550.0,250411.51829825543,3079840.0809650365,204.5,True
158580.0,250398.4542222653,3079813.0748561253,204.5,True
158610.0,250382.32446232252,3079787.951115119,204.5,True
158640.0,250363.4745376411,3079764.674808112,204.5,True
158670.0,250342.10843270505,3079743.628814496,204.5,True
158700.0,250318.2211311055,3079725.4795218846,204.0,True
158730.0,250291.33910765848,3079712.603023685,204.0,True
158760.0,250261.5776891252,3079711.155205626,204.0,True
158790.0,250232.18897395596,3079716.942410728,204.0,True
158820.0,250206.52086227958,3079731.605809063,204.0,True
158850.0,250183.55776332275,3079750.911147348,204.0,True
158880.0,250159.58880301943,3079768.9024805776,204.0,True
158910.0,250131.76883751343,3079779.5682258946,204.0,True
158940.0,250102.1703532379,3079784.171183354,204.0,True
158970.0,250072.4419039056,3079788.1985025983,207.75411987304688,True
159000.0,250042.62672576806,3079791.243650129,205.45687866210938,True
159030.0,250012.6525543353,3079792.488257264,204.0,True
159060.0,249982.67838290255,3079793.732864398,204.0,True
159090.0,249952.7042114698,3079794.9774715328,204.0,True
159120.0,249922.73004003704,3079796.2220786675,204.0,True
159150.0,249892.75586860426,3079797.466685802,204.0,True
159180.0,249862.7816971715,3079798.711292937,203.54627990722656,True
159210.0,249832.80752573875,3079799.955900071,203.5,True
159240.0,249802.833354306,3079801.200507206,203.5,True
159270.0,249772.85918287325,3079802.4451143406,203.5,True
159300.0,249742.91790077198,3079804.217478324,203.5,True
159330.0,249713.02112276678,3079806.7039748365,203.5,True
159360.0,249683.12434476154,3079809.190471349,203.5,True
159390.0,249653.2275667563,3079811.6769678616,203.5,True
159420.0,249623.3307887511,3079814.163464374,203.5,True
159450.0,249593.43401074587,3079816.649960886,203.5,True
159480.0,249563.8879584303,3079821.765220329,203.68206787109375,True
159510.0,249534.38503564175,3079827.2037446634,203.5,True
159540.0,249505.0003759165,3079833.2354009612,203.5,True
159570.0,249476.01847489053,3079840.914109167,203.5,True
159600.0,249447.22303059977,3079849.3297130135,203.5,True
159630.0,249418.60256999085,3079858.3200040124,203.50985717773438,True
159660.0,249390.00339647452,3079867.3802067796,203.50985717773438,True
159690.0,249361.4042229582,3079876.4404095467,203.69607543945312,True
159720.0,249332.80504944187,3079885.5006123143,203.0,True
159750.0,249304.22799251482,3079894.6287607756,203.0,True
159780.0,249275.77535502307,3079904.1391456136,203.0,True
159810.0,249247.32271753132,3079913.6495304513,203.0,True
159840.0,249218.87008003957,3079923.1599152894,203.0,True
159870.0,249190.41744254783,3079932.670300127,203.88340759277344,True
159900.0,249161.96480505608,3079942.1806849646,203.0,True
159930.0,249134.0797488706,3079953.23822273,203.0,True
159960.0,249106.2269816524,3079964.383776027,203.0,True
159990.0,249078.3742144342,3079975.529329323,203.0,True
160020.0,249050.59776750449,3079986.835435804,202.5641326904297,True
160050.0,249024.36924428112,3080001.3978727404,202.5,True
160080.0,248998.14072105775,3080015.9603096764,202.5,True
160110.0,248971.9121978344,3080030.522746613,202.5,True
160140.0,248945.68367461103,3080045.085183549,202.5,True
160170.0,248919.4551513877,3080059.647620485,202.5,True
160200.0,248893.22662816432,3080074.2100574216,202.5,True
160230.0,248866.99810494095,3080088.7724943575,202.4860076904297,True
160260.0,248840.7695817176,3080103.334931294,202.25035095214844,True
160290.0,248814.54105849424,3080117.8973682304,202.0,True
160320.0,248788.3125352709,3080132.4598051663,202.0,True
160350.0,248762.08401204753,3080147.022242103,202.0,True
160380.0,248735.85548882416,3080161.5846790387,202.0,True
160410.0,248709.59560205854,3080176.0869663577,202.0,True
160440.0,248682.64044665164,3080189.2558538197,202.0,True
160470.0,248655.55890531043,3080202.144991588,202.0,True
160500.0,248627.86008062586,3080213.667799887,201.9634246826172,True
160530.0,248600.1612559413,3080225.1906081857,201.5,True
160560.0,248571.62540960766,3080234.414335646,201.5,True
160590.0,248543.00171010653,3080243.3967532977,207.08590698242188,True
160620.0,248513.74054416965,3080249.9746862827,202.82833862304688,True
160650.0,248484.25074780354,3080255.183203656,201.5,True
160680.0,248454.3541251904,3080257.485456768,201.5,True
160710.0,248424.41645610164,3080255.552591142,202.09518432617188,True
160740.0,248395.32236446493,3080248.3434487977,203.55003356933594,True
160770.0,248367.8038881923,3080236.3963376977,201.2610321044922,True
160800.0,248344.72796577486,3080217.252222126,201.2610321044922,True
160830.0,248321.7144365641,3080198.0070286156,201.16537475585938,True
160860.0,248298.70090735334,3080178.761835105,201.0,True
160890.0,248276.41736069595,3080158.6849213624,201.0,True
160920.0,248254.34904933386,3080138.3627749793,201.0,True
160950.0,248232.28073797177,3080118.0406285957,201.0,True
160980.0,248210.21242660968,3080097.7184822126,201.0,True
161010.0,248188.11730450334,3080077.425518179,200.53366088867188,True
161040.0,248166.0018691111,3080057.1546642897,200.53366088867188,True
161070.0,248144.909561227,3080035.840821581,200.5,True
161100.0,248125.35845777488,3080013.172655173,200.5,True
161130.0,248107.8365137143,3079988.82144419,200.5,True
161160.0,248091.31812475636,3079963.7820854113,200.5,True
161190.0,248074.91721936167,3079938.6621669754,200.5,True
161220.0,248058.51631396695,3079913.542248539,200.5,True
161250.0,248042.55050004652,3079888.147713599,200.4492645263672,True
161280.0,248026.9304680733,3079862.5349316113,200.0,True
161310.0,248012.82164645565,3079836.081441269,200.0,True
161340.0,248001.5610073247,3079808.395551719,200.0,True
161370.0,247993.59112345683,3079779.513200575,200.0,True
161400.0,247988.5283586257,3079749.943479368,200.0,True
161430.0,247983.46559379456,3079720.373758161,200.0,True
161460.0,247978.40282896342,3079690.804036954,200.0,True
161490.0,247972.85046864304,3079661.339361152,199.94549560546875,True
161520.0,247964.11057872654,3079632.714779077,199.6379852294922,True
161550.0,247951.17082875175,3079605.7281442955,199.5,True
161580.0,247934.36999986912,3079580.953434575,199.5,True
161610.0,247914.44952763946,3079558.521876757,199.5,True
161640.0,247892.12701576317,3079538.538893746,199.5,True
161670.0,247868.6924033866,3079519.83893899,199.5,True
161700.0,247844.55757954926,3079502.0201208945,199.5,True
161730.0,247819.62323769685,3079485.4441616344,199.5,True
161760.0,247793.40165415846,3079470.869232587,199.3126983642578,True
161790.0,247767.18007062006,3079456.294303539,199.0,True
161820.0,247740.72081224583,3079442.165419366,199.0,True
161850.0,247713.998912766,3079428.5294343196,199.0,True
161880.0,247686.5987214528,3079416.390568776,199.0,True
161910.0,247657.74414493635,3079409.478901068,199.0,True
161940.0,247627.8430505987,3079409.1541676396,199.0,True
161970.0,247597.93922198814,3079411.554366114,199.0,True
162000.0,247568.03829415343,3079413.9847287876,199.0,True
162030.0,247538.30830198602,3079418.0006428463,199.0,True
162060.0,247508.38717442294,3079419.6466998886,199.0,True
162090.0,247478.39785926638,3079420.4473099313,199.0,True
162120.0,247448.5160946796,3079417.8900871007,199.0,True
162150.0,247419.0672222177,3079412.344083476,198.95179748535156,True
162180.0,247390.29806275998,3079404.234922906,198.6280059814453,True
162210.0,247362.51694899704,3079392.9119498823,198.5,True
162240.0,247336.31671764798,3079378.3478275975,198.5,True
162270.0,247310.90591795364,3079362.409642592,198.5,True
162300.0,247286.2356425894,3079345.3605188536,198.5,True
162330.0,247261.92161282676,3079327.7870173045,198.5,True
162360.0,247237.60758306412,3079310.2135157553,198.5,True
162390.0,247213.2935533015,3079292.6400142056,198.5,True
162420.0,247189.30209975666,3079274.6359269237,198.5,True
162450.0,247165.60373345626,3079256.240616796,198.5,True
162480.0,247142.6324626648,3079236.9902002607,198.5,True
162510.0,247120.66663482727,3079216.5573246083,198.5,True
162540.0,247103.34583358475,3079192.1187214665,198.5,True
162570.0,247088.60354903943,3079166.023242821,198.5,True
162600.0,247078.57838184276,3079137.814229715,199.00299072265625,True
162630.0,247071.6232746549,3079108.657126831,198.5,True
162660.0,247065.2695246638,3079079.3376817293,198.5,True
162690.0,247058.91577467267,3079050.0182366283,198.5,True
162720.0,247052.56202468154,3079020.6987915267,198.5,True
162750.0,247046.20827469043,3078991.3793464256,198.5,True
162780.0,247041.16756250983,3078961.8156917607,198.5,True
162810.0,247036.5549413116,3078932.172417217,198.5,True
162840.0,247031.94232011333,3078902.529142673,198.5,True
162870.0,247027.3296989151,3078872.8858681293,198.5,True
162900.0,247022.71707771684,3078843.2425935855,198.5,True
162930.0,247018.1044565186,3078813.5993190417,198.5,True
162960.0,247013.49183532034,3078783.956044498,198.5,True
162990.0,247008.8792141221,3078754.312769954,198.5,True
163020.0,247004.26659292384,3078724.6694954103,198.5,True
163050.0,246998.87409756702,3078695.1665702616,198.5,True
163080.0,246992.8625714298,3078665.775048465,198.5,True
163110.0,246986.8510452926,3078636.383526669,198.5,True
163140.0,246980.50069889895,3078607.067498234,198.5,True
163170.0,246973.46545566068,3078577.904073322,198.5,True
163200.0,246966.43021242245,3078548.7406484107,198.5,True
163230.0,246959.47690961877,3078519.5592192085,198.5,True
163260.0,246953.63855278114,3078490.1328094816,198.5,True
163290.0,246947.80019594348,3078460.706399754,198.5,True
163320.0,246943.74610907809,3078430.9897354087,198.5,True
163350.0,246940.43120522035,3078401.184955041,198.5,True
163380.0,246938.5492406828,3078371.2440430727,198.5,True
163410.0,246936.66727614525,3078341.303131105,198.5,True
163440.0,246935.41488827427,3078311.3386741574,198.5,True
163470.0,246933.0877360974,3078281.4599108514,198.035400390625,True
163500.0,246929.82685201342,3078251.637660182,198.0,True
163530.0,246926.56596792946,3078221.8154095127,198.0,True
163560.0,246923.30508384548,3078191.9931588434,200.5643310546875,True
163590.0,246920.0441997615,3078162.170908174,202.69232177734375,True
163620.0,246916.78331567752,3078132.3486575047,203.37164306640625,True
163650.0,246913.52243159353,3078102.526406835,203.23301696777344,True
163680.0,246910.26154750955,3078072.7041561655,203.56903076171875,True
163710.0,246907.00066342557,3078042.881905496,204.59512329101562,True
163740.0,246903.7397793416,3078013.0596548268,205.5609893798828,True
163770.0,246900.4788952576,3077983.2374041574,205.8020782470703,True
163800.0,246897.21801117362,3077953.4151534876,202.45831298828125,True
163830.0,246893.95712708967,3077923.592902818,200.9686737060547,True
163860.0,246890.6962430057,3077893.770652149,199.65809631347656,True
163890.0,246888.5242067045,3077863.893348271,198.46188354492188,True
163920.0,246888.76046633214,3077833.894278595,198.17481994628906,True
163950.0,246889.2801951325,3077803.9061165843,199.59449768066406,True
163980.0,246891.37749052278,3077773.9797423966,201.14923095703125,True
164010.0,246893.96043341878,3077744.091142463,202.24267578125,True
164040.0,246897.81522276287,3077714.376400922,202.2439422607422,True
164070.0,246903.34854971117,3077684.8911114903,199.5166473388672,True
164100.0,246909.18069202758,3077655.4668837953,199.31089782714844,True
164130.0,246912.9091085571,3077625.8138750712,198.00445556640625,True
164160.0,246911.66610122385,3077595.921854378,195.80381774902344,True
164190.0,246907.33259329895,3077566.2702334896,194.95652770996094,True
164220.0,246901.30663311976,3077536.881667619,196.37220764160156,True
164250.0,246895.14959367193,3077507.5221898835,196.97677612304688,True
164280.0,246888.17870387362,3077478.343315755,197.32728576660156,True
164310.0,246880.9973968237,3077449.2167931995,197.5562286376953,True
164340.0,246873.48261260177,3077420.1732393866,197.50881958007812,True
164370.0,246867.7785552714,3077390.749766836,197.4256591796875,True
164400.0,246862.98592239825,3077361.135063222,197.4256591796875,True
164430.0,246860.6327727882,3077331.2302637403,197.4256591796875,True
164460.0,246858.34658201714,3077301.3175017186,197.4256591796875,True
164490.0,246856.0603912461,3077271.404739697,197.4256591796875,True
164520.0,246851.96886456333,3077241.719569643,197.42733764648438,True
164550.0,246846.61309069846,3077212.203501446,197.47288513183594,True
164580.0,246840.48423153066,3077182.8362222854,197.92005920410156,True
164610.0,246832.57490873514,3077153.923927378,199.74473571777344,True
164640.0,246823.86324985727,3077125.216663496,200.340576171875,True
164670.0,246813.60270834624,3077097.0288887303,200.46778869628906,True
164700.0,246802.98596351512,3077068.9871906056,199.9369659423828,True
164730.0,246789.27862048143,3077042.301824823,198.93829345703125,True
164760.0,246777.19620651935,3077014.993545049,198.64453125,True
164790.0,246770.73652135636,3076985.7962989323,198.19802856445312,True
164820.0,246769.05157243487,3076955.843653855,198.18389892578125,True
164850.0,246770.26874224065,3076925.8867019145,198.3379669189453,True
164880.0,246772.06574569028,3076895.9430200094,198.2453155517578,True
164910.0,246774.5892530661,3076866.0493432446,198.0,True
164940.0,246777.11276044196,3076836.1556664794,198.0,True
164970.0,246779.6362678178,3076806.2619897146,198.0,True
165000.0,246782.15977519364,3076776.36831295,198.0,True
165030.0,246784.6832825695,3076746.474636185,198.0,True
165060.0,246787.20678994534,3076716.5809594197,198.0,True
165090.0,246789.5560948966,3076686.675855848,198.0,True
165120.0,246790.9591595335,3076656.7086836486,198.0,True
165150.0,246792.36222417036,3076626.741511449,198.0,True
165180.0,246793.76528880722,3076596.7743392503,198.0,True
165210.0,246795.7396931062,3076566.8457112717,198.0,True
165240.0,246798.37436679465,3076536.9616269697,198.0,True
165270.0,246803.37161063775,3076507.4537432897,198.0,True
165300.0,246810.14899940402,3076478.2293185475,198.0,True
165330.0,246822.53957122174,3076450.9131947323,198.0,True
165360.0,246835.5770143181,3076423.906966007,198.0,True
165390.0,246849.54217677366,3076397.355615051,198.0,True
165420.0,246863.50733922917,3076370.8042640947,198.0,True
165450.0,246877.40511666835,3076344.2176597044,197.743896484375,True
165480.0,246891.2533854626,3076317.605154159,197.5,True
165510.0,246905.10165425684,3076290.9926486136,197.5,True
165540.0,246918.9499230511,3076264.3801430683,197.5,True
165570.0,246932.79819184536,3076237.767637523,197.5,True
165600.0,246946.6464606396,3076211.1551319775,197.5,True
165630.0,246960.13973507457,3076184.3631539783,197.5,True
165660.0,246973.36051244265,3076157.433411206,197.5,True
165690.0,246986.5812898107,3076130.5036684335,197.5,True
165720.0,246999.8020671788,3076103.5739256614,197.5,True
165750.0,247013.02284454685,3076076.6441828893,197.2837371826172,True
165780.0,247026.55016705178,3076049.872787539,197.0,True
165810.0,247040.8601455401,3076023.5056770477,197.0,True
165840.0,247055.17012402837,3075997.138566556,197.0,True
165870.0,247071.26494686244,3075971.8253906756,197.0,True
165900.0,247087.44277325226,3075946.5612276513,196.79400634765625,True
165930.0,247103.72457135073,3075921.368598622,196.79400634765625,True
165960.0,247121.53712318355,3075897.2291496387,196.5,True
165990.0,247139.60120219277,3075873.2860076064,196.5,True
166020.0,247158.69063648244,3075850.143114561,196.5,True
166050.0,247177.74624874257,3075826.9725725628,196.48226928710938,True
166080.0,247196.63128137443,3075803.662584521,196.31556701660156,True
166110.0,247215.5163140063,3075780.3525964795,196.0,True
166140.0,247234.40134663816,3075757.042608438,195.98101806640625,True
166170.0,247253.28637927002,3075733.7326203967,195.80184936523438,True
166200.0,247272.1714119019,3075710.4226323552,195.5,True
166230.0,247291.05644453375,3075687.112644314,195.5,True
166260.0,247309.94147716562,3075663.8026562724,195.5,True
166290.0,247328.82650979745,3075640.4926682306,195.0323944091797,True
166320.0,247347.71154242932,3075617.182680189,195.0323944091797,True
166350.0,247366.59657506118,3075593.8726921477,195.0,True
166380.0,247385.48160769304,3075570.5627041063,195.0,True
166410.0,247404.3666403249,3075547.252716065,194.75457763671875,True
166440.0,247423.25167295677,3075523.9427280235,194.5,True
166470.0,247442.13670558864,3075500.632739982,194.55633544921875,True
166500.0,247461.0217382205,3075477.3227519407,194.5,True
166530.0,247479.90677085237,3075454.012763899,194.25338745117188,True
166560.0,247498.79180348423,3075430.7027758574,194.0,True
166590.0,247517.6768361161,3075407.392787816,194.0,True
166620.0,247536.56186874796,3075384.0827997746,194.81517028808594,True
166650.0,247555.44690137982,3075360.772811733,194.0,True
166680.0,247575.62236022713,3075338.619300684,194.0,True
166710.0,247596.6587518526,3075317.231465823,194.0,True
166740.0,247617.47924514572,3075295.6326913433,194.0,True
166770.0,247641.5950491011,3075278.4223609553,194.0,True
166800.0,247669.67139113662,3075269.0734615913,194.0,True
166830.0,247699.3917513328,3075265.6540234545,194.0,True
166860.0,247729.38151554365,3075266.4376321435,194.0,True
166890.0,247759.32751931724,3075268.111308283,194.0,True
166920.0,247789.24951591177,3075270.273279559,194.0,True
166950.0,247819.17151250626,3075272.435250835,194.0,True
166980.0,247849.14037365597,3075273.758767937,193.98255920410156,True
167010.0,247879.0745937085,3075275.559838061,193.5147705078125,True
167040.0,247908.93101761848,3075278.4913822464,193.5,True
167070.0,247938.78744152843,3075281.4229264315,193.5,True
167100.0,247968.64386543838,3075284.354470616,193.5,True
167130.0,247998.50028934836,3075287.2860148014,193.5,True
167160.0,248028.38178018856,3075289.905277325,193.5,True
167190.0,248058.32353723038,3075291.773748692,193.5,True
167220.0,248088.2652942722,3075293.642220059,193.5,True
167250.0,248118.23351729166,3075294.799955993,193.5,True
167280.0,248148.23131470362,3075295.163481,193.5,True
167310.0,248178.22911211557,3075295.5270060073,193.5,True
167340.0,248208.22601944918,3075295.4749883073,193.5,True
167370.0,248238.22198429218,3075294.9829586977,193.5,True
167400.0,248268.2179491352,3075294.4909290876,193.5,True
167430.0,248298.1600044822,3075292.853069348,193.61550903320312,True
167460.0,248328.06966343892,3075290.526634072,195.6969451904297,True
167490.0,248357.97932239567,3075288.200198796,193.5,True
167520.0,248387.8889813524,3075285.8737635207,193.5,True
167550.0,248417.7986403091,3075283.547328245,193.5,True
167580.0,248447.70829926585,3075281.220892969,193.5,True
167610.0,248477.61795822257,3075278.894457693,193.5,True
167640.0,248507.54510740226,3075276.8109942176,193.5,True
167670.0,248537.47960206773,3075274.8295732317,193.5,True
167700.0,248567.41409673318,3075272.848152246,193.5,True
167730.0,248597.34859139865,3075270.86673126,193.5,True
167760.0,248627.01331436174,3075266.4910028363,193.15170288085938,True
167790.0,248656.6382040254,3075261.761741539,193.0,True
167820.0,248685.72854884522,3075254.4841539133,193.0,True
167850.0,248714.75672003714,3075246.910167034,193.0,True
167880.0,248743.78425849022,3075239.333755531,193.0,True
167910.0,248772.8117876912,3075231.757308574,193.0,True
167940.0,248801.81672026435,3075224.1008366873,193.0,True
167970.0,248830.5199394919,3075215.3758607,193.0,True
168000.0,248859.22315871943,3075206.650884713,193.0,True
168030.0,248887.92637794698,3075197.9259087257,193.0,True
168060.0,248916.6295971745,3075189.2009327384,193.0,True
168090.0,248945.33281640205,3075180.4759567515,193.0,True
168120.0,248973.34956825146,3075169.8310701805,193.0,True
168150.0,249000.74821573857,3075157.634866815,193.0,True
168180.0,249027.86487814083,3075144.801838327,193.0,True
168210.0,249054.98154054309,3075131.96880984,193.0,True
168240.0,249082.09820294534,3075119.1357813524,193.0,True
168270.0,249109.2148653476,3075106.3027528645,192.6870880126953,True
168300.0,249136.33152774986,3075093.469724377,192.5131072998047,True
168330.0,249163.44819015212,3075080.6366958898,192.5,True
168360.0,249190.56485255438,3075067.803667402,192.5,True
168390.0,249217.68151495664,3075054.9706389145,192.5,True
168420.0,249244.7981773589,3075042.137610427,192.5,True
168450.0,249271.91483976116,3075029.3045819397,192.5,True
168480.0,249299.03150216342,3075016.471553452,192.0,True
168510.0,249326.14816456567,3075003.6385249645,192.0,True
168540.0,249353.26482696793,3074990.805496477,192.0,True
168570.0,249380.38148937016,3074977.972467989,192.0,True
168600.0,249407.47354176024,3074965.0904571754,192.0,True
168630.0,249433.955489893,3074950.9941305937,192.0,True
168660.0,249460.43743802578,3074936.8978040125,192.0,True
168690.0,249486.51516407076,3074922.087789094,191.94337463378906,True
168720.0,249512.2229672052,3074906.6246439414,191.5179901123047,True
168750.0,249537.9307703396,3074891.161498789,191.5,True
168780.0,249563.29482305216,3074875.1435854007,191.5,True
168810.0,249588.5852072963,3074859.006780736,191.5,True
168840.0,249613.87559154045,3074842.8699760716,191.5,True
168870.0,249639.1659757846,3074826.733171407,191.5,True
168900.0,249664.45636002874,3074810.596366742,191.5,True
168930.0,249689.74729245767,3074794.4604223147,191.31094360351562,True
168960.0,249715.0562999795,3074778.3528421656,191.31094360351562,True
168990.0,249739.93653535176,3074761.611390774,191.0,True
169020.0,249764.2688924175,3074744.0663014976,191.0,True
169050.0,249787.54393623405,3074725.1382182525,191.0,True
169080.0,249809.0572657931,3074704.265836776,191.0,True
169110.0,249829.4395701841,3074682.27408242,191.0,True
169140.0,249849.1537448066,3074659.6610039263,191.0,True
169170.0,249865.59817081626,3074634.6073250948,190.9989471435547,True
169200.0,249879.42793408548,3074608.11800836,190.51348876953125,True
169230.0,249890.7255797495,3074580.3266336913,190.5,True
169260.0,249902.11837164432,3074552.5805724366,190.5,True
169290.0,249915.60979813608,3074525.7853972884,190.5,True
169320.0,249929.10122462784,3074498.99022214,190.6402130126953,True
169350.0,249942.3602437392,3074472.079343737,190.5,True
169380.0,249958.01163810276,3074446.540140729,190.5,True
169410.0,249975.24411487978,3074422.0584191214,190.5,True
169440.0,249995.6882834559,3074400.1031015143,190.0347137451172,True
169470.0,250016.132452032,3074378.147783907,190.0,True
169500.0,250038.04724876315,3074357.8227126715,190.0,True
169530.0,250061.98569809334,3074339.7409361084,190.0,True
169560.0,250086.0742273735,3074321.876136689,190.0,True
169590.0,250111.43859300812,3074305.855869652,190.0,True
169620.0,250136.80295864274,3074289.835602614,190.0,True
169650.0,250161.0164615063,3074272.21480973,190.0,True
169680.0,250184.27817829436,3074253.270350591,190.0,True
169710.0,250207.33275269603,3074234.078729957,190.0,True
169740.0,250229.9971228794,3074214.4269179394,190.53062438964844,True
169770.0,250251.26990629415,3074193.2892501084,190.0,True
169800.0,250270.87631947815,3074170.622822842,190.0,True
169830.0,250288.24641391792,3074146.163063662,190.0,True
169860.0,250305.49884624098,3074121.620533539,190.0,True
169890.0,250322.65011154817,3074097.006836166,195.544677734375,True
169920.0,250337.72292948357,3074071.084873897,190.86410522460938,True
169950.0,250352.49869243396,3074044.9759323397,189.5423126220703,True
169980.0,250366.01604925565,3074018.2151565063,189.5,True
170010.0,250378.81792453778,3073991.083772663,189.5,True
170040.0,250391.28159497384,3073963.806852196,189.5,True
170070.0,250402.18219505667,3073935.857309841,189.5,True
170100.0,250413.08279513952,3073907.9077674868,189.5,True
170130.0,250423.98339522237,3073879.958225132,189.5,True
170160.0,250435.28849260882,3073852.1765392446,189.5,True
170190.0,250447.37962711434,3073824.7210394973,189.5,True
170220.0,250459.4707616199,3073797.2655397505,189.5,True
170250.0,250471.8347285935,3073769.9368935754,189.5,True
170280.0,250485.03476543006,3073742.99697844,189.5,True
170310.0,250498.23480226658,3073716.0570633044,189.5,True
170340.0,250511.43483910314,3073689.1171481684,189.5,True
170370.0,250527.65358752423,3073663.9005863233,189.5,True
170400.0,250544.14146597093,3073638.8376682107,189.5,True
170430.0,250560.62934441766,3073613.7747500977,189.5,True
170460.0,250577.36703111898,3073588.8783855634,189.5,True
170490.0,250594.16257189665,3073564.0205938276,189.5,True
170520.0,250610.9581126743,3073539.162802092,189.5,True
170550.0,250627.48899535838,3073514.1464405265,189.5,True
170580.0,250641.48537706336,3073487.6115333443,189.5,True
170610.0,250655.48175876835,3073461.076626162,189.5,True
170640.0,250669.00224244577,3073434.3081026506,189.5,True
170670.0,250681.4345231606,3073407.005384906,189.5,True
170700.0,250693.46280954356,3073379.552735454,189.5,True
170730.0,250701.8526529636,3073350.7497750614,189.5,True
170760.0,250710.24249638364,3073321.9468146684,189.5,True
170790.0,250718.63233980368,3073293.143854276,189.3065643310547,True
170820.0,250726.411514194,3073264.1871509636,189.0,True
170850.0,250732.66032751964,3073234.8451617328,189.0,True
170880.0,250738.9091408453,3073205.503172502,189.0,True
170910.0,250745.15795417092,3073176.161183271,189.0,True
170940.0,250751.40676749658,3073146.8191940403,189.0,True
170970.0,250757.6555808222,3073117.4772048094,189.0,True
171000.0,250764.222916439,3073088.2062295275,189.0,True
171030.0,250771.0298447561,3073058.9886709903,189.0,True
171060.0,250777.8367730732,3073029.7711124527,189.0,True
171090.0,250784.5336778351,3073000.5306860586,189.0,True
171120.0,250789.93300990626,3072971.0205655373,189.0,True
171150.0,250795.33234197742,3072941.510445016,189.0,True
171180.0,250800.73167404858,3072912.0003244947,189.0,True
171210.0,250805.9389192574,3072882.4583656914,189.0,True
171240.0,250810.34932516748,3072852.7843312556,189.0,True
171270.0,250814.75973107756,3072823.1102968194,189.0,True
171300.0,250819.17013698764,3072793.4362623836,189.0,True
171330.0,250823.58054289772,3072763.7622279474,188.83740234375,True
171360.0,250827.9909488078,3072734.0881935116,188.5,True
171390.0,250832.40135471788,3072704.4141590754,188.5,True
171420.0,250836.81176062796,3072674.7401246396,188.5,True
171450.0,250841.22216653803,3072645.066090204,188.5,True
171480.0,250845.63193380294,3072615.391960986,188.5,True
171510.0,250850.02969797462,3072585.71605038,188.5,True
171540.0,250854.42746214633,3072556.040139774,188.5,True
171570.0,250858.825226318,3072526.3642291683,188.5,True
171600.0,250863.2229904897,3072496.688318562,188.5,True
171630.0,250866.21601640602,3072466.861900115,188.5,True
171660.0,250868.20503464254,3072436.927909294,188.14724731445312,True
171690.0,250868.69454234885,3072407.1266032523,188.14724731445312,True
171720.0,250861.48014190106,3072378.006980553,188.0,True
171750.0,250849.3150809922,3072350.735089422,188.0,True
171780.0,250835.68639850864,3072324.0094647566,188.0,True
171810.0,250819.18404070797,3072299.01158048,188.0,True
171840.0,250800.53003626334,3072275.575950972,188.0,True
171870.0,250777.70062276837,3072257.1552286637,188.0,True
171900.0,250749.0371961607,3072249.3167200694,188.0,True
171930.0,250719.2359598236,3072249.371457486,188.0,True
171960.0,250689.37418214625,3072252.247954305,188.0,True
171990.0,250659.7453083727,3072256.8691045237,188.0,True
172020.0,250630.35704811962,3072262.832495806,188.0,True
172050.0,250601.13282782483,3072269.6107660984,188.0,True
172080.0,250571.93521833155,3072276.501581955,187.8815460205078,True
172110.0,250542.76995394315,3072283.5291955722,187.5970458984375,True
172140.0,250513.60468955475,3072290.5568091897,187.5,True
172170.0,250484.43942516635,3072297.5844228067,187.5,True
172200.0,250455.27416077798,3072304.612036424,187.5,True
172230.0,250425.95032612162,3072310.9168489366,187.5,True
172260.0,250396.52164584954,3072316.743750124,187.5,True
172290.0,250367.09296557744,3072322.5706513105,187.5,True
172320.0,250337.66428530536,3072328.3975524977,187.5,True
172350.0,250308.7094735618,3072336.1078170002,187.31275939941406,True
172380.0,250280.027390413,3072344.902025677,187.0,True
172410.0,250251.34530726422,3072353.6962343534,187.0,True
172440.0,250223.5583753347,3072364.907437059,187.0,True
172470.0,250196.0672618898,3072376.9173780065,187.0,True
172500.0,250168.5761484449,3072388.927318954,187.0,True
172530.0,250141.085035,3072400.9372599013,187.0,True
172560.0,250113.59392155512,3072412.9472008487,187.0,True
172590.0,250086.1028081102,3072424.957141796,187.0,True
172620.0,250059.1769434606,3072438.1697498155,187.0,True
172650.0,250032.3870530947,3072451.6716672415,187.0,True
172680.0,250009.02200183185,3072470.3926846664,186.6622314453125,True
172710.0,249985.97315909906,3072489.595571134,186.73239135742188,True
172740.0,249964.47900991826,3072510.516852274,186.5,True
172770.0,249943.07216361942,3072531.5346288346,186.5,True
172800.0,249921.66531732059,3072552.5524053946,186.5,True
172830.0,249900.25847102175,3072573.570181955,186.5,True
172860.0,249878.8516247229,3072594.587958515,186.5,True
172890.0,249858.00706227418,3072616.1495236647,186.5,True
172920.0,249837.71674779337,3072638.247105846,186.5,True
172950.0,249817.42643331256,3072660.3446880276,186.5,True
172980.0,249797.13611883178,3072682.4422702095,186.1366729736328,True
173010.0,249776.84580435097,3072704.539852391,186.0,True
173040.0,249756.5554898702,3072726.6374345724,186.0,True
173070.0,249736.2651753894,3072748.735016754,186.0,True
173100.0,249715.97486090858,3072770.832598936,186.0,True
173130.0,249695.6845464278,3072792.9301811173,186.0,True
173160.0,249675.35504376297,3072814.9917006786,186.0,True
173190.0,249655.0162003032,3072837.044624447,186.0,True
173220.0,249634.6773568434,3072859.0975482147,186.0,True
173250.0,249615.101178926,3072881.710587965,186.0,True
173280.0,249600.14474081606,3072907.7164519005,186.0,True
173310.0,249588.83275462742,3072935.349040902,186.0,True
173340.0,249579.6013881262,3072963.891670177,185.90933227539062,True
173370.0,249571.01880676317,3072992.6377881267,185.67420959472656,True
173400.0,249559.9257531971,3073020.3310423023,185.5,True
173430.0,249545.43577245463,3073046.599663471,186.2820281982422,True
173460.0,249528.08866153006,3073070.9492387343,187.20118713378906,True
173490.0,249507.60113157003,3073092.6345200925,185.76898193359375,True
173520.0,249483.20670130878,3073109.964863837,188.71299743652344,True
173550.0,249457.20678698085,3073124.9316422124,185.81797790527344,True
173580.0,249430.69483427054,3073138.849612258,185.91970825195312,True
173610.0,249402.90240303395,3073150.144777859,185.56500244140625,True
173640.0,249374.17197417174,3073158.494971735,185.70631408691406,True
173670.0,249344.96661859012,3073165.3540682755,185.5,True
173700.0,249315.51355959175,3073170.7926496756,185.5,True
173730.0,249285.71035154042,3073174.223216662,185.5,True
173760.0,249255.8860985627,3073177.44496919,185.5,True
173790.0,249225.99770464122,3073180.030294854,185.33346557617188,True
173820.0,249196.09891194658,3073182.4533304083,185.05201721191406,True
173850.0,249166.1249801706,3073183.70369591,185.0,True
173880.0,249136.1510483946,3073184.9540614123,185.0,True
173910.0,249106.1771166186,3073186.204426914,185.0,True
173940.0,249076.20403233438,3073185.4050687915,185.0,True
173970.0,249046.23114477473,3073184.129917296,185.0,True
174000.0,249016.2582572151,3073182.8547658008,185.0,True
174030.0,248986.2853696554,3073181.5796143054,185.0,True
174060.0,248956.30881994127,3073180.4193414496,185.0,True
174090.0,248926.31557241172,3073179.7828647173,185.0,True
174120.0,248896.59379127642,3073176.422792356,185.0,True
174150.0,248867.06498884983,3073171.126583594,185.0,True
174180.0,248837.6762407283,3073165.156721213,185.0,True
174210.0,248808.48340084753,3073158.244550809,185.0,True
174240.0,248779.47969884024,3073150.6939673154,185.0,True
174270.0,248751.23279625503,3073140.588894612,184.79237365722656,True
174300.0,248722.98589366983,3073130.483821909,184.5,True
174330.0,248694.9215142012,3073119.8980572526,184.5,True
174360.0,248667.08647428642,3073108.7083051135,184.5,True
174390.0,248639.2514343716,3073097.518552974,184.5,True
174420.0,248612.66575045942,3073083.621056103,184.5,True
174450.0,248586.08863533463,3073069.704987993,184.5,True
174480.0,248561.51897621813,3073052.6710040844,184.5,True
174510.0,248537.8507990128,3073034.236867604,184.5,True
174540.0,248515.13775510344,3073014.7115349397,189.01638793945312,True
174570.0,248493.73230191626,3072993.692339573,184.5,True
174600.0,248473.33619482184,3072971.7871071915,184.5,True
174630.0,248455.26761299494,3072947.838696999,188.93502807617188,True
174660.0,248438.5245163918,3072922.977897297,184.5,True
174690.0,248422.60524137947,3072897.5500251274,184.56088256835938,True
174720.0,248408.83995684376,3072870.907190837,184.5,True
174750.0,248396.7064999239,3072843.544111638,184.4983673095703,True
174780.0,248387.0372364336,3072815.145073916,184.0,True
174810.0,248375.04958537087,3072787.703528111,184.0,True
174840.0,248361.86149624898,3072760.7577621113,184.0,True
174870.0,248348.67340712706,3072733.811996111,184.0,True
174900.0,248334.32950455512,3072707.466716786,184.0,True
174930.0,248319.86384306208,3072681.184695601,184.0,True
174960.0,248305.398181569,3072654.902674416,184.0,True
174990.0,248290.93252007596,3072628.6206532307,184.0,True
175020.0,248276.46685858292,3072602.338632046,184.0,True
175050.0,248261.33360880398,3072576.4396542357,184.0,True
175080.0,248245.94375795487,3072550.6879069,184.0,True
175110.0,248230.55390710576,3072524.9361595646,184.0,True
175140.0,248212.49670767487,3072501.0439329958,184.27845764160156,True
175170.0,248193.65764801882,3072477.696774041,184.0,True
175200.0,248174.5413368793,3072454.5774600753,183.6810760498047,True
175230.0,248155.28730566258,3072431.5713243308,183.5,True
175260.0,248135.85825670342,3072408.7244989737,183.5,True
175290.0,248114.75865535418,3072387.398298588,183.5,True
175320.0,248093.6590540049,3072366.072098202,183.5,True
175350.0,248072.55945265564,3072344.745897816,183.5,True
175380.0,248051.45985130637,3072323.41969743,183.5,True
175410.0,248030.36024995713,3072302.093497044,183.5,True
175440.0,248011.15467784935,3072279.0765713956,183.5,True
175470.0,247992.3508171755,3072255.7010537805,183.5,True
175500.0,247973.6994216092,3072232.2049156465,183.5,True
175530.0,247955.2777072934,3072208.5270685805,183.5,True
175560.0,247937.2314574482,3072184.582014731,183.5,True
175590.0,247920.89527764375,3072159.4199554077,183.5,True
175620.0,247904.61669095923,3072134.222253431,183.5,True
175650.0,247889.3855533222,3072108.376316685,183.5,True
175680.0,247874.15441568516,3072082.530379939,183.47288513183594,True
175710.0,247859.12466193392,3072056.568891287,183.2271270751953,True
175740.0,247844.49690536174,3072030.376740981,183.0,True
175770.0,247829.86914878958,3072004.1845906745,183.0,True
175800.0,247815.2413922174,3071977.992440368,183.0,True
175830.0,247800.74734838103,3071951.729092393,183.0,True
175860.0,247787.18118860194,3071924.9716764335,183.0,True
175890.0,247773.61502882282,3071898.2142604734,183.0,True
175920.0,247760.04886904373,3071871.456844514,183.0,True
175950.0,247746.48270926462,3071844.6994285537,183.0,True
175980.0,247732.91654948553,3071817.942012594,183.0,True
176010.0,247719.41798444872,3071791.1505101826,183.0,True
176040.0,247705.9682554039,3071764.33438092,183.0,True
176070.0,247692.51852635905,3071737.518251658,183.0,True
176100.0,247679.06879731422,3071710.7021223954,183.0,True
176130.0,247665.61906826939,3071683.885993133,182.8570098876953,True
176160.0,247651.89406480244,3071657.2142812726,182.8570098876953,True
176190.0,247637.47379549526,3071630.90732719,182.5,True
176220.0,247623.05352618807,3071604.600373107,182.5,True
176250.0,247608.6332568809,3071578.2934190244,182.5,True
176280.0,247593.48139271842,3071552.419431658,182.5,True
176310.0,247577.3599383086,3071527.1192595693,182.5,True
176340.0,247561.23848389875,3071501.8190874807,182.5,True
176370.0,247544.3886674467,3071477.016801448,182.5,True
176400.0,247526.6683620233,3071452.809555101,182.5,True
176430.0,247506.39082636576,3071430.793002559,183.02439880371094,True
176460.0,247485.19018933387,3071409.5672401595,182.84869384765625,True
176490.0,247461.227089619,3071391.6560975835,182.5,True
176520.0,247436.5279194089,3071374.628150234,182.5843505859375,True
176550.0,247411.52004583113,3071358.102241003,182.5843505859375,True
176580.0,247385.17850774046,3071343.745243719,182.536865234375,True
176610.0,247358.83696964977,3071329.3882464347,182.49681091308594,True
176640.0,247332.31859694846,3071315.3644561754,182.0,True
176670.0,247305.66450021585,3071301.596408842,182.0,True
176700.0,247279.01040348326,3071287.828361509,182.0,True
176730.0,247252.25015633678,3071274.2842642493,182.0,True
176760.0,247224.71807914018,3071262.3685298935,182.0,True
176790.0,247197.18600194354,3071250.4527955377,182.0,True
176820.0,247169.50915138584,3071238.884702904,182.0,True
176850.0,247141.65755282264,3071227.7362295794,182.0,True
176880.0,247113.39934244246,3071217.724473365,182.0,True
176910.0,247084.79566727395,3071208.6784926634,182.0,True
176940.0,247055.65180408064,3071201.7840393716,182.0,True
176970.0,247026.16744659445,3071196.2457486945,182.0,True
177000.0,246996.26141410953,3071194.008869478,182.0,True
177030.0,246966.33156708704,3071191.958440935,182.0,True
177060.0,246936.36640437465,3071192.5083277253,182.0,True
177090.0,246906.39191181373,3071193.745176833,182.0,True
177120.0,246876.5314601519,3071196.45715144,182.0,True
177150.0,246846.72303385587,3071199.8420771044,182.0,True
177180.0,246816.95554459718,3071203.5667260713,182.0,True
177210.0,246787.19629720296,3071207.359771619,182.0,True
177240.0,246757.71150070307,3071212.742616812,182.0,True
177270.0,246728.4029822633,3071219.1465801834,182.0,True
177300.0,246699.91817952946,3071228.2878064397,182.0,True
177330.0,246671.94286116067,3071239.1220836267,182.0,True
177360.0,246644.26501387238,3071250.622942101,182.0,True
177390.0,246617.5178593138,3071264.2093221573,182.0,True
177420.0,246590.77070475524,3071277.795702213,182.0,True
177450.0,246564.50939461947,3071292.2961688475,182.0,True
177480.0,246538.28438108726,3071306.864925323,182.0,True
177510.0,246512.05936755508,3071321.433681798,182.0,True
177540.0,246484.96122818516,3071334.2742927223,182.0,True
177570.0,246457.6108971327,3071346.5736502768,182.0,True
177600.0,246428.91032147143,3071355.307318276,182.0,True
177630.0,246400.2097458102,3071364.0409862744,182.0,True
177660.0,246371.31027815962,3071372.076791069,182.0,True
177690.0,246342.3176627496,3071379.785763224,182.0,True
177720.0,246312.90829591267,3071385.299277954,182.0,True
177750.0,246283.10749941177,3071388.7507309685,182.0,True
177780.0,246253.2936531427,3071385.615709552,182.0,True
177810.0,246223.56934018063,3071381.8947183844,182.0,True
177840.0,246195.33248621438,3071371.7616004986,182.0,True
177870.0,246167.10387440375,3071361.605625389,182.0,True
177900.0,246138.8982252546,3071351.3859700095,182.0,True
177930.0,246110.86284696875,3071340.7310674894,183.0972900390625,True
177960.0,246083.20991095397,3071329.0985643296,183.05490112304688,True
177990.0,246055.6532454721,3071317.275231126,182.0,True
178020.0,246029.86456850945,3071301.9473434533,182.0,True
178050.0,246004.07589154682,3071286.6194557804,182.0,True
178080.0,245979.60409218603,3071269.320429606,182.0,True
178110.0,245955.6904747392,3071251.20770517,182.0,True
178140.0,245931.98715492495,3071232.818778345,182.0,True
178170.0,245905.74979678393,3071218.7470117537,182.0,True
178200.0,245878.13855261184,3071207.0158909517,182.0,True
178230.0,245869.90276373527,3071181.811628347,182.0,True
178260.0,245868.5176185343,3071151.8436225276,182.0,True
178290.0,245867.1324733333,3071121.875616709,182.0,True
178320.0,245866.82007511434,3071091.936022959,182.0,True
178350.0,245869.78959133523,3071062.083351832,182.0,True
178380.0,245872.75910755608,3071032.230680705,182.0,True
178410.0,245875.72862377696,3071002.378009578,182.0,True
178440.0,245882.1195637934,3070973.150308967,182.0,True
178470.0,245889.89567910743,3070944.175629838,182.0,True
178500.0,245897.67179442145,3070915.200950709,181.99673461914062,True
178530.0,245905.44790973543,3070886.2262715804,181.8447723388672,True
178560.0,245915.6518611815,3070858.1130054696,181.5,True
178590.0,245927.87655571316,3070830.7167129535,181.5,True
178620.0,245940.1012502448,3070803.320420438,181.5,True
178650.0,245952.32594477647,3070775.9241279224,181.5,True
178680.0,245964.55063930812,3070748.5278354064,181.5,True
178710.0,245977.7115190055,3070721.574170093,181.5,True
178740.0,245991.12659533316,3070694.7406886355,181.5,True
178770.0,246004.54167166082,3070667.9072071784,181.5,True
178800.0,246017.95674798847,3070641.073725721,181.5,True
178830.0,246031.26314049037,3070614.186233679,181.5,True
178860.0,246044.549682172,3070587.2888767426,181.5,True
178890.0,246057.83622385358,3070560.391519807,181.5,True
178920.0,246071.1227655352,3070533.4941628706,181.5,True
178950.0,246084.4093072168,3070506.596805935,181.5,True
178980.0,246097.69584889838,3070479.6994489986,181.5,True
179010.0,246110.98239058,3070452.802092063,181.5,True
179040.0,246124.2689322616,3070425.9047351265,181.06858825683594,True
179070.0,246137.55547394318,3070399.0073781908,181.06858825683594,True
179100.0,246150.8420156248,3070372.1100212545,181.0,True
179130.0,246164.1285573064,3070345.2126643187,181.0,True
179160.0,246177.415098988,3070318.3153073825,181.0,True
179190.0,246188.5229726641,3070290.518377783,181.0,True
179220.0,246198.08351705875,3070262.0825554654,181.0,True
179250.0,246207.64406145338,3070233.6467331476,181.0,True
179280.0,246217.20460584803,3070205.21091083,181.0,True
179310.0,246225.20302020106,3070176.33885567,181.0,True
179340.0,246231.75851865928,3070147.0638588304,181.0,True
179370.0,246238.3140171175,3070117.7888619904,181.0,True
179400.0,246244.37322751834,3070088.4378230236,181.0,True
179430.0,246246.88382364562,3070058.5430591498,181.0,True
179460.0,246249.39441977287,3070028.6482952754,181.0,True
179490.0,246251.90501590015,3069998.7535314015,181.0,True
179520.0,246254.41561202743,3069968.8587675276,181.0,True
179550.0,246256.92620815468,3069938.9640036533,181.0,True
179580.0,246259.43680428196,3069909.0692397794,180.8894500732422,True
179610.0,246261.94740040923,3069879.174475905,180.5,True
179640.0,246264.45799653648,3069849.279712031,180.5,True
179670.0,246266.96859266376,3069819.3849481572,180.5,True
179700.0,246269.47918879104,3069789.490184283,180.5,True
179730.0,246271.9897849183,3069759.595420409,180.5,True
179760.0,246274.00317661985,3069729.6632924937,180.5,True
179790.0,246275.9886243624,3069699.729064639,180.5,True
179820.0,246277.97407210496,3069669.7948367842,180.5,True
179850.0,246279.9595198475,3069639.8606089293,180.5,True
179880.0,246283.2983925111,3069610.0741561945,180.5,True
179910.0,246287.8195156136,3069580.4167887135,180.5,True
179940.0,246292.3406387161,3069550.7594212326,180.5,True
179970.0,246296.86176181858,3069521.1020537517,180.5,True
180000.0,246301.68386563775,3069491.5073912465,180.5,True
180030.0,246309.38220599192,3069462.511950988,180.4820556640625,True
180060.0,246317.0805463461,3069433.516510729,180.4358367919922,True
180090.0,246324.77888670025,3069404.5210704706,180.32862854003906,True
180120.0,246332.47722705442,3069375.525630212,180.0,True
180150.0,246340.17556740856,3069346.5301899533,180.0,True
180180.0,246347.87390776273,3069317.5347496946,180.0,True
180210.0,246355.5722481169,3069288.539309436,180.0,True
180240.0,246363.27058847106,3069259.5438691773,180.0,True
180270.0,246370.9689288252,3069230.5484289187,180.0,True
180300.0,246378.66726917936,3069201.55298866,180.0,True
180330.0,246386.36560953353,3069172.5575484014,180.0,True
180360.0,246394.0639498877,3069143.5621081428,180.0,True
180390.0,246401.76229024187,3069114.5666678846,180.0,True
180420.0,246409.460630596,3069085.571227626,180.0,True
180450.0,246417.15897095017,3069056.5757873673,180.0,True
180480.0,246424.85731130434,3069027.5803471087,180.0,True
180510.0,246432.5556516585,3068998.58490685,180.0,True
180540.0,246440.25399201264,3068969.5894665914,180.0,True
180570.0,246447.9523323668,3068940.5940263327,180.0,True
180600.0,246455.65067272098,3068911.598586074,180.0,True
180630.0,246463.34901307515,3068882.6031458154,179.91311645507812,True
180660.0,246471.0473534293,3068853.607705557,179.59033203125,True
180690.0,246478.74569378345,3068824.612265298,179.5,True
180720.0,246486.44403413762,3068795.6168250395,179.5,True
180750.0,246494.14237449178,3068766.621384781,179.5,True
180780.0,246501.84071484595,3068737.625944522,179.5,True
180810.0,246509.53905520012,3068708.6305042636,179.5,True
180840.0,246517.23739555426,3068679.635064005,179.5,True
180870.0,246524.93573590842,3068650.6396237463,179.5,True
180900.0,246532.6340762626,3068621.6441834876,179.5,True
180930.0,246540.33241661676,3068592.648743229,179.5,True
180960.0,246548.0307569709,3068563.6533029703,179.5,True
180990.0,246555.72909732506,3068534.6578627117,179.5,True
181020.0,246563.42743767923,3068505.662422453,179.5,True
181050.0,246571.1257780334,3068476.6669821944,179.5,True
181080.0,246578.2852313718,3068447.538923057,179.5,True
181110.0,246584.92257428233,3068418.2823737203,179.5,True
181140.0,246591.55991719285,3068389.0258243834,179.5,True
181170.0,246598.1972601034,3068359.769275047,179.5,True
181200.0,246604.83460301394,3068330.51272571,179.43896484375,True
181230.0,246611.47194592448,3068301.2561763735,179.0,True
181260.0,246618.10928883502,3068271.999627037,179.0,True
181290.0,246624.74663174554,3068242.7430777,179.0,True
181320.0,246631.38397465608,3068213.4865283635,179.0,True
181350.0,246638.02131756663,3068184.229979027,179.0,True
181380.0,246644.65866047717,3068154.97342969,179.0,True
181410.0,246649.67399321223,3068125.3982084375,179.0,True
181440.0,246654.5986672153,3068095.8051757105,179.0,True
181470.0,246659.5233412184,3068066.212142984,179.0,True
181500.0,246664.44801522145,3068036.6191102574,179.0,True
181530.0,246669.37268922452,3068007.026077531,179.0,True
181560.0,246674.2973632276,3067977.433044804,179.0,True
181590.0,246679.22203723068,3067947.8400120772,179.0,True
181620.0,246684.14671123374,3067918.2469793507,179.0,True
181650.0,246688.30753959643,3067888.5405699657,179.0,True
181680.0,246692.19072479566,3067858.7929503517,179.0,True
181710.0,246696.07390999486,3067829.0453307373,179.0,True
181740.0,246699.95709519408,3067799.2977111232,178.9452667236328,True
181770.0,246703.84028039328,3067769.5500915092,178.5,True
181800.0,246707.7234655925,3067739.802471895,178.5,True
181830.0,246711.6066507917,3067710.0548522808,178.5,True
181860.0,246715.48983599094,3067680.3072326668,178.5,True
181890.0,246719.37302119017,3067650.5596130523,178.5,True
181920.0,246723.25620638937,3067620.8119934383,178.5,True
181950.0,246727.1393915886,3067591.0643738243,178.5,True
181973.36429677164,246730.16365463572,3067567.8966333936,178.5,True
