{
  "type": "FeatureCollection",
  "features": [
    {
      "type": "Feature",
      "geometry": {
        "type": "LineString",
        "coordinates": [
          [
            85.376979,
            28.278054599999997
          ],
          [
            85.37682160000001,
            28.277906600000005
          ],
          [
            85.3767462,
            28.277746299999997
          ],
          [
            85.3767613,
            28.277512100000003
          ],
          [
            85.3765985,
            28.2770261
          ],
          [
            85.3771714,
            28.275887899999997
          ],
          [
            85.3773933,
            28.2751452
          ],
          [
            85.3776105,
            28.2744659
          ],
          [
            85.3776476,
            28.274135599999994
          ],
          [
            85.37772860000001,
            28.273413699999992
          ],
          [
            85.37761810000002,
            28.2726571
          ],
          [
            85.3775209,
            28.271991699999997
          ],
          [
            85.3776048,
            28.2713134
          ],
          [
            85.3775962,
            28.270638299999995
          ],
          [
            85.3775949,
            28.270282999999996
          ],
          [
            85.3773685,
            28.269845299999997
          ],
          [
            85.3767389,
            28.269206899999997
          ],
          [
            85.3763324,
            28.2688538
          ],
          [
            85.376239,
            28.26827009999999
          ],
          [
            85.3761588,
            28.268067999999996
          ],
          [
            85.3760461,
            28.2677839
          ],
          [
            85.3758622,
            28.267497099999993
          ],
          [
            85.3758404,
            28.2671284
          ],
          [
            85.3757841,
            28.2668506
          ],
          [
            85.3755782,
            28.266604999999988
          ],
          [
            85.3752892,
            28.2663322
          ],
          [
            85.3750465,
            28.266208700000004
          ],
          [
            85.3747305,
            28.266084199999995
          ],
          [
            85.374483,
            28.2660575
          ],
          [
            85.3740981,
            28.265802100000002
          ],
          [
            85.3738543,
            28.265528800000002
          ],
          [
            85.3736376,
            28.2652264
          ],
          [
            85.3732695,
            28.2649583
          ],
          [
            85.3728356,
            28.264800199999996
          ],
          [
            85.3726159,
            28.264544399999995
          ],
          [
            85.3725014,
            28.264222599999997
          ],
          [
            85.3725293,
            28.2637686
          ],
          [
            85.3727395,
            28.2633658
          ],
          [
            85.3728672,
            28.2630691
          ],
          [
            85.372849,
            28.262726499999996
          ],
          [
            85.3726205,
            28.2623202
          ],
          [
            85.3721556,
            28.261965299999993
          ],
          [
            85.371794,
            28.261794799999997
          ],
          [
            85.3711533,
            28.2614335
          ],
          [
            85.3709295,
            28.2612648
          ],
          [
            85.3706772,
            28.2609758
          ],
          [
            85.3701434,
            28.2603391
          ],
          [
            85.369643,
            28.2598333
          ],
          [
            85.369335,
            28.2595682
          ],
          [
            85.3689459,
            28.2591658
          ],
          [
            85.3687436,
            28.258956599999994
          ],
          [
            85.3680626,
            28.258696899999997
          ],
          [
            85.36748290000001,
            28.258570299999995
          ],
          [
            85.3665112,
            28.258488599999996
          ],
          [
            85.3658447,
            28.2581913
          ],
          [
            85.3655834,
            28.257939499999996
          ],
          [
            85.3654734,
            28.2576234
          ],
          [
            85.36550780000002,
            28.257050699999994
          ],
          [
            85.36550780000002,
            28.256496700000003
          ],
          [
            85.36513770000002,
            28.254851999999996
          ],
          [
            85.3650429,
            28.254209499999998
          ],
          [
            85.3650446,
            28.253498299999993
          ],
          [
            85.3650598,
            28.25306369999999
          ],
          [
            85.3650195,
            28.252231500000004
          ],
          [
            85.3648935,
            28.252007499999998
          ],
          [
            85.3647465,
            28.251771899999998
          ],
          [
            85.3646775,
            28.251444600000003
          ],
          [
            85.3646449,
            28.2511203
          ],
          [
            85.3648108,
            28.2505815
          ],
          [
            85.36497,
            28.2500646
          ],
          [
            85.3650164,
            28.2497402
          ],
          [
            85.3649821,
            28.249554
          ],
          [
            85.36486160000001,
            28.249429199999994
          ],
          [
            85.364336,
            28.248950699999995
          ],
          [
            85.3640952,
            28.248687199999996
          ],
          [
            85.3638697,
            28.248196599999993
          ],
          [
            85.3633558,
            28.246782699999997
          ],
          [
            85.3631936,
            28.2465653
          ],
          [
            85.3629994,
            28.246389500000003
          ],
          [
            85.3624306,
            28.245851399999996
          ],
          [
            85.3611588,
            28.2450484
          ],
          [
            85.3604894,
            28.2447003
          ],
          [
            85.35968450000001,
            28.244267199999992
          ],
          [
            85.3592583,
            28.2438852
          ],
          [
            85.3588736,
            28.243491299999995
          ],
          [
            85.3586512,
            28.2432473
          ],
          [
            85.358457,
            28.2428725
          ],
          [
            85.3582262,
            28.2423521
          ],
          [
            85.35814540000001,
            28.241632599999996
          ],
          [
            85.3581813,
            28.241195499999996
          ],
          [
            85.3582245,
            28.240687899999998
          ],
          [
            85.3582515,
            28.240325200000004
          ],
          [
            85.35825670000001,
            28.239725199999995
          ],
          [
            85.3582034,
            28.239284899999998
          ],
          [
            85.3582631,
            28.2386698
          ],
          [
            85.3581634,
            28.238273399999997
          ],
          [
            85.3580332,
            28.238012299999998
          ],
          [
            85.3579697,
            28.237822699999995
          ],
          [
            85.3579239,
            28.237608100000003
          ],
          [
            85.3579374,
            28.237355899999997
          ],
          [
            85.358087,
            28.237076399999992
          ],
          [
            85.3584222,
            28.23691
          ],
          [
            85.3585944,
            28.236812399999994
          ],
          [
            85.3587017,
            28.2366909
          ],
          [
            85.3587843,
            28.236476299999993
          ],
          [
            85.35879400000002,
            28.2362643
          ],
          [
            85.3588086,
            28.235958499999995
          ],
          [
            85.3588799,
            28.2357066
          ],
          [
            85.3590113,
            28.235172499999997
          ],
          [
            85.3591105,
            28.2349433
          ],
          [
            85.3592688,
            28.234756600000004
          ],
          [
            85.3594673,
            28.234588899999995
          ],
          [
            85.3596367,
            28.2343824
          ],
          [
            85.3598347,
            28.233913
          ],
          [
            85.360057,
            28.2334183
          ],
          [
            85.3603115,
            28.232966499999996
          ],
          [
            85.3603513,
            28.2327601
          ],
          [
            85.3603578,
            28.2321643
          ],
          [
            85.3603979,
            28.231693500000002
          ],
          [
            85.3604357,
            28.231147299999996
          ],
          [
            85.3605317,
            28.23082
          ],
          [
            85.360677,
            28.230528899999996
          ],
          [
            85.3607477,
            28.230281899999998
          ],
          [
            85.3608379,
            28.230061099999997
          ],
          [
            85.3608727,
            28.229545899999998
          ],
          [
            85.3609988,
            28.2289197
          ],
          [
            85.361031,
            28.228522700000003
          ],
          [
            85.3610095,
            28.228042899999995
          ],
          [
            85.360978,
            28.2276578
          ],
          [
            85.3609934,
            28.227386000000003
          ],
          [
            85.3610739,
            28.2266628
          ],
          [
            85.36108,
            28.226449399999996
          ],
          [
            85.3610873,
            28.225892399999996
          ],
          [
            85.361097,
            28.225519600000002
          ],
          [
            85.3611168,
            28.225164499999998
          ],
          [
            85.3611661,
            28.2247643
          ],
          [
            85.3611157,
            28.224383600000003
          ],
          [
            85.3610444,
            28.2241672
          ],
          [
            85.3609334,
            28.223759400000002
          ],
          [
            85.3609103,
            28.223436899999992
          ],
          [
            85.3608544,
            28.223130799999996
          ],
          [
            85.3608245,
            28.2229265
          ],
          [
            85.3607766,
            28.222766100000005
          ],
          [
            85.3606904,
            28.222631000000003
          ],
          [
            85.360536,
            28.222457000000002
          ],
          [
            85.3603604,
            28.222191499999997
          ],
          [
            85.3599903,
            28.221827499999996
          ],
          [
            85.3599375,
            28.221774299999996
          ],
          [
            85.3597462,
            28.2215817
          ],
          [
            85.3595547,
            28.2213854
          ],
          [
            85.3593171,
            28.221302800000007
          ],
          [
            85.3591132,
            28.221262699999993
          ],
          [
            85.3588825,
            28.221156300000008
          ],
          [
            85.3587438,
            28.2210795
          ],
          [
            85.3586572,
            28.220927100000004
          ],
          [
            85.3585698,
            28.220748900000004
          ],
          [
            85.3584718,
            28.220533099999994
          ],
          [
            85.3582308,
            28.2202393
          ],
          [
            85.3580672,
            28.220033699999995
          ],
          [
            85.3577882,
            28.219785500000004
          ],
          [
            85.3576004,
            28.219601199999996
          ],
          [
            85.3573912,
            28.219364899999995
          ],
          [
            85.3571874,
            28.219090699999995
          ],
          [
            85.3568763,
            28.2188165
          ],
          [
            85.3565893,
            28.218594399999997
          ],
          [
            85.3564122,
            28.218462
          ],
          [
            85.356254,
            28.2182659
          ],
          [
            85.3559624,
            28.2179836
          ],
          [
            85.3557745,
            28.2177415
          ],
          [
            85.3556367,
            28.2175385
          ],
          [
            85.3555419,
            28.2173248
          ],
          [
            85.3554214,
            28.217049199999998
          ],
          [
            85.3552582,
            28.216823999999992
          ],
          [
            85.3550939,
            28.216568299999995
          ],
          [
            85.3548749,
            28.21632299999999
          ],
          [
            85.3548004,
            28.216186
          ],
          [
            85.3547013,
            28.2160753
          ],
          [
            85.3546174,
            28.2158921
          ],
          [
            85.3546029,
            28.2156445
          ],
          [
            85.354615,
            28.2154387
          ],
          [
            85.3546433,
            28.215242499999995
          ],
          [
            85.3546835,
            28.2147811
          ],
          [
            85.3547627,
            28.214411
          ],
          [
            85.3548374,
            28.21403479999999
          ],
          [
            85.3548592,
            28.213640499999997
          ],
          [
            85.3548512,
            28.21325759999999
          ],
          [
            85.3547822,
            28.212833999999994
          ],
          [
            85.3546037,
            28.2121479
          ],
          [
            85.3544623,
            28.211723700000004
          ],
          [
            85.3543764,
            28.211496799999995
          ],
          [
            85.354277,
            28.211268799999996
          ],
          [
            85.3541994,
            28.2110146
          ],
          [
            85.3541709,
            28.210770200000002
          ],
          [
            85.35420200000002,
            28.2105184
          ],
          [
            85.35426910000001,
            28.210123499999998
          ],
          [
            85.3542678,
            28.209921399999995
          ],
          [
            85.3542182,
            28.2097264
          ],
          [
            85.3541944,
            28.2094957
          ],
          [
            85.354186,
            28.209286799999997
          ],
          [
            85.3542477,
            28.2088826
          ],
          [
            85.3542741,
            28.2087969
          ],
          [
            85.3543558,
            28.2085319
          ],
          [
            85.3543335,
            28.2082209
          ],
          [
            85.3544435,
            28.207795299999994
          ],
          [
            85.3545052,
            28.2075826
          ],
          [
            85.3546929,
            28.207192599999996
          ],
          [
            85.3548217,
            28.2067884
          ],
          [
            85.3548605,
            28.206551100000002
          ],
          [
            85.3548646,
            28.206457500000003
          ],
          [
            85.3548955,
            28.206205899999997
          ],
          [
            85.3548431,
            28.206072199999998
          ],
          [
            85.3548029,
            28.205909100000003
          ],
          [
            85.3546876,
            28.205705799999997
          ],
          [
            85.3545772,
            28.2055263
          ],
          [
            85.3544489,
            28.2053962
          ],
          [
            85.3543079,
            28.2052212
          ],
          [
            85.3538936,
            28.204753199999992
          ],
          [
            85.3537488,
            28.204531100000004
          ],
          [
            85.35362,
            28.2043065
          ],
          [
            85.3535745,
            28.20419069999999
          ],
          [
            85.3532921,
            28.2037442
          ],
          [
            85.3532002,
            28.20324269999999
          ],
          [
            85.352985,
            28.20233959999999
          ],
          [
            85.3525852,
            28.2003513
          ],
          [
            85.35248,
            28.1995918
          ],
          [
            85.3523831,
            28.199336
          ],
          [
            85.352108,
            28.199003699999995
          ],
          [
            85.3519543,
            28.1985975
          ],
          [
            85.3518202,
            28.1980166
          ],
          [
            85.3515916,
            28.19761129999999
          ],
          [
            85.351472,
            28.197473899999995
          ],
          [
            85.3512821,
            28.197301399999994
          ],
          [
            85.3510543,
            28.197135799999998
          ],
          [
            85.3509353,
            28.197051
          ],
          [
            85.350757,
            28.196872099999997
          ],
          [
            85.3505912,
            28.196587299999997
          ],
          [
            85.35035380000001,
            28.195676900000002
          ],
          [
            85.3502347,
            28.195277099999995
          ],
          [
            85.3497741,
            28.19420849999999
          ],
          [
            85.3491297,
            28.193425099999992
          ],
          [
            85.34891,
            28.192007800000003
          ],
          [
            85.3487117,
            28.191690899999998
          ],
          [
            85.3483397,
            28.191161199999996
          ],
          [
            85.3474878,
            28.18973159999999
          ],
          [
            85.3467497,
            28.188699599999996
          ],
          [
            85.34610500000001,
            28.1879348
          ],
          [
            85.3459219,
            28.1874569
          ],
          [
            85.34577470000002,
            28.186787400000004
          ],
          [
            85.3458047,
            28.186217799999994
          ],
          [
            85.3451906,
            28.1856063
          ],
          [
            85.3445442,
            28.184953799999995
          ],
          [
            85.344102,
            28.184036899999995
          ],
          [
            85.3439246,
            28.183637099999995
          ],
          [
            85.3438114,
            28.1831794
          ],
          [
            85.3436949,
            28.182780799999996
          ],
          [
            85.343715,
            28.182401699999993
          ],
          [
            85.3436936,
            28.182319399999997
          ],
          [
            85.3436134,
            28.182155699999996
          ],
          [
            85.3434173,
            28.182075100000002
          ],
          [
            85.3431107,
            28.181975399999995
          ],
          [
            85.3429162,
            28.181739299999993
          ],
          [
            85.3427556,
            28.181158299999996
          ],
          [
            85.3426722,
            28.180777199999998
          ],
          [
            85.3426633,
            28.1803773
          ],
          [
            85.3426728,
            28.180170100000005
          ],
          [
            85.3426392,
            28.1799331
          ],
          [
            85.3427327,
            28.1793587
          ],
          [
            85.3428027,
            28.178934599999995
          ],
          [
            85.3427577,
            28.1785799
          ],
          [
            85.3428829,
            28.1782323
          ],
          [
            85.3429865,
            28.1779971
          ],
          [
            85.3429497,
            28.177810999999995
          ],
          [
            85.3428838,
            28.1773014
          ],
          [
            85.3427835,
            28.176961099999996
          ],
          [
            85.3427678,
            28.176534799999995
          ],
          [
            85.3427535,
            28.176446199999997
          ],
          [
            85.3427038,
            28.1761377
          ],
          [
            85.3427405,
            28.175852799999998
          ],
          [
            85.3427418,
            28.17551479999999
          ],
          [
            85.3427748,
            28.1753508
          ],
          [
            85.3429465,
            28.1743452
          ],
          [
            85.3430013,
            28.173967200000003
          ],
          [
            85.3429266,
            28.1738088
          ],
          [
            85.3429127,
            28.173498899999995
          ],
          [
            85.3428061,
            28.173135700000003
          ],
          [
            85.3426822,
            28.172829199999995
          ],
          [
            85.3427098,
            28.172649999999997
          ],
          [
            85.3426868,
            28.1724432
          ],
          [
            85.3427036,
            28.172116399999993
          ],
          [
            85.3426869,
            28.171328099999997
          ],
          [
            85.3426739,
            28.170970299999993
          ],
          [
            85.3427953,
            28.17060379999999
          ],
          [
            85.3427419,
            28.170367299999995
          ],
          [
            85.3427625,
            28.170123699999998
          ],
          [
            85.3427062,
            28.1699171
          ],
          [
            85.3426577,
            28.1697139
          ],
          [
            85.3425684,
            28.169309599999995
          ],
          [
            85.3424341,
            28.168329199999995
          ],
          [
            85.3424312,
            28.168146899999996
          ],
          [
            85.3424173,
            28.167774499999997
          ],
          [
            85.3424406,
            28.1675819
          ],
          [
            85.3424861,
            28.1674392
          ],
          [
            85.3425707,
            28.167275000000007
          ],
          [
            85.3426658,
            28.1671531
          ],
          [
            85.3427899,
            28.166993499999997
          ],
          [
            85.342845,
            28.166689500000004
          ],
          [
            85.3428768,
            28.166602899999997
          ],
          [
            85.3428934,
            28.1665014
          ],
          [
            85.3428912,
            28.166378199999997
          ],
          [
            85.3428463,
            28.166129700000003
          ],
          [
            85.342693,
            28.1657707
          ],
          [
            85.34257190000001,
            28.165577799999994
          ],
          [
            85.3421898,
            28.1650042
          ],
          [
            85.3420658,
            28.1648709
          ],
          [
            85.3419347,
            28.1647573
          ],
          [
            85.3418024,
            28.164662200000002
          ],
          [
            85.34155720000001,
            28.164523399999997
          ],
          [
            85.3413057,
            28.164422499999993
          ],
          [
            85.3409875,
            28.1643893
          ],
          [
            85.340532,
            28.1643132
          ],
          [
            85.3402864,
            28.1642576
          ],
          [
            85.34005190000002,
            28.164189399999994
          ],
          [
            85.33984570000001,
            28.164107600000005
          ],
          [
            85.3396849,
            28.1640114
          ],
          [
            85.3395867,
            28.1639001
          ],
          [
            85.3393909,
            28.1634449
          ],
          [
            85.3393403,
            28.163375
          ],
          [
            85.3392711,
            28.1633073
          ],
          [
            85.3391771,
            28.1632397
          ],
          [
            85.339052,
            28.16317
          ],
          [
            85.338553,
            28.162948799999988
          ],
          [
            85.3381598,
            28.16275209999999
          ],
          [
            85.3378941,
            28.16258849999999
          ],
          [
            85.3377417,
            28.162454299999997
          ],
          [
            85.3376559,
            28.162331
          ],
          [
            85.3375777,
            28.1621786
          ],
          [
            85.3375177,
            28.1620127
          ],
          [
            85.3374859,
            28.161848499999994
          ],
          [
            85.337497,
            28.1616699
          ],
          [
            85.3376032,
            28.161113599999993
          ],
          [
            85.3376654,
            28.160644799999996
          ],
          [
            85.337625,
            28.160475699999992
          ],
          [
            85.3375494,
            28.160276699999997
          ],
          [
            85.33754070000002,
            28.1601462
          ],
          [
            85.3374678,
            28.1600291
          ],
          [
            85.337362,
            28.1598988
          ],
          [
            85.3371801,
            28.159850199999997
          ],
          [
            85.33697890000002,
            28.159828299999994
          ],
          [
            85.3365713,
            28.159699800000002
          ],
          [
            85.335946,
            28.1594676
          ],
          [
            85.3355644,
            28.159229599999993
          ],
          [
            85.3352234,
            28.158967199999996
          ],
          [
            85.3347748,
            28.158808899999997
          ],
          [
            85.3343802,
            28.158752299999996
          ],
          [
            85.3340535,
            28.158677
          ],
          [
            85.3339434,
            28.158631599999996
          ],
          [
            85.333848,
            28.1585642
          ],
          [
            85.3336178,
            28.158337699999997
          ],
          [
            85.332979,
            28.157596699999996
          ],
          [
            85.33277390000002,
            28.1573924
          ],
          [
            85.3326739,
            28.157321699999997
          ],
          [
            85.3324092,
            28.1571811
          ],
          [
            85.331426,
            28.1567493
          ],
          [
            85.3312826,
            28.1566735
          ],
          [
            85.3311212,
            28.156566800000004
          ],
          [
            85.3309161,
            28.156409
          ],
          [
            85.330426,
            28.155994099999997
          ],
          [
            85.3291962,
            28.154842799999997
          ],
          [
            85.3282423,
            28.1538869
          ],
          [
            85.328064,
            28.153712799999994
          ],
          [
            85.3279363,
            28.153630299999996
          ],
          [
            85.3275485,
            28.1534571
          ],
          [
            85.3273835,
            28.153354399999994
          ],
          [
            85.3273022,
            28.153287100000004
          ],
          [
            85.3272221,
            28.1531995
          ],
          [
            85.3270634,
            28.152959499999994
          ],
          [
            85.3266736,
            28.1522561
          ],
          [
            85.326519,
            28.152057299999996
          ],
          [
            85.3264191,
            28.1519809
          ],
          [
            85.3261108,
            28.1518156
          ],
          [
            85.3253143,
            28.151466699999997
          ],
          [
            85.3249712,
            28.1513013
          ],
          [
            85.32484530000002,
            28.151224899999995
          ],
          [
            85.32443900000001,
            28.150938199999995
          ],
          [
            85.3242126,
            28.150820999999997
          ],
          [
            85.3240829,
            28.1507747
          ],
          [
            85.32393790000002,
            28.15073869999999
          ],
          [
            85.3237747,
            28.1507148
          ],
          [
            85.3234034,
            28.150698500000004
          ],
          [
            85.3230839,
            28.150665199999995
          ],
          [
            85.3228256,
            28.1505994
          ],
          [
            85.3226163,
            28.150496100000005
          ],
          [
            85.3224435,
            28.150350399999997
          ],
          [
            85.3222088,
            28.150062099999996
          ],
          [
            85.3220265,
            28.149861899999998
          ],
          [
            85.3218138,
            28.149670799999992
          ],
          [
            85.3216942,
            28.149582299999995
          ],
          [
            85.32142430000002,
            28.149426099999996
          ],
          [
            85.3212726,
            28.1493613
          ],
          [
            85.3209984,
            28.1492687
          ],
          [
            85.3206945,
            28.148964699999997
          ],
          [
            85.3204673,
            28.1489124
          ],
          [
            85.3203607,
            28.1488221
          ],
          [
            85.3202429,
            28.148726
          ],
          [
            85.3201385,
            28.148611299999995
          ],
          [
            85.3201245,
            28.1485858
          ],
          [
            85.3200135,
            28.148386699999996
          ],
          [
            85.3199657,
            28.148300600000002
          ],
          [
            85.3199073,
            28.148226899999997
          ],
          [
            85.3198349,
            28.148169399999997
          ],
          [
            85.3197427,
            28.1481207
          ],
          [
            85.3195008,
            28.148023899999995
          ],
          [
            85.3190625,
            28.147894199999996
          ],
          [
            85.3186415,
            28.147806399999997
          ],
          [
            85.3183128,
            28.1477671
          ],
          [
            85.3181053,
            28.1477268
          ],
          [
            85.3179142,
            28.147649299999998
          ],
          [
            85.3178282,
            28.147590099999995
          ],
          [
            85.3177505,
            28.147513700000005
          ],
          [
            85.3176822,
            28.147417599999997
          ],
          [
            85.3175648,
            28.1471704
          ],
          [
            85.3174902,
            28.147046099999997
          ],
          [
            85.3173103,
            28.146814999999993
          ],
          [
            85.3171119,
            28.146613799999997
          ],
          [
            85.3169217,
            28.146450799999993
          ],
          [
            85.3167665,
            28.1463341
          ],
          [
            85.3165973,
            28.146232999999995
          ],
          [
            85.3163658,
            28.1461201
          ],
          [
            85.3160998,
            28.146008599999995
          ],
          [
            85.315697,
            28.145872600000004
          ],
          [
            85.3145872,
            28.1456305
          ],
          [
            85.3139249,
            28.1454574
          ],
          [
            85.3137532,
            28.145398499999995
          ],
          [
            85.3136229,
            28.145340799999996
          ],
          [
            85.3133995,
            28.145215799999995
          ],
          [
            85.3131771,
            28.145062599999996
          ],
          [
            85.3130771,
            28.144973099999998
          ],
          [
            85.3129903,
            28.1448736
          ],
          [
            85.312921,
            28.1447632
          ],
          [
            85.3128735,
            28.14464089999999
          ],
          [
            85.3128521,
            28.144505800000005
          ],
          [
            85.3128612,
            28.144356999999992
          ],
          [
            85.3129926,
            28.143420400000004
          ],
          [
            85.3130287,
            28.142904799999997
          ],
          [
            85.3130252,
            28.142777399999996
          ],
          [
            85.3129957,
            28.142594899999995
          ],
          [
            85.3129326,
            28.141954999999996
          ],
          [
            85.3128555,
            28.141683100000005
          ],
          [
            85.3127933,
            28.1415606
          ],
          [
            85.312711,
            28.141452599999997
          ],
          [
            85.3126147,
            28.141361899999996
          ],
          [
            85.3125138,
            28.141287999999996
          ],
          [
            85.3124101,
            28.141229999999997
          ],
          [
            85.3122014,
            28.1411581
          ],
          [
            85.3120029,
            28.141139699999997
          ],
          [
            85.31182920000002,
            28.141167799999998
          ],
          [
            85.3116654,
            28.1412484
          ],
          [
            85.3106353,
            28.1419047
          ],
          [
            85.3103448,
            28.14207379999999
          ],
          [
            85.3102541,
            28.142114799999995
          ],
          [
            85.3100296,
            28.142173999999997
          ],
          [
            85.3098638,
            28.142191699999994
          ],
          [
            85.309779,
            28.1421898
          ],
          [
            85.3096104,
            28.142157200000003
          ],
          [
            85.3094494,
            28.142077
          ],
          [
            85.3076233,
            28.1407319
          ],
          [
            85.3075203,
            28.140660499999996
          ],
          [
            85.3060828,
            28.1393561
          ],
          [
            85.3046923,
            28.137547499999997
          ],
          [
            85.30333640000002,
            28.1350049
          ],
          [
            85.3028335,
            28.134613900000005
          ],
          [
            85.3026186,
            28.134506299999998
          ],
          [
            85.3025608,
            28.134434699999996
          ],
          [
            85.302528,
            28.134336299999994
          ],
          [
            85.3026272,
            28.134035699999988
          ],
          [
            85.3026116,
            28.1338612
          ],
          [
            85.3023343,
            28.1336234
          ],
          [
            85.3011448,
            28.132620500000005
          ],
          [
            85.3009424,
            28.132383999999995
          ],
          [
            85.3006023,
            28.131505700000005
          ],
          [
            85.3004252,
            28.1313217
          ],
          [
            85.3004022,
            28.131180199999996
          ],
          [
            85.3005091,
            28.131040199999997
          ],
          [
            85.3006002,
            28.1309499
          ],
          [
            85.3006023,
            28.130801899999998
          ],
          [
            85.3004923,
            28.130523099999998
          ],
          [
            85.3004513,
            28.130387499999998
          ],
          [
            85.300565,
            28.130127899999998
          ],
          [
            85.3005771,
            28.129915899999993
          ],
          [
            85.3004577,
            28.129700299999996
          ],
          [
            85.3002729,
            28.129491799999997
          ],
          [
            85.2999343,
            28.1291096
          ],
          [
            85.2987956,
            28.128339000000004
          ],
          [
            85.2985606,
            28.128044999999997
          ],
          [
            85.2981267,
            28.1275022
          ],
          [
            85.2980461,
            28.127313299999997
          ],
          [
            85.297939,
            28.1271264
          ],
          [
            85.297776,
            28.126818300000004
          ],
          [
            85.2976758,
            28.126655999999997
          ],
          [
            85.2975361,
            28.126495799999994
          ],
          [
            85.2974126,
            28.126419800000004
          ],
          [
            85.2972566,
            28.1263849
          ],
          [
            85.2970656,
            28.1263582
          ],
          [
            85.2969701,
            28.1263027
          ],
          [
            85.2968653,
            28.126191800000004
          ],
          [
            85.2967465,
            28.1260439
          ],
          [
            85.29653,
            28.125871399999998
          ],
          [
            85.2963134,
            28.12576049999999
          ],
          [
            85.2960409,
            28.1256619
          ],
          [
            85.2956962,
            28.1255366
          ],
          [
            85.2954237,
            28.1254298
          ],
          [
            85.2952048,
            28.1253189
          ],
          [
            85.2949579,
            28.125154599999995
          ],
          [
            85.294555,
            28.1248423
          ],
          [
            85.29422190000001,
            28.124561000000003
          ],
          [
            85.2940403,
            28.124363799999994
          ],
          [
            85.2937911,
            28.124092599999997
          ],
          [
            85.2935815,
            28.123778399999996
          ],
          [
            85.2934114,
            28.123441499999995
          ],
          [
            85.2932717,
            28.1231909
          ],
          [
            85.2931506,
            28.123049200000004
          ],
          [
            85.2929876,
            28.122905400000004
          ],
          [
            85.2928595,
            28.122835599999995
          ],
          [
            85.2926592,
            28.122749299999995
          ],
          [
            85.2923378,
            28.122623999999995
          ],
          [
            85.292198,
            28.1225521
          ],
          [
            85.29201170000002,
            28.1224761
          ],
          [
            85.2918394,
            28.122445300000006
          ],
          [
            85.2916135,
            28.122426800000003
          ],
          [
            85.2914085,
            28.1223139
          ],
          [
            85.2912571,
            28.122192699999992
          ],
          [
            85.2911081,
            28.121966699999998
          ],
          [
            85.29090780000001,
            28.1216216
          ],
          [
            85.2907401,
            28.121309400000005
          ],
          [
            85.2905375,
            28.1210506
          ],
          [
            85.290265,
            28.1208349
          ],
          [
            85.2900134,
            28.120680899999996
          ],
          [
            85.2898318,
            28.1205885
          ],
          [
            85.2895243,
            28.120477499999996
          ],
          [
            85.2893194,
            28.120430299999995
          ],
          [
            85.2891127,
            28.1202822
          ],
          [
            85.2889856,
            28.120164099999997
          ],
          [
            85.2887092,
            28.11989210000001
          ],
          [
            85.2885066,
            28.119557299999997
          ],
          [
            85.2882807,
            28.1191711
          ],
          [
            85.2881246,
            28.118936999999992
          ],
          [
            85.2879104,
            28.1187131
          ],
          [
            85.2876425,
            28.1185241
          ],
          [
            85.2874981,
            28.118446000000002
          ],
          [
            85.2873188,
            28.118374099999997
          ],
          [
            85.28713480000002,
            28.118320699999998
          ],
          [
            85.2869601,
            28.118252899999998
          ],
          [
            85.2867039,
            28.118174899999996
          ],
          [
            85.2864757,
            28.1180886
          ],
          [
            85.2860518,
            28.117942799999994
          ],
          [
            85.2856885,
            28.1177641
          ],
          [
            85.2853322,
            28.1175566
          ],
          [
            85.285069,
            28.117400499999995
          ],
          [
            85.2849223,
            28.117310099999997
          ],
          [
            85.2847359,
            28.117203299999993
          ],
          [
            85.284543,
            28.117111299999994
          ],
          [
            85.2843716,
            28.117002899999996
          ],
          [
            85.2841956,
            28.116920199999992
          ],
          [
            85.2840824,
            28.116844399999998
          ],
          [
            85.2839483,
            28.116772999999995
          ],
          [
            85.2838556,
            28.1166224
          ],
          [
            85.2837076,
            28.1165134
          ],
          [
            85.2835416,
            28.116424800000008
          ],
          [
            85.2832671,
            28.116345
          ],
          [
            85.2830665,
            28.116257899999994
          ],
          [
            85.2828945,
            28.116159899999996
          ],
          [
            85.282767,
            28.1159654
          ],
          [
            85.2827093,
            28.115847499999997
          ],
          [
            85.2826303,
            28.1156812
          ],
          [
            85.2826143,
            28.115528599999998
          ],
          [
            85.2825968,
            28.1153732
          ],
          [
            85.2825436,
            28.115140899999997
          ],
          [
            85.2824721,
            28.114889199999993
          ],
          [
            85.2823435,
            28.114598799999996
          ],
          [
            85.2821521,
            28.11430509999999
          ],
          [
            85.2818759,
            28.1140296
          ],
          [
            85.2815569,
            28.1136968
          ],
          [
            85.2812122,
            28.1132819
          ],
          [
            85.2811226,
            28.113144099999996
          ],
          [
            85.2810004,
            28.1129807
          ],
          [
            85.2807019,
            28.1127824
          ],
          [
            85.2803481,
            28.112513600000003
          ],
          [
            85.28016180000002,
            28.1123493
          ],
          [
            85.2800011,
            28.112256800000004
          ],
          [
            85.2799502,
            28.112205299999996
          ],
          [
            85.27984310000001,
            28.112140900000004
          ],
          [
            85.27968280000002,
            28.112011399999997
          ],
          [
            85.2794689,
            28.111842699999997
          ],
          [
            85.2793348,
            28.111707000000003
          ],
          [
            85.2791394,
            28.111539899999993
          ],
          [
            85.2790392,
            28.11140019999999
          ],
          [
            85.2789344,
            28.111244099999993
          ],
          [
            85.2788483,
            28.1111229
          ],
          [
            85.2787365,
            28.111024299999993
          ],
          [
            85.2786375,
            28.1109493
          ],
          [
            85.278556,
            28.110913299999993
          ],
          [
            85.2784803,
            28.1108907
          ],
          [
            85.2783618,
            28.1108712
          ],
          [
            85.2783206,
            28.1108658
          ],
          [
            85.2783029,
            28.110867
          ],
          [
            85.27799900000001,
            28.110841
          ],
          [
            85.277881,
            28.1108202
          ],
          [
            85.2777608,
            28.1107786
          ],
          [
            85.2776613,
            28.110768899999993
          ],
          [
            85.2775729,
            28.110709199999995
          ],
          [
            85.2774654,
            28.1105934
          ],
          [
            85.2773171,
            28.1102092
          ],
          [
            85.2772736,
            28.110091099999998
          ],
          [
            85.2771837,
            28.1099484
          ],
          [
            85.2770519,
            28.109782799999998
          ],
          [
            85.2769504,
            28.10968979999999
          ],
          [
            85.2768976,
            28.109655399999994
          ],
          [
            85.2764147,
            28.1094724
          ],
          [
            85.2762238,
            28.109377899999995
          ],
          [
            85.2760758,
            28.1092741
          ],
          [
            85.2759983,
            28.109169
          ],
          [
            85.2759175,
            28.1089796
          ],
          [
            85.27587840000001,
            28.108930599999997
          ],
          [
            85.2758092,
            28.108894000000003
          ],
          [
            85.27563730000001,
            28.108853399999994
          ],
          [
            85.27561,
            28.1088284
          ],
          [
            85.2755813,
            28.1087398
          ],
          [
            85.2755568,
            28.108563799999995
          ],
          [
            85.2755101,
            28.108477
          ],
          [
            85.2754473,
            28.108437900000002
          ],
          [
            85.2754083,
            28.108430699999992
          ],
          [
            85.2751765,
            28.1084419
          ],
          [
            85.2750815,
            28.108422099999995
          ],
          [
            85.2750367,
            28.108397099999994
          ],
          [
            85.2749796,
            28.108336599999998
          ],
          [
            85.2749267,
            28.108104899999997
          ],
          [
            85.2748489,
            28.107980699999995
          ],
          [
            85.2746771,
            28.1077927
          ],
          [
            85.2744599,
            28.1076149
          ],
          [
            85.2740853,
            28.107394999999997
          ],
          [
            85.2738132,
            28.107270399999997
          ],
          [
            85.2736109,
            28.1072039
          ],
          [
            85.2735078,
            28.10718109999999
          ],
          [
            85.2730324,
            28.107123499999993
          ],
          [
            85.2728981,
            28.1070958
          ],
          [
            85.2727514,
            28.107043799999996
          ],
          [
            85.2726745,
            28.107005800000003
          ],
          [
            85.2726016,
            28.106961200000004
          ],
          [
            85.2724709,
            28.1068594
          ],
          [
            85.2723211,
            28.1067038
          ],
          [
            85.2722418,
            28.1065896
          ],
          [
            85.2718936,
            28.1057988
          ],
          [
            85.2717537,
            28.105529699999995
          ],
          [
            85.2716827,
            28.105454399999996
          ],
          [
            85.2714004,
            28.105233300000002
          ],
          [
            85.2713191,
            28.1051558
          ],
          [
            85.2711876,
            28.104987399999995
          ],
          [
            85.2710554,
            28.1046086
          ],
          [
            85.2709716,
            28.1042902
          ],
          [
            85.2709017,
            28.104160799999995
          ],
          [
            85.2708132,
            28.104078600000005
          ],
          [
            85.2706991,
            28.1040129
          ],
          [
            85.2705617,
            28.1039595
          ],
          [
            85.2703148,
            28.103908099999998
          ],
          [
            85.2701239,
            28.103899899999995
          ],
          [
            85.2700097,
            28.1038382
          ],
          [
            85.26991890000001,
            28.103760199999996
          ],
          [
            85.2697792,
            28.103663599999997
          ],
          [
            85.2695416,
            28.103567099999996
          ],
          [
            85.2693227,
            28.1034787
          ],
          [
            85.2691876,
            28.103392399999997
          ],
          [
            85.2691084,
            28.1032918
          ],
          [
            85.2690059,
            28.1030452
          ],
          [
            85.268964,
            28.102897299999995
          ],
          [
            85.2689058,
            28.10273709999999
          ],
          [
            85.2688382,
            28.102630299999998
          ],
          [
            85.2686659,
            28.1024577
          ],
          [
            85.2685471,
            28.102404299999993
          ],
          [
            85.2683864,
            28.1023467
          ],
          [
            85.2682281,
            28.102309799999997
          ],
          [
            85.2680441,
            28.102299499999994
          ],
          [
            85.2678484,
            28.1023077
          ],
          [
            85.2676924,
            28.102340599999998
          ],
          [
            85.2675573,
            28.102404299999996
          ],
          [
            85.2674292,
            28.102445399999997
          ],
          [
            85.2673244,
            28.102465899999995
          ],
          [
            85.2672382,
            28.102472100000004
          ],
          [
            85.2671451,
            28.102455600000006
          ],
          [
            85.2670705,
            28.1024392
          ],
          [
            85.2669657,
            28.102371400000003
          ],
          [
            85.2668516,
            28.102244
          ],
          [
            85.2666932,
            28.1020653
          ],
          [
            85.2666187,
            28.101983099999998
          ],
          [
            85.2665442,
            28.101866
          ],
          [
            85.266458,
            28.101666699999996
          ],
          [
            85.2664231,
            28.101543499999995
          ],
          [
            85.2663765,
            28.10145719999999
          ],
          [
            85.2662973,
            28.101391400000004
          ],
          [
            85.266118,
            28.101335999999996
          ],
          [
            85.265948,
            28.10132979999999
          ],
          [
            85.26588510000002,
            28.101307200000004
          ],
          [
            85.2658315,
            28.101262
          ],
          [
            85.2657919,
            28.1011922
          ],
          [
            85.2657337,
            28.101087400000004
          ],
          [
            85.2656336,
            28.1009497
          ],
          [
            85.26547520000001,
            28.100773100000005
          ],
          [
            85.2653378,
            28.100643600000005
          ],
          [
            85.2652246,
            28.100484000000005
          ],
          [
            85.2650128,
            28.10028449999999
          ],
          [
            85.2647071,
            28.100009500000002
          ],
          [
            85.2645275,
            28.099858500000003
          ],
          [
            85.2644089,
            28.099722000000003
          ],
          [
            85.2642993,
            28.099549399999997
          ],
          [
            85.2641826,
            28.099351399999993
          ],
          [
            85.26415,
            28.099244499999994
          ],
          [
            85.2641197,
            28.099121299999997
          ],
          [
            85.2640731,
            28.098944600000003
          ],
          [
            85.2640103,
            28.0988603
          ],
          [
            85.26393570000002,
            28.098753499999997
          ],
          [
            85.2638412,
            28.098580400000003
          ],
          [
            85.263796,
            28.098499399999998
          ],
          [
            85.2636236,
            28.098287099999997
          ],
          [
            85.2635118,
            28.0981721
          ],
          [
            85.2634415,
            28.098107499999998
          ],
          [
            85.2633208,
            28.097998599999997
          ],
          [
            85.2631183,
            28.097848399999997
          ],
          [
            85.2629252,
            28.097748999999997
          ],
          [
            85.2626368,
            28.0976153
          ],
          [
            85.2621326,
            28.097372799999995
          ],
          [
            85.2619649,
            28.097248600000004
          ],
          [
            85.2618442,
            28.09714569999999
          ],
          [
            85.2616981,
            28.09698
          ],
          [
            85.2614956,
            28.096743399999998
          ],
          [
            85.2612582,
            28.096465399999992
          ],
          [
            85.2610731,
            28.096272599999995
          ],
          [
            85.2608424,
            28.0960958
          ],
          [
            85.2603355,
            28.0958952
          ],
          [
            85.2595496,
            28.095677499999997
          ],
          [
            85.2585974,
            28.095473999999996
          ],
          [
            85.2577016,
            28.095360399999997
          ],
          [
            85.2568969,
            28.095232599999996
          ],
          [
            85.2562344,
            28.0951404
          ],
          [
            85.2556095,
            28.095029199999995
          ],
          [
            85.2548853,
            28.094763000000004
          ],
          [
            85.2545017,
            28.0945701
          ],
          [
            85.2539545,
            28.0942389
          ],
          [
            85.2536361,
            28.094016099999997
          ],
          [
            85.2533323,
            28.0938035
          ],
          [
            85.2526204,
            28.0933609
          ],
          [
            85.2520609,
            28.093107799999995
          ],
          [
            85.2514654,
            28.092927999999997
          ],
          [
            85.2503065,
            28.092796799999995
          ],
          [
            85.2496684,
            28.092724499999992
          ],
          [
            85.2488476,
            28.092672400000005
          ],
          [
            85.24795710000001,
            28.0926535
          ],
          [
            85.2469218,
            28.092610899999997
          ],
          [
            85.2458408,
            28.092542299999995
          ],
          [
            85.2448887,
            28.092485499999995
          ],
          [
            85.2441671,
            28.0924902
          ],
          [
            85.2436924,
            28.0925115
          ],
          [
            85.2432471,
            28.092478399999997
          ],
          [
            85.2429011,
            28.0924737
          ],
          [
            85.2423245,
            28.0922394
          ],
          [
            85.2420455,
            28.092111599999996
          ],
          [
            85.2417746,
            28.0919744
          ],
          [
            85.2415118,
            28.091752000000003
          ],
          [
            85.2411523,
            28.091562699999997
          ],
          [
            85.2407715,
            28.091460900000005
          ],
          [
            85.2400419,
            28.0913923
          ],
          [
            85.2386606,
            28.0913757
          ],
          [
            85.2376977,
            28.0913119
          ],
          [
            85.2370325,
            28.0912101
          ],
          [
            85.2362573,
            28.0909711
          ],
          [
            85.2335697,
            28.0900483
          ],
          [
            85.23284820000002,
            28.089785600000003
          ],
          [
            85.2324714,
            28.089653199999997
          ],
          [
            85.2321884,
            28.0895537
          ],
          [
            85.2320878,
            28.089519399999997
          ],
          [
            85.2318826,
            28.089444900000004
          ],
          [
            85.2316385,
            28.089328900000005
          ],
          [
            85.23140790000001,
            28.089165699999995
          ],
          [
            85.2311799,
            28.088990600000002
          ],
          [
            85.2309975,
            28.088768100000003
          ],
          [
            85.2307078,
            28.088323299999995
          ],
          [
            85.2302411,
            28.087814500000004
          ],
          [
            85.2297851,
            28.087454799999993
          ],
          [
            85.2296993,
            28.087355399999996
          ],
          [
            85.2295572,
            28.086981599999998
          ],
          [
            85.2294552,
            28.086789899999996
          ],
          [
            85.2293506,
            28.0866384
          ],
          [
            85.2292433,
            28.0864894
          ],
          [
            85.2291092,
            28.086361600000004
          ],
          [
            85.2290288,
            28.0862764
          ],
          [
            85.2289805,
            28.086167499999995
          ],
          [
            85.2289376,
            28.085852799999998
          ],
          [
            85.2289,
            28.085677699999994
          ],
          [
            85.2288651,
            28.0855144
          ],
          [
            85.2288142,
            28.0854292
          ],
          [
            85.2287284,
            28.085341700000004
          ],
          [
            85.2286211,
            28.0852683
          ],
          [
            85.2284548,
            28.085190199999992
          ],
          [
            85.2283153,
            28.0851571
          ],
          [
            85.2277037,
            28.085055299999997
          ],
          [
            85.2272156,
            28.084925199999994
          ],
          [
            85.2267998,
            28.0847856
          ],
          [
            85.2264807,
            28.084643599999993
          ],
          [
            85.2260971,
            28.084430599999997
          ],
          [
            85.2258664,
            28.0843241
          ],
          [
            85.2252373,
            28.084091899999997
          ],
          [
            85.225103,
            28.0840315
          ],
          [
            85.2247698,
            28.083842099999988
          ],
          [
            85.2246353,
            28.0837657
          ],
          [
            85.2243215,
            28.0835503
          ],
          [
            85.223954,
            28.0833089
          ],
          [
            85.2235249,
            28.083084099999994
          ],
          [
            85.2230926,
            28.0829039
          ],
          [
            85.2223416,
            28.082637000000002
          ],
          [
            85.2221988,
            28.082578
          ],
          [
            85.2220567,
            28.082479599999992
          ],
          [
            85.2219611,
            28.082359999999998
          ],
          [
            85.221878,
            28.082241699999997
          ],
          [
            85.2217734,
            28.082047599999996
          ],
          [
            85.2216715,
            28.0819033
          ],
          [
            85.2215543,
            28.08178849999999
          ],
          [
            85.2212289,
            28.0816004
          ],
          [
            85.2207836,
            28.081385000000004
          ],
          [
            85.2203652,
            28.081221700000004
          ],
          [
            85.2197295,
            28.0810135
          ],
          [
            85.2194023,
            28.080890399999998
          ],
          [
            85.2191448,
            28.0807461
          ],
          [
            85.2189866,
            28.0806065
          ],
          [
            85.2188015,
            28.0803958
          ],
          [
            85.2186674,
            28.080227799999996
          ],
          [
            85.218485,
            28.080003
          ],
          [
            85.2183589,
            28.079856299999996
          ],
          [
            85.2182028,
            28.079712600000004
          ],
          [
            85.2179007,
            28.079470099999998
          ],
          [
            85.2178874,
            28.079459800000002
          ],
          [
            85.21777820000001,
            28.079389000000003
          ],
          [
            85.2176865,
            28.079317299999992
          ],
          [
            85.2175483,
            28.079176399999994
          ],
          [
            85.2174587,
            28.079047499999998
          ],
          [
            85.2173282,
            28.078801800000004
          ],
          [
            85.21714690000002,
            28.0785771
          ],
          [
            85.2169583,
            28.0783928
          ],
          [
            85.2166371,
            28.078182499999993
          ],
          [
            85.21653,
            28.078099399999996
          ],
          [
            85.216492,
            28.0780575
          ],
          [
            85.2164061,
            28.0778896
          ],
          [
            85.2163146,
            28.0777831
          ],
          [
            85.2162355,
            28.077733100000003
          ],
          [
            85.2159512,
            28.077662399999998
          ],
          [
            85.2157672,
            28.077573599999994
          ],
          [
            85.2157047,
            28.077532099999996
          ],
          [
            85.2152953,
            28.077198799999998
          ],
          [
            85.215087,
            28.077053199999998
          ],
          [
            85.2150142,
            28.0770023
          ],
          [
            85.214582,
            28.0767799
          ],
          [
            85.2135014,
            28.076287599999993
          ],
          [
            85.2128995,
            28.075954799999998
          ],
          [
            85.212885,
            28.0759468
          ],
          [
            85.2125144,
            28.075719599999996
          ],
          [
            85.2116963,
            28.075128299999996
          ],
          [
            85.2114714,
            28.074981899999997
          ],
          [
            85.2112937,
            28.074915799999996
          ],
          [
            85.2109564,
            28.0748422
          ],
          [
            85.2107155,
            28.074814099999998
          ],
          [
            85.2102698,
            28.0747973
          ],
          [
            85.2100557,
            28.074764500000004
          ],
          [
            85.2098524,
            28.0747062
          ],
          [
            85.2097574,
            28.074667099999996
          ],
          [
            85.2095853,
            28.0745681
          ],
          [
            85.2095103,
            28.074507900000004
          ],
          [
            85.20935130000001,
            28.0743434
          ],
          [
            85.209173,
            28.074129399999997
          ],
          [
            85.2088511,
            28.073695599999997
          ],
          [
            85.2087539,
            28.07354700000001
          ],
          [
            85.2086393,
            28.073344399999996
          ],
          [
            85.2085087,
            28.0730607
          ],
          [
            85.2083926,
            28.0726968
          ],
          [
            85.2083212,
            28.0722852
          ],
          [
            85.2082993,
            28.071932299999997
          ],
          [
            85.2083087,
            28.071507
          ],
          [
            85.2083079,
            28.0710515
          ],
          [
            85.2082934,
            28.0708966
          ],
          [
            85.2082658,
            28.070759099999993
          ],
          [
            85.208206,
            28.07060329999999
          ],
          [
            85.2081573,
            28.0705066
          ],
          [
            85.2080204,
            28.070289900000002
          ],
          [
            85.2079313,
            28.07017559999999
          ],
          [
            85.2077101,
            28.069949599999998
          ],
          [
            85.2075772,
            28.069843699999993
          ],
          [
            85.2074289,
            28.069746200000004
          ],
          [
            85.2071282,
            28.069583199999997
          ],
          [
            85.2069395,
            28.069488799999995
          ],
          [
            85.20673160000001,
            28.069410700000002
          ],
          [
            85.2062065,
            28.069241499999997
          ],
          [
            85.205922,
            28.06913399999999
          ],
          [
            85.2055355,
            28.068964599999997
          ],
          [
            85.2054226,
            28.0689036
          ],
          [
            85.20536,
            28.0688574
          ],
          [
            85.20528250000001,
            28.068778199999997
          ],
          [
            85.2052399,
            28.0687121
          ],
          [
            85.2052032,
            28.068630099999996
          ],
          [
            85.2051725,
            28.068524999999998
          ],
          [
            85.2051543,
            28.0683858
          ],
          [
            85.2051172,
            28.067794299999992
          ],
          [
            85.2051226,
            28.067349199999995
          ],
          [
            85.2051635,
            28.067010599999996
          ],
          [
            85.2053128,
            28.066550499999995
          ],
          [
            85.2054647,
            28.0661623
          ],
          [
            85.2055031,
            28.066086599999995
          ],
          [
            85.2055859,
            28.065964499999996
          ],
          [
            85.2058706,
            28.065619700000003
          ],
          [
            85.2062253,
            28.0652287
          ],
          [
            85.2063101,
            28.0650963
          ],
          [
            85.2063549,
            28.065026400000004
          ],
          [
            85.2065984,
            28.064601499999995
          ],
          [
            85.2068474,
            28.064139099999995
          ],
          [
            85.2069725,
            28.063878300000002
          ],
          [
            85.2069987,
            28.06382379999999
          ],
          [
            85.2070294,
            28.06375969999999
          ],
          [
            85.2072168,
            28.063369199999997
          ],
          [
            85.2074316,
            28.0628702
          ],
          [
            85.2075072,
            28.0626323
          ],
          [
            85.2076549,
            28.0621671
          ],
          [
            85.2077493,
            28.0618632
          ],
          [
            85.2077916,
            28.061697899999995
          ],
          [
            85.2078792,
            28.0613246
          ],
          [
            85.2079306,
            28.06090329999999
          ],
          [
            85.2079608,
            28.060639299999995
          ],
          [
            85.207994,
            28.060362
          ],
          [
            85.2080756,
            28.060084700000004
          ],
          [
            85.2081844,
            28.0597941
          ],
          [
            85.2083234,
            28.059548799999998
          ],
          [
            85.208408,
            28.0592955
          ],
          [
            85.2085168,
            28.0587142
          ],
          [
            85.2085863,
            28.0582822
          ],
          [
            85.2086558,
            28.0579702
          ],
          [
            85.208692,
            28.0577089
          ],
          [
            85.208695,
            28.057508900000002
          ],
          [
            85.2087068,
            28.0571865
          ],
          [
            85.2087162,
            28.0565863
          ],
          [
            85.2087378,
            28.056212399999996
          ],
          [
            85.2087494,
            28.056050399999997
          ],
          [
            85.2087222,
            28.055885
          ],
          [
            85.2086739,
            28.055703699999995
          ],
          [
            85.2085681,
            28.055458399999992
          ],
          [
            85.2082781,
            28.054983700000005
          ],
          [
            85.2080847,
            28.054701099999992
          ],
          [
            85.207997,
            28.0545731
          ],
          [
            85.2076496,
            28.0540211
          ],
          [
            85.207157,
            28.053229099999996
          ],
          [
            85.2069093,
            28.0528212
          ],
          [
            85.2068126,
            28.052669199999997
          ],
          [
            85.2066675,
            28.052463799999998
          ],
          [
            85.20645,
            28.0522212
          ],
          [
            85.2062838,
            28.052114499999995
          ],
          [
            85.2061267,
            28.052039799999992
          ],
          [
            85.2056463,
            28.0518932
          ],
          [
            85.2054106,
            28.051823799999998
          ],
          [
            85.2052051,
            28.0516798
          ],
          [
            85.2050208,
            28.0515385
          ],
          [
            85.2045947,
            28.051205200000002
          ],
          [
            85.2042291,
            28.050898500000002
          ],
          [
            85.2037517,
            28.050517199999998
          ],
          [
            85.2029389,
            28.049965199999995
          ],
          [
            85.2028271,
            28.049845199999996
          ],
          [
            85.2026967,
            28.0496576
          ],
          [
            85.2026696,
            28.0496102
          ],
          [
            85.2025417,
            28.0493866
          ],
          [
            85.2024978,
            28.049146500000003
          ],
          [
            85.20247960000002,
            28.048949199999996
          ],
          [
            85.2024736,
            28.0487492
          ],
          [
            85.2024736,
            28.0484558
          ],
          [
            85.2024524,
            28.0482478
          ],
          [
            85.2023708,
            28.0480398
          ],
          [
            85.20213520000001,
            28.047599799999997
          ],
          [
            85.2019267,
            28.0472238
          ],
          [
            85.2014493,
            28.046362499999997
          ],
          [
            85.2009356,
            28.045439799999993
          ],
          [
            85.2007599,
            28.045232
          ],
          [
            85.1992857,
            28.0442181
          ],
          [
            85.1977716,
            28.0432499
          ],
          [
            85.1967953,
            28.042486399999998
          ],
          [
            85.1954529,
            28.041584499999992
          ],
          [
            85.19519,
            28.041391499999996
          ],
          [
            85.1949513,
            28.041146499999996
          ],
          [
            85.1945624,
            28.0407156
          ],
          [
            85.19422710000002,
            28.040277699999997
          ],
          [
            85.1939119,
            28.039830299999995
          ],
          [
            85.1937269,
            28.0394136
          ],
          [
            85.1935284,
            28.0383258
          ],
          [
            85.1935297,
            28.038045199999996
          ],
          [
            85.1935311,
            28.0376558
          ],
          [
            85.1935525,
            28.03745809999999
          ],
          [
            85.1937336,
            28.036959799999995
          ],
          [
            85.1940259,
            28.036438899999993
          ],
          [
            85.1942298,
            28.03616899999999
          ],
          [
            85.1945704,
            28.0358045
          ],
          [
            85.1947153,
            28.035634
          ],
          [
            85.1948091,
            28.0353759
          ],
          [
            85.1948225,
            28.034935600000004
          ],
          [
            85.1948145,
            28.034473899999995
          ],
          [
            85.194793,
            28.03408569999999
          ],
          [
            85.1947609,
            28.033619299999998
          ],
          [
            85.1947099,
            28.0333044
          ],
          [
            85.1946214,
            28.033086600000004
          ],
          [
            85.1945516,
            28.032999
          ],
          [
            85.1944068,
            28.032899499999996
          ],
          [
            85.1942486,
            28.032757499999995
          ],
          [
            85.1940903,
            28.032551499999997
          ],
          [
            85.1939987,
            28.032384
          ],
          [
            85.1939052,
            28.032125399999998
          ],
          [
            85.1937443,
            28.0316874
          ],
          [
            85.1932964,
            28.0307758
          ],
          [
            85.1932071,
            28.0297448
          ],
          [
            85.1933547,
            28.029406399999996
          ],
          [
            85.193351,
            28.0291551
          ],
          [
            85.19333,
            28.028825899999998
          ],
          [
            85.1933384,
            28.028588899999995
          ],
          [
            85.1933188,
            28.0283411
          ],
          [
            85.1932995,
            28.028072500000004
          ],
          [
            85.1931936,
            28.0278133
          ],
          [
            85.1929095,
            28.027517199999995
          ],
          [
            85.1927075,
            28.0272512
          ],
          [
            85.1923439,
            28.0270126
          ],
          [
            85.1921705,
            28.0268354
          ],
          [
            85.1918067,
            28.026657999999998
          ],
          [
            85.1913326,
            28.026456799999995
          ],
          [
            85.1907914,
            28.026441399999996
          ],
          [
            85.1903075,
            28.0263773
          ],
          [
            85.1902129,
            28.0263345
          ],
          [
            85.1894957,
            28.0260576
          ],
          [
            85.1892257,
            28.025891099999996
          ],
          [
            85.188928,
            28.0257734
          ],
          [
            85.188615,
            28.025579800000003
          ],
          [
            85.1883336,
            28.0255171
          ],
          [
            85.1881506,
            28.025444799999995
          ],
          [
            85.1880359,
            28.025396599999997
          ],
          [
            85.1878665,
            28.025285599999997
          ],
          [
            85.1877464,
            28.025184399999997
          ],
          [
            85.1876289,
            28.025032499999995
          ],
          [
            85.1874841,
            28.0248637
          ],
          [
            85.18734210000001,
            28.024718999999994
          ],
          [
            85.187129,
            28.0245695
          ],
          [
            85.1869078,
            28.024434499999998
          ],
          [
            85.1867876,
            28.024338
          ],
          [
            85.1866811,
            28.0242006
          ],
          [
            85.1864953,
            28.023894399999996
          ],
          [
            85.1863342,
            28.023496499999997
          ],
          [
            85.1862113,
            28.0231903
          ],
          [
            85.1861457,
            28.022903299999992
          ],
          [
            85.1860911,
            28.022669499999992
          ],
          [
            85.1860364,
            28.022363200000004
          ],
          [
            85.1860201,
            28.021974999999998
          ],
          [
            85.1860091,
            28.021784499999992
          ],
          [
            85.1860282,
            28.021540999999996
          ],
          [
            85.1860665,
            28.02130229999999
          ],
          [
            85.1861348,
            28.020952599999998
          ],
          [
            85.1861949,
            28.020745199999997
          ],
          [
            85.18627680000002,
            28.020593299999998
          ],
          [
            85.18636640000001,
            28.020470699999997
          ],
          [
            85.18669750000001,
            28.020217200000005
          ],
          [
            85.1870252,
            28.0199543
          ],
          [
            85.1872602,
            28.019746999999995
          ],
          [
            85.18735580000002,
            28.019619199999998
          ],
          [
            85.1874213,
            28.019474499999998
          ],
          [
            85.18747590000001,
            28.019315299999995
          ],
          [
            85.1874869,
            28.019144099999995
          ],
          [
            85.18747590000001,
            28.018989800000003
          ],
          [
            85.187424,
            28.018623300000005
          ],
          [
            85.1873776,
            28.018423099999996
          ],
          [
            85.1873503,
            28.018235100000002
          ],
          [
            85.1873366,
            28.017808200000005
          ],
          [
            85.1873522,
            28.017442999999997
          ],
          [
            85.1872902,
            28.017051099999996
          ],
          [
            85.1872957,
            28.016696600000003
          ],
          [
            85.1873066,
            28.0164772
          ],
          [
            85.1873011,
            28.01634449999999
          ],
          [
            85.1872875,
            28.0162457
          ],
          [
            85.1872274,
            28.016074500000002
          ],
          [
            85.1870799,
            28.0159201
          ],
          [
            85.1869624,
            28.015828499999998
          ],
          [
            85.1867931,
            28.015719999999995
          ],
          [
            85.1864489,
            28.01556559999999
          ],
          [
            85.1861157,
            28.0154258
          ],
          [
            85.1857332,
            28.0152498
          ],
          [
            85.1856322,
            28.0151654
          ],
          [
            85.1855639,
            28.015061699999993
          ],
          [
            85.1854983,
            28.014919400000004
          ],
          [
            85.1853365,
            28.0144716
          ],
          [
            85.1852374,
            28.0142434
          ],
          [
            85.1850394,
            28.013908999999995
          ],
          [
            85.1848346,
            28.013595499999997
          ],
          [
            85.1846652,
            28.013395299999992
          ],
          [
            85.18445760000002,
            28.0131904
          ],
          [
            85.1843566,
            28.013067399999997
          ],
          [
            85.1842309,
            28.0128576
          ],
          [
            85.1841681,
            28.012715300000004
          ],
          [
            85.1841123,
            28.0125934
          ],
          [
            85.1840124,
            28.012375299999995
          ],
          [
            85.1838622,
            28.012035299999997
          ],
          [
            85.1837884,
            28.0118351
          ],
          [
            85.1837338,
            28.0115819
          ],
          [
            85.1837119,
            28.011331099999996
          ],
          [
            85.1836899,
            28.011086600000002
          ],
          [
            85.1836955,
            28.0107958
          ],
          [
            85.1837365,
            28.0101663
          ],
          [
            85.1837354,
            28.009803200000004
          ],
          [
            85.18358720000002,
            28.008822399999993
          ],
          [
            85.1835617,
            28.008306999999995
          ],
          [
            85.1835699,
            28.007776499999995
          ],
          [
            85.1835999,
            28.00734
          ],
          [
            85.1836245,
            28.007040899999996
          ],
          [
            85.1836983,
            28.006705700000005
          ],
          [
            85.1837611,
            28.006425999999998
          ],
          [
            85.1837902,
            28.0063465
          ],
          [
            85.1838786,
            28.006105199999997
          ],
          [
            85.1839767,
            28.005878199999998
          ],
          [
            85.1840807,
            28.0056374
          ],
          [
            85.1841544,
            28.005391399999997
          ],
          [
            85.1842255,
            28.005150200000003
          ],
          [
            85.1842746,
            28.004759499999995
          ],
          [
            85.1842746,
            28.0045473
          ],
          [
            85.1842418,
            28.004337500000002
          ],
          [
            85.1842063,
            28.0041614
          ],
          [
            85.18416260000001,
            28.0039878
          ],
          [
            85.1841435,
            28.0038069
          ],
          [
            85.1841353,
            28.003618799999995
          ],
          [
            85.1841572,
            28.003387299999993
          ],
          [
            85.18416260000001,
            28.0031461
          ],
          [
            85.1841224,
            28.00295029999999
          ],
          [
            85.1840862,
            28.002827800000002
          ],
          [
            85.1840097,
            28.002670999999996
          ],
          [
            85.1838731,
            28.0024033
          ],
          [
            85.1838048,
            28.002200700000007
          ],
          [
            85.1837791,
            28.002002599999997
          ],
          [
            85.183783,
            28.001795599999994
          ],
          [
            85.1838157,
            28.0016316
          ],
          [
            85.1838676,
            28.00146519999999
          ],
          [
            85.18396050000001,
            28.001293900000004
          ],
          [
            85.1841217,
            28.001055199999996
          ],
          [
            85.1843211,
            28.000816399999994
          ],
          [
            85.18445760000002,
            28.000678899999997
          ],
          [
            85.184668,
            28.0003992
          ],
          [
            85.1847226,
            28.000259299999996
          ],
          [
            85.1847581,
            28.0001001
          ],
          [
            85.1847772,
            27.999911999999995
          ],
          [
            85.1847909,
            27.9995985
          ],
          [
            85.1847936,
            27.999427199999992
          ],
          [
            85.1848346,
            27.9992584
          ],
          [
            85.184927,
            27.9990392
          ],
          [
            85.185217,
            27.998614499999995
          ],
          [
            85.185509,
            27.998187
          ],
          [
            85.1856977,
            27.9978692
          ],
          [
            85.1859163,
            27.997505
          ],
          [
            85.18606460000001,
            27.997208599999997
          ],
          [
            85.1861484,
            27.997000899999996
          ],
          [
            85.18617030000001,
            27.996829699999992
          ],
          [
            85.186132,
            27.9967091
          ],
          [
            85.1859927,
            27.996537900000003
          ],
          [
            85.1858671,
            27.996443799999998
          ],
          [
            85.18560490000002,
            27.996265300000005
          ],
          [
            85.1854656,
            27.9961351
          ],
          [
            85.1851269,
            27.995659999999997
          ],
          [
            85.1849712,
            27.9954694
          ],
          [
            85.1848373,
            27.995312699999996
          ],
          [
            85.1845327,
            27.995005699999993
          ],
          [
            85.1842992,
            27.9947989
          ],
          [
            85.1840834,
            27.994622899999996
          ],
          [
            85.1837679,
            27.994384199999992
          ],
          [
            85.1836827,
            27.994320500000004
          ],
          [
            85.1835317,
            27.9942056
          ],
          [
            85.183193,
            27.993957199999997
          ],
          [
            85.1828433,
            27.993694299999998
          ],
          [
            85.1826357,
            27.993527899999993
          ],
          [
            85.1824445,
            27.9933759
          ],
          [
            85.1822779,
            27.993240799999995
          ],
          [
            85.1822042,
            27.993125100000004
          ],
          [
            85.1821478,
            27.993015099999997
          ],
          [
            85.1821277,
            27.992888700000005
          ],
          [
            85.1821277,
            27.992784999999998
          ],
          [
            85.1821523,
            27.9926379
          ],
          [
            85.1822147,
            27.992372
          ],
          [
            85.1824625,
            27.991647599999997
          ],
          [
            85.1828281,
            27.990857800000004
          ],
          [
            85.1829157,
            27.990388099999997
          ],
          [
            85.1828553,
            27.9900066
          ],
          [
            85.1827405,
            27.989742399999994
          ],
          [
            85.1824655,
            27.9894942
          ],
          [
            85.1819608,
            27.989216699999997
          ],
          [
            85.1809576,
            27.988824499999996
          ],
          [
            85.1806856,
            27.98871769999999
          ],
          [
            85.1804681,
            27.988597699999993
          ],
          [
            85.18032,
            27.988424199999997
          ],
          [
            85.180184,
            27.988151999999996
          ],
          [
            85.1801024,
            27.9877224
          ],
          [
            85.1801417,
            27.9869566
          ],
          [
            85.1804645,
            27.985161699999995
          ],
          [
            85.1805376,
            27.9844029
          ],
          [
            85.180459,
            27.983548999999996
          ],
          [
            85.1803623,
            27.9830499
          ],
          [
            85.1802747,
            27.9816623
          ],
          [
            85.1803804,
            27.9811633
          ],
          [
            85.1806705,
            27.980448099999997
          ],
          [
            85.1813414,
            27.979140499999996
          ],
          [
            85.1815317,
            27.9786895
          ],
          [
            85.1816768,
            27.9782278
          ],
          [
            85.1820318,
            27.97659609999999
          ],
          [
            85.1821724,
            27.975938099999997
          ],
          [
            85.1824625,
            27.9749667
          ],
          [
            85.1827193,
            27.974416899999998
          ],
          [
            85.1830306,
            27.974006
          ],
          [
            85.1836954,
            27.9732053
          ],
          [
            85.1840429,
            27.972804999999997
          ],
          [
            85.18442060000001,
            27.972113799999995
          ],
          [
            85.1843375,
            27.9713772
          ],
          [
            85.1838011,
            27.9706486
          ],
          [
            85.1835745,
            27.9705259
          ],
          [
            85.18289760000002,
            27.970247000000008
          ],
          [
            85.1811918,
            27.969873299999993
          ],
          [
            85.17980730000001,
            27.969514899999993
          ],
          [
            85.1791136,
            27.969276099999995
          ],
          [
            85.1782122,
            27.9685196
          ],
          [
            85.1778288,
            27.9678993
          ],
          [
            85.1773658,
            27.966715399999995
          ],
          [
            85.1771148,
            27.966060899999995
          ],
          [
            85.1768812,
            27.9656057
          ],
          [
            85.1762602,
            27.9649438
          ],
          [
            85.1756392,
            27.9645875
          ],
          [
            85.1741328,
            27.9641031
          ],
          [
            85.1726348,
            27.9637142
          ],
          [
            85.1719738,
            27.963542600000004
          ],
          [
            85.170581,
            27.963078499999998
          ],
          [
            85.1704379,
            27.963030799999995
          ],
          [
            85.1697648,
            27.962629799999995
          ],
          [
            85.1690728,
            27.961713
          ],
          [
            85.1687374,
            27.96092030000001
          ],
          [
            85.1686824,
            27.96075889999999
          ],
          [
            85.1686147,
            27.960542599999997
          ],
          [
            85.1682875,
            27.959566199999998
          ],
          [
            85.1679099,
            27.958556299999998
          ],
          [
            85.1675032,
            27.957796199999994
          ],
          [
            85.1670947,
            27.9570338
          ],
          [
            85.1666346,
            27.956682099999995
          ],
          [
            85.16569980000001,
            27.956326000000004
          ],
          [
            85.16411170000002,
            27.955707099999998
          ],
          [
            85.1632558,
            27.9555512
          ],
          [
            85.1624635,
            27.9552921
          ],
          [
            85.1619412,
            27.954840099999995
          ],
          [
            85.16188660000002,
            27.954491299999994
          ],
          [
            85.1622625,
            27.9538272
          ],
          [
            85.1625544,
            27.953168299999994
          ],
          [
            85.1626008,
            27.9524964
          ],
          [
            85.1624398,
            27.950264699999998
          ],
          [
            85.16259990000002,
            27.949034499999993
          ],
          [
            85.1628659,
            27.947379
          ],
          [
            85.1627308,
            27.9469735
          ],
          [
            85.1622463,
            27.9466233
          ],
          [
            85.16180100000001,
            27.946301400000003
          ],
          [
            85.1611003,
            27.9454219
          ],
          [
            85.1601688,
            27.943721799999995
          ],
          [
            85.1599483,
            27.942348699999997
          ],
          [
            85.1592114,
            27.940546799999996
          ],
          [
            85.1583033,
            27.939072999999997
          ],
          [
            85.1571413,
            27.9376969
          ],
          [
            85.1561354,
            27.936299400000003
          ],
          [
            85.1557918,
            27.935535799999993
          ],
          [
            85.1556677,
            27.935131399999996
          ],
          [
            85.1555407,
            27.9346626
          ],
          [
            85.1553276,
            27.9340437
          ],
          [
            85.15528,
            27.9337759
          ],
          [
            85.1552937,
            27.933629700000004
          ],
          [
            85.1554392,
            27.933481599999997
          ],
          [
            85.1554876,
            27.9329836
          ],
          [
            85.1552412,
            27.932445799999996
          ],
          [
            85.15480910000001,
            27.9320262
          ],
          [
            85.1544661,
            27.9318483
          ],
          [
            85.1542915,
            27.931798200000003
          ],
          [
            85.1541099,
            27.9317732
          ],
          [
            85.1538698,
            27.931782200000004
          ],
          [
            85.1536567,
            27.93182259999999
          ],
          [
            85.1534774,
            27.931864499999996
          ],
          [
            85.1533518,
            27.9319169
          ],
          [
            85.1532213,
            27.931974499999995
          ],
          [
            85.15290350000001,
            27.932266799999997
          ],
          [
            85.152587,
            27.932577100000003
          ],
          [
            85.1523106,
            27.932868399999997
          ],
          [
            85.1521801,
            27.932964799999993
          ],
          [
            85.1519102,
            27.933201099999994
          ],
          [
            85.1518678,
            27.9332424
          ],
          [
            85.1515368,
            27.933615
          ],
          [
            85.1512398,
            27.933925500000004
          ],
          [
            85.15114,
            27.9339796
          ],
          [
            85.1510516,
            27.934003600000004
          ],
          [
            85.1509382,
            27.9339896
          ],
          [
            85.15085890000002,
            27.933955499999996
          ],
          [
            85.150741,
            27.933871399999994
          ],
          [
            85.1506095,
            27.93371919999999
          ],
          [
            85.1503446,
            27.9333643
          ],
          [
            85.150258,
            27.9332204
          ],
          [
            85.1501764,
            27.9330381
          ],
          [
            85.1500336,
            27.9327027
          ],
          [
            85.1499837,
            27.932557399999997
          ],
          [
            85.1499517,
            27.9324006
          ],
          [
            85.1499202,
            27.932206799999996
          ],
          [
            85.14990890000001,
            27.932006499999996
          ],
          [
            85.14989000000001,
            27.93155819999999
          ],
          [
            85.1498703,
            27.931347499999998
          ],
          [
            85.1498411,
            27.931153200000004
          ],
          [
            85.1495471,
            27.9301652
          ],
          [
            85.1493974,
            27.929725400000002
          ],
          [
            85.1492734,
            27.929442500000004
          ],
          [
            85.1492151,
            27.929290200000004
          ],
          [
            85.1491171,
            27.9290659
          ],
          [
            85.149092,
            27.929013900000005
          ],
          [
            85.1490013,
            27.928919499999996
          ],
          [
            85.1489443,
            27.9288188
          ],
          [
            85.1489158,
            27.9287046
          ],
          [
            85.1489067,
            27.9286332
          ],
          [
            85.1489246,
            27.9285362
          ],
          [
            85.1489925,
            27.928441299999996
          ],
          [
            85.1491503,
            27.928298000000005
          ],
          [
            85.1493015,
            27.928203199999995
          ],
          [
            85.1494965,
            27.928073499999996
          ],
          [
            85.1497967,
            27.927812099999993
          ],
          [
            85.15003550000002,
            27.927573999999993
          ],
          [
            85.1503072,
            27.92727199999999
          ],
          [
            85.1505044,
            27.9270029
          ],
          [
            85.1506184,
            27.926818899999994
          ],
          [
            85.1507258,
            27.926606
          ],
          [
            85.1508331,
            27.926323299999996
          ],
          [
            85.1509359,
            27.926091099999994
          ],
          [
            85.151015,
            27.925897400000007
          ],
          [
            85.1510742,
            27.925701899999996
          ],
          [
            85.1510983,
            27.925516
          ],
          [
            85.1511048,
            27.9253146
          ],
          [
            85.151118,
            27.9251559
          ],
          [
            85.1511333,
            27.924989400000005
          ],
          [
            85.1511599,
            27.924816499999995
          ],
          [
            85.1511837,
            27.924621499999997
          ],
          [
            85.1512275,
            27.924429899999996
          ],
          [
            85.1512911,
            27.924147199999997
          ],
          [
            85.1513283,
            27.923905199999993
          ],
          [
            85.1513415,
            27.9237174
          ],
          [
            85.1513524,
            27.923394099999996
          ],
          [
            85.1513305,
            27.9231075
          ],
          [
            85.1512933,
            27.9229468
          ],
          [
            85.1512385,
            27.922795800000003
          ],
          [
            85.1511158,
            27.922604199999995
          ],
          [
            85.1509383,
            27.922334999999993
          ],
          [
            85.1507893,
            27.922170499999993
          ],
          [
            85.1506469,
            27.922071700000004
          ],
          [
            85.150522,
            27.922040799999998
          ],
          [
            85.1502678,
            27.9220117
          ],
          [
            85.150007,
            27.9219536
          ],
          [
            85.1498471,
            27.921911
          ],
          [
            85.1497074,
            27.9218874
          ],
          [
            85.1495359,
            27.921849100000003
          ],
          [
            85.1493541,
            27.9218162
          ],
          [
            85.1492423,
            27.9217813
          ],
          [
            85.1491043,
            27.921715499999994
          ],
          [
            85.14895530000001,
            27.921634199999996
          ],
          [
            85.1487493,
            27.921519899999996
          ],
          [
            85.1485477,
            27.921407600000002
          ],
          [
            85.14841840000001,
            27.921337899999997
          ],
          [
            85.1482541,
            27.921256599999996
          ],
          [
            85.1480328,
            27.921156
          ],
          [
            85.1477983,
            27.921066899999996
          ],
          [
            85.1475507,
            27.920983599999996
          ],
          [
            85.1470818,
            27.920821
          ],
          [
            85.14691310000002,
            27.920747399999996
          ],
          [
            85.14668080000001,
            27.920683499999996
          ],
          [
            85.1465384,
            27.920652599999997
          ],
          [
            85.1463478,
            27.9206313
          ],
          [
            85.1461067,
            27.9206119
          ],
          [
            85.1457386,
            27.920577099999996
          ],
          [
            85.1454209,
            27.920540300000003
          ],
          [
            85.1451295,
            27.920513199999995
          ],
          [
            85.1447438,
            27.92048799999999
          ],
          [
            85.1444984,
            27.9204802
          ],
          [
            85.1443253,
            27.92047439999999
          ],
          [
            85.1440689,
            27.920462800000003
          ],
          [
            85.1436899,
            27.920451199999995
          ],
          [
            85.1435409,
            27.920455099999998
          ],
          [
            85.1433941,
            27.920435699999995
          ],
          [
            85.1432494,
            27.9204144
          ],
          [
            85.1431136,
            27.9203544
          ],
          [
            85.1429712,
            27.9202382
          ],
          [
            85.1428024,
            27.920089199999996
          ],
          [
            85.14265340000001,
            27.919982699999995
          ],
          [
            85.1425351,
            27.919864600000004
          ],
          [
            85.1424124,
            27.9197058
          ],
          [
            85.142316,
            27.919527699999996
          ],
          [
            85.1421626,
            27.919254700000003
          ],
          [
            85.1420509,
            27.919049399999995
          ],
          [
            85.1419435,
            27.918867399999996
          ],
          [
            85.1417616,
            27.918611900000002
          ],
          [
            85.1415929,
            27.9184202
          ],
          [
            85.1414198,
            27.9182421
          ],
          [
            85.1412029,
            27.918011699999994
          ],
          [
            85.1410407,
            27.917823899999995
          ],
          [
            85.1408107,
            27.917610899999996
          ],
          [
            85.1406376,
            27.917483099999995
          ],
          [
            85.140436,
            27.917355299999993
          ],
          [
            85.14023,
            27.917237199999995
          ],
          [
            85.1400284,
            27.917150099999994
          ],
          [
            85.1398553,
            27.917066799999997
          ],
          [
            85.1396712,
            27.916997099999996
          ],
          [
            85.1395288,
            27.9169661
          ],
          [
            85.1393163,
            27.9169371
          ],
          [
            85.1391278,
            27.916915799999998
          ],
          [
            85.13875780000001,
            27.916876800000004
          ],
          [
            85.1383127,
            27.916797699999993
          ],
          [
            85.1377937,
            27.916687099999997
          ],
          [
            85.1372521,
            27.916589700000003
          ],
          [
            85.1370177,
            27.9165344
          ],
          [
            85.1366715,
            27.916443399999995
          ],
          [
            85.1362245,
            27.916313599999995
          ],
          [
            85.1357436,
            27.9161586
          ],
          [
            85.1349421,
            27.915765900000004
          ],
          [
            85.13461470000001,
            27.9156073
          ],
          [
            85.1343171,
            27.915224500000004
          ],
          [
            85.1340893,
            27.914846099999995
          ],
          [
            85.1341454,
            27.914314399999995
          ],
          [
            85.1343647,
            27.914072200000003
          ],
          [
            85.1353721,
            27.9134195
          ],
          [
            85.13682730000001,
            27.911959799999998
          ],
          [
            85.1380735,
            27.910646899999996
          ],
          [
            85.1388693,
            27.909242999999996
          ],
          [
            85.13895190000001,
            27.9082467
          ],
          [
            85.1391003,
            27.907109000000002
          ],
          [
            85.13946670000001,
            27.906191799999995
          ],
          [
            85.1404189,
            27.905178299999996
          ],
          [
            85.1407752,
            27.9045613
          ],
          [
            85.1408902,
            27.9039971
          ],
          [
            85.1408483,
            27.903302899999996
          ],
          [
            85.1404405,
            27.9021052
          ],
          [
            85.1397067,
            27.901461700000006
          ],
          [
            85.1390163,
            27.901142799999995
          ],
          [
            85.1377349,
            27.900799199999998
          ],
          [
            85.13759810000002,
            27.9007
          ],
          [
            85.1368283,
            27.900141299999998
          ],
          [
            85.1368283,
            27.898894200000004
          ],
          [
            85.1366889,
            27.897703299999996
          ],
          [
            85.1361431,
            27.8965168
          ],
          [
            85.1356472,
            27.8952278
          ],
          [
            85.1356817,
            27.8943852
          ],
          [
            85.1358053,
            27.893490099999998
          ],
          [
            85.135968,
            27.8929627
          ],
          [
            85.1362578,
            27.892596399999995
          ],
          [
            85.1370751,
            27.890330699999996
          ],
          [
            85.1370587,
            27.888986099999997
          ],
          [
            85.1365971,
            27.888549299999998
          ],
          [
            85.1347459,
            27.887548700000004
          ],
          [
            85.1333809,
            27.886455
          ],
          [
            85.1306813,
            27.884703399999996
          ],
          [
            85.1283089,
            27.883062100000004
          ],
          [
            85.1267201,
            27.881425800000002
          ],
          [
            85.1261662,
            27.8805913
          ],
          [
            85.1257623,
            27.8793385
          ],
          [
            85.1256703,
            27.8787953
          ],
          [
            85.1257916,
            27.877984899999998
          ],
          [
            85.1260431,
            27.8770859
          ],
          [
            85.1260598,
            27.8763234
          ],
          [
            85.1259112,
            27.875689399999995
          ],
          [
            85.1256596,
            27.875052999999998
          ],
          [
            85.1253431,
            27.874647499999988
          ],
          [
            85.1248602,
            27.8743055
          ],
          [
            85.1238303,
            27.873982999999996
          ],
          [
            85.122178,
            27.8735468
          ],
          [
            85.1209335,
            27.873034600000004
          ],
          [
            85.1187662,
            27.8717448
          ],
          [
            85.1169802,
            27.870900999999996
          ],
          [
            85.1164161,
            27.870424
          ],
          [
            85.115634,
            27.870106699999997
          ],
          [
            85.1149192,
            27.8698582
          ],
          [
            85.1144042,
            27.8696471
          ],
          [
            85.114465,
            27.8691241
          ],
          [
            85.11366640000001,
            27.8685205
          ],
          [
            85.1132116,
            27.868068800000003
          ],
          [
            85.1129727,
            27.867059499999996
          ],
          [
            85.1126849,
            27.8666182
          ],
          [
            85.1123059,
            27.866036999999995
          ],
          [
            85.1118657,
            27.865132799999994
          ],
          [
            85.1116115,
            27.864636099999988
          ],
          [
            85.111024,
            27.863519599999997
          ],
          [
            85.1109144,
            27.8632629
          ],
          [
            85.1107623,
            27.863019399999995
          ],
          [
            85.1106015,
            27.862674699999992
          ],
          [
            85.11052270000002,
            27.862375300000004
          ],
          [
            85.1105115,
            27.8619701
          ],
          [
            85.1103283,
            27.861825400000004
          ],
          [
            85.1092605,
            27.8613495
          ],
          [
            85.1083081,
            27.860642800000004
          ],
          [
            85.10774,
            27.860340299999997
          ],
          [
            85.10741030000001,
            27.859918699999998
          ],
          [
            85.1069278,
            27.8590962
          ],
          [
            85.1066615,
            27.858740499999996
          ],
          [
            85.1062434,
            27.858495499999993
          ],
          [
            85.1052065,
            27.8582518
          ],
          [
            85.10337890000001,
            27.8580888
          ],
          [
            85.1016784,
            27.858163599999997
          ],
          [
            85.1007253,
            27.858382699999996
          ],
          [
            85.0985341,
            27.859373399999996
          ],
          [
            85.097828,
            27.8597212
          ],
          [
            85.0973491,
            27.859836999999995
          ],
          [
            85.0965058,
            27.8599897
          ],
          [
            85.0944762,
            27.8601759
          ],
          [
            85.0926139,
            27.860335699999997
          ],
          [
            85.0909334,
            27.860479899999998
          ],
          [
            85.0894857,
            27.860377299999996
          ],
          [
            85.08935940000002,
            27.860320499999997
          ],
          [
            85.0892543,
            27.8602328
          ],
          [
            85.0891822,
            27.8600385
          ],
          [
            85.0885678,
            27.857562999999995
          ],
          [
            85.08843350000001,
            27.857322399999997
          ],
          [
            85.0882497,
            27.857136
          ],
          [
            85.087858,
            27.8569549
          ],
          [
            85.0863703,
            27.8563353
          ],
          [
            85.0814161,
            27.8561827
          ],
          [
            85.081069,
            27.8561726
          ],
          [
            85.0791811,
            27.8561176
          ],
          [
            85.0772339,
            27.855003699999994
          ],
          [
            85.0747642,
            27.853452900000004
          ],
          [
            85.0723582,
            27.853075799999992
          ],
          [
            85.0707918,
            27.8537019
          ],
          [
            85.0691369,
            27.854686000000004
          ],
          [
            85.0676027,
            27.855708099999998
          ],
          [
            85.0656983,
            27.8565831
          ],
          [
            85.0636679,
            27.857441599999998
          ],
          [
            85.0629893,
            27.857847099999997
          ],
          [
            85.0625333,
            27.858373499999995
          ],
          [
            85.0617394,
            27.859397999999995
          ],
          [
            85.0603661,
            27.8601354
          ],
          [
            85.0591859,
            27.859815299999994
          ],
          [
            85.0577965,
            27.8586913
          ],
          [
            85.0575605,
            27.858209899999995
          ],
          [
            85.0574961,
            27.8578495
          ],
          [
            85.0571989,
            27.8562394
          ],
          [
            85.0564045,
            27.855267000000005
          ],
          [
            85.0548461,
            27.8542615
          ],
          [
            85.0532019,
            27.853566699999995
          ],
          [
            85.0515473,
            27.853100699999995
          ],
          [
            85.0507316,
            27.8529454
          ],
          [
            85.0498304,
            27.852829199999995
          ],
          [
            85.0489318,
            27.852862399999996
          ],
          [
            85.0483096,
            27.852985699999994
          ],
          [
            85.0477892,
            27.853222799999998
          ],
          [
            85.0474834,
            27.8534552
          ],
          [
            85.0472099,
            27.853763499999996
          ],
          [
            85.0468183,
            27.854159599999996
          ],
          [
            85.0464964,
            27.8543445
          ],
          [
            85.0457293,
            27.854761899999993
          ],
          [
            85.0447851,
            27.8553524
          ],
          [
            85.0438265,
            27.8560646
          ],
          [
            85.0430963,
            27.856553500000004
          ],
          [
            85.0425157,
            27.856753500000003
          ],
          [
            85.0422379,
            27.8567411
          ],
          [
            85.0418291,
            27.856684299999998
          ],
          [
            85.0414495,
            27.856544899999992
          ],
          [
            85.0412571,
            27.856435
          ],
          [
            85.0397499,
            27.85557409999999
          ],
          [
            85.0378869,
            27.8543968
          ],
          [
            85.0374526,
            27.854236899999997
          ],
          [
            85.0361757,
            27.8537669
          ],
          [
            85.0347799,
            27.853730699999996
          ],
          [
            85.0340791,
            27.853725499999996
          ],
          [
            85.0335359,
            27.853813299999995
          ],
          [
            85.0329986,
            27.854030199999997
          ],
          [
            85.0325255,
            27.854283199999998
          ],
          [
            85.0321518,
            27.854412299999996
          ],
          [
            85.0318189,
            27.854381299999996
          ],
          [
            85.031521,
            27.854262599999995
          ],
          [
            85.0312582,
            27.854009499999997
          ],
          [
            85.03105380000001,
            27.853673899999997
          ],
          [
            85.0308552,
            27.8533693
          ],
          [
            85.0301894,
            27.8525431
          ],
          [
            85.0296054,
            27.8518047
          ],
          [
            85.029366,
            27.8509836
          ],
          [
            85.0291674,
            27.850105799999998
          ],
          [
            85.029109,
            27.8494655
          ],
          [
            85.0289805,
            27.8487115
          ],
          [
            85.0287819,
            27.848396499999996
          ],
          [
            85.0285838,
            27.848196199999997
          ],
          [
            85.02625890000002,
            27.846785399999995
          ],
          [
            85.025342,
            27.8463103
          ],
          [
            85.0239579,
            27.845721599999994
          ],
          [
            85.0230001,
            27.845282700000006
          ],
          [
            85.0222408,
            27.844802399999992
          ],
          [
            85.0210786,
            27.843578500000003
          ],
          [
            85.0207749,
            27.8433823
          ],
          [
            85.020407,
            27.8432945
          ],
          [
            85.0200274,
            27.843284199999996
          ],
          [
            85.0196828,
            27.843237699999996
          ],
          [
            85.0193849,
            27.843118900000004
          ],
          [
            85.0192097,
            27.8429898
          ],
          [
            85.0191338,
            27.8428039
          ],
          [
            85.019128,
            27.84253019999999
          ],
          [
            85.0192623,
            27.841905299999997
          ],
          [
            85.0194258,
            27.841280499999996
          ],
          [
            85.0199222,
            27.8402166
          ],
          [
            85.020553,
            27.839318100000007
          ],
          [
            85.0210786,
            27.838564099999996
          ],
          [
            85.02154,
            27.837918500000004
          ],
          [
            85.0219605,
            27.837257499999996
          ],
          [
            85.0226847,
            27.836968299999995
          ],
          [
            85.0230585,
            27.8366481
          ],
          [
            85.02326870000002,
            27.836147099999998
          ],
          [
            85.0234147,
            27.835439600000004
          ],
          [
            85.023257,
            27.8346649
          ],
          [
            85.0231402,
            27.8337818
          ],
          [
            85.0229709,
            27.833161999999998
          ],
          [
            85.0228949,
            27.8329658
          ],
          [
            85.0226672,
            27.832655899999992
          ],
          [
            85.0220131,
            27.831896700000005
          ],
          [
            85.0209151,
            27.830734599999996
          ],
          [
            85.0195348,
            27.829261199999998
          ],
          [
            85.0184888,
            27.828312399999998
          ],
          [
            85.0179094,
            27.8276388
          ],
          [
            85.0175929,
            27.8270126
          ],
          [
            85.0174051,
            27.8264955
          ],
          [
            85.0172442,
            27.825850299999992
          ],
          [
            85.0172442,
            27.825475499999996
          ],
          [
            85.01728830000002,
            27.825027399999996
          ],
          [
            85.01739920000001,
            27.824366299999998
          ],
          [
            85.0174802,
            27.8235114
          ],
          [
            85.01739920000001,
            27.822527599999997
          ],
          [
            85.0172766,
            27.8216405
          ],
          [
            85.0171047,
            27.820209299999995
          ],
          [
            85.0169894,
            27.8197017
          ],
          [
            85.0168633,
            27.819241500000004
          ],
          [
            85.01674,
            27.818949699999997
          ],
          [
            85.0165737,
            27.818743299999998
          ],
          [
            85.0163215,
            27.818456299999998
          ],
          [
            85.01579580000002,
            27.8178751
          ],
          [
            85.0154069,
            27.817374499999993
          ],
          [
            85.01514400000002,
            27.816824200000003
          ],
          [
            85.0147694,
            27.8158787
          ],
          [
            85.0141597,
            27.815016500000002
          ],
          [
            85.0135079,
            27.8142194
          ],
          [
            85.0127918,
            27.8134223
          ],
          [
            85.0123975,
            27.8129099
          ],
          [
            85.0122043,
            27.812573000000004
          ],
          [
            85.0120193,
            27.811828099999996
          ],
          [
            85.0119603,
            27.811140099999992
          ],
          [
            85.0120676,
            27.810324
          ],
          [
            85.0123438,
            27.809849499999995
          ],
          [
            85.012832,
            27.8095719
          ],
          [
            85.0135696,
            27.8092516
          ],
          [
            85.0141382,
            27.8088697
          ],
          [
            85.0143287,
            27.808622899999996
          ],
          [
            85.0144708,
            27.808243400000002
          ],
          [
            85.0143716,
            27.807875599999996
          ],
          [
            85.0141382,
            27.807545899999994
          ],
          [
            85.0137815,
            27.8072849
          ],
          [
            85.0127086,
            27.806805599999993
          ],
          [
            85.0121748,
            27.8065969
          ],
          [
            85.0108274,
            27.805983299999994
          ],
          [
            85.0106379,
            27.805899299999997
          ],
          [
            85.0098494,
            27.805664499999992
          ],
          [
            85.0095946,
            27.8056028
          ],
          [
            85.0092566,
            27.805586199999997
          ],
          [
            85.0090286,
            27.8056597
          ],
          [
            85.0086048,
            27.805842399999996
          ],
          [
            85.0084653,
            27.805825799999997
          ],
          [
            85.0083286,
            27.805752300000005
          ],
          [
            85.0081193,
            27.8055221
          ],
          [
            85.00777600000002,
            27.8050595
          ],
          [
            85.0074863,
            27.80481989999999
          ],
          [
            85.0071216,
            27.804608699999996
          ],
          [
            85.0050428,
            27.803790199999998
          ],
          [
            85.0034121,
            27.803066500000003
          ],
          [
            85.0020039,
            27.802297799999998
          ],
          [
            85.0015479,
            27.8021246
          ],
          [
            85.001335,
            27.802166999999997
          ],
          [
            84.9995792,
            27.802516099999995
          ],
          [
            84.9974763,
            27.803270599999998
          ],
          [
            84.9958777,
            27.8034319
          ],
          [
            84.9941397,
            27.803579000000003
          ],
          [
            84.9926376,
            27.803488899999994
          ],
          [
            84.9910766,
            27.8032042
          ],
          [
            84.9907279,
            27.803223099999997
          ],
          [
            84.9905455,
            27.803389200000005
          ],
          [
            84.9897248,
            27.8047558
          ],
          [
            84.9890596,
            27.8053157
          ],
          [
            84.98830850000002,
            27.805496000000005
          ],
          [
            84.9876916,
            27.8055577
          ],
          [
            84.9868226,
            27.805486499999997
          ],
          [
            84.9860662,
            27.80526349999999
          ],
          [
            84.9853796,
            27.804898199999993
          ],
          [
            84.9845481,
            27.804380900000005
          ],
          [
            84.9833357,
            27.8033655
          ],
          [
            84.982059,
            27.8025683
          ],
          [
            84.9812221,
            27.8023453
          ],
          [
            84.9801278,
            27.80231679999999
          ],
          [
            84.97931780000002,
            27.802207700000004
          ],
          [
            84.9784219,
            27.801941899999996
          ],
          [
            84.9770915,
            27.801505400000003
          ],
          [
            84.9761146,
            27.8015517
          ],
          [
            84.9749889,
            27.8016053
          ],
          [
            84.973165,
            27.801956399999998
          ],
          [
            84.972017,
            27.8024404
          ],
          [
            84.971786,
            27.8026462
          ],
          [
            84.9716844,
            27.802971899999996
          ],
          [
            84.9719204,
            27.803778499999993
          ],
          [
            84.9721084,
            27.804726100000003
          ],
          [
            84.9720731,
            27.805000199999995
          ],
          [
            84.9717915,
            27.805277799999995
          ],
          [
            84.9703699,
            27.8057878
          ],
          [
            84.9695911,
            27.806584699999995
          ],
          [
            84.9693078,
            27.806848299999995
          ],
          [
            84.969238,
            27.8075553
          ],
          [
            84.9693614,
            27.8090595
          ],
          [
            84.9694204,
            27.8097095
          ],
          [
            84.9693561,
            27.810525599999995
          ],
          [
            84.969061,
            27.8112231
          ],
          [
            84.968664,
            27.811778300000004
          ],
          [
            84.9683422,
            27.812091399999993
          ],
          [
            84.9680257,
            27.812134099999994
          ],
          [
            84.9675536,
            27.8118399
          ],
          [
            84.966808,
            27.811075999999996
          ],
          [
            84.9662876,
            27.810653699999996
          ],
          [
            84.9657619,
            27.810554100000004
          ],
          [
            84.9653435,
            27.8106015
          ],
          [
            84.9650752,
            27.8109954
          ],
          [
            84.964664,
            27.812757300000005
          ],
          [
            84.9642278,
            27.814226299999998
          ],
          [
            84.963391,
            27.815583200000003
          ],
          [
            84.9622215,
            27.8165606
          ],
          [
            84.9613523,
            27.8169974
          ],
          [
            84.9601346,
            27.8175287
          ],
          [
            84.95862990000002,
            27.8179935
          ],
          [
            84.9570233,
            27.817746999999994
          ],
          [
            84.9559557,
            27.817448100000004
          ],
          [
            84.9552691,
            27.817158699999997
          ],
          [
            84.954164,
            27.81641849999999
          ],
          [
            84.9529248,
            27.8158207
          ],
          [
            84.9521765,
            27.815614300000004
          ],
          [
            84.9517286,
            27.815778
          ],
          [
            84.9512941,
            27.816138599999988
          ],
          [
            84.950763,
            27.816717399999998
          ],
          [
            84.9502587,
            27.8168455
          ],
          [
            84.9496901,
            27.816752999999995
          ],
          [
            84.948982,
            27.816409000000004
          ],
          [
            84.9483544,
            27.8162619
          ],
          [
            84.9477535,
            27.8161955
          ],
          [
            84.9471849,
            27.816000999999996
          ],
          [
            84.9465841,
            27.815521799999996
          ],
          [
            84.9461067,
            27.8148101
          ],
          [
            84.9458384,
            27.814164799999993
          ],
          [
            84.9456561,
            27.813410399999995
          ],
          [
            84.9455005,
            27.812618099999998
          ],
          [
            84.9452162,
            27.8121317
          ],
          [
            84.9441969,
            27.81156
          ],
          [
            84.9435532,
            27.8110096
          ],
          [
            84.943285,
            27.8104545
          ],
          [
            84.9431509,
            27.809908799999995
          ],
          [
            84.9430329,
            27.809154399999997
          ],
          [
            84.9428719,
            27.808827000000004
          ],
          [
            84.9424106,
            27.808195899999998
          ],
          [
            84.94137140000001,
            27.806958899999994
          ],
          [
            84.9399681,
            27.805107399999997
          ],
          [
            84.9394799,
            27.804660400000003
          ],
          [
            84.9389869,
            27.804443499999994
          ],
          [
            84.9385267,
            27.8043952
          ],
          [
            84.9380708,
            27.8044948
          ],
          [
            84.936837,
            27.8049836
          ],
          [
            84.9362469,
            27.805012
          ],
          [
            84.935689,
            27.8048222
          ],
          [
            84.934718,
            27.8042528
          ],
          [
            84.9338651,
            27.803683399999993
          ],
          [
            84.9326636,
            27.8026207
          ],
          [
            84.9312419,
            27.801429499999994
          ],
          [
            84.9289244,
            27.800176699999998
          ],
          [
            84.9268645,
            27.7989999
          ],
          [
            84.925459,
            27.798202699999997
          ],
          [
            84.9247616,
            27.797823100000002
          ],
          [
            84.9238121,
            27.797486099999993
          ],
          [
            84.9232596,
            27.797414999999997
          ],
          [
            84.9227554,
            27.797448200000005
          ],
          [
            84.9218434,
            27.797751899999998
          ],
          [
            84.920851,
            27.798240599999996
          ],
          [
            84.9200731,
            27.798757899999995
          ],
          [
            84.9191987,
            27.799588299999996
          ],
          [
            84.9183297,
            27.800238399999994
          ],
          [
            84.9173025,
            27.800716699999988
          ],
          [
            84.9171736,
            27.800740300000005
          ],
          [
            84.9161814,
            27.800914799999994
          ],
          [
            84.9151969,
            27.801353500000005
          ],
          [
            84.9146551,
            27.8017901
          ],
          [
            84.91436,
            27.802440199999996
          ],
          [
            84.9143064,
            27.8030381
          ],
          [
            84.9142474,
            27.803982400000002
          ],
          [
            84.9139684,
            27.8045968
          ],
          [
            84.9135768,
            27.8049717
          ],
          [
            84.9131289,
            27.8051378
          ],
          [
            84.9126193,
            27.805206599999998
          ],
          [
            84.9120721,
            27.8051235
          ],
          [
            84.9113694,
            27.8049171
          ],
          [
            84.908765,
            27.804176899999995
          ],
          [
            84.9075901,
            27.8040345
          ],
          [
            84.9071851,
            27.8041413
          ],
          [
            84.9070376,
            27.804390399999996
          ],
          [
            84.9070778,
            27.804848299999993
          ],
          [
            84.9073943,
            27.806101000000005
          ],
          [
            84.9073514,
            27.806886299999995
          ],
          [
            84.9070162,
            27.807436699999993
          ],
          [
            84.9064261,
            27.8078139
          ],
          [
            84.9057367,
            27.807977599999994
          ],
          [
            84.9052432,
            27.8079302
          ],
          [
            84.9042267,
            27.807533999999993
          ],
          [
            84.9027997,
            27.8069456
          ],
          [
            84.9016967,
            27.80639
          ],
          [
            84.9002168,
            27.805939699999996
          ],
          [
            84.8998375,
            27.8059046
          ],
          [
            84.8995033,
            27.805958699999994
          ],
          [
            84.898366,
            27.806466399999998
          ],
          [
            84.8969445,
            27.8070666
          ],
          [
            84.8958206,
            27.807579099999995
          ],
          [
            84.8945224,
            27.807897
          ],
          [
            84.8931599,
            27.808153199999996
          ],
          [
            84.8919958,
            27.808333500000003
          ],
          [
            84.8912662,
            27.808601600000003
          ],
          [
            84.8906627,
            27.80897879999999
          ],
          [
            84.8898956,
            27.8092588
          ],
          [
            84.888989,
            27.809382099999997
          ],
          [
            84.8878249,
            27.8094794
          ],
          [
            84.886744,
            27.809415299999998
          ],
          [
            84.8859957,
            27.80914959999999
          ],
          [
            84.8854029,
            27.808753400000004
          ],
          [
            84.8847243,
            27.808323999999995
          ],
          [
            84.8838767,
            27.8081888
          ],
          [
            84.8831686,
            27.808399899999998
          ],
          [
            84.8826519,
            27.808731699999992
          ],
          [
            84.8823291,
            27.8092635
          ],
          [
            84.881722,
            27.809737400000003
          ],
          [
            84.88114620000002,
            27.8097807
          ],
          [
            84.8806956,
            27.809659700000005
          ],
          [
            84.87993020000002,
            27.8091548
          ],
          [
            84.8778874,
            27.808518600000003
          ],
          [
            84.8761868,
            27.808181599999998
          ],
          [
            84.8735851,
            27.8078211
          ],
          [
            84.8723674,
            27.807365499999996
          ],
          [
            84.8715198,
            27.806905299999997
          ],
          [
            84.87138030000001,
            27.806402300000002
          ],
          [
            84.8714983,
            27.8059136
          ],
          [
            84.87219570000002,
            27.805111699999998
          ],
          [
            84.8727804,
            27.804347699999997
          ],
          [
            84.87276430000001,
            27.803811499999995
          ],
          [
            84.8721582,
            27.8032801
          ],
          [
            84.870286,
            27.802359499999998
          ],
          [
            84.8689341,
            27.801960899999997
          ],
          [
            84.8669815,
            27.801595499999998
          ],
          [
            84.8653293,
            27.801495899999992
          ],
          [
            84.8645943,
            27.801623999999993
          ],
          [
            84.8641598,
            27.8019609
          ],
          [
            84.8631138,
            27.8034224
          ],
          [
            84.8620516,
            27.805377399999998
          ],
          [
            84.8610324,
            27.8065115
          ],
          [
            84.8599112,
            27.807175800000003
          ],
          [
            84.8584199,
            27.807450999999997
          ],
          [
            84.8554051,
            27.807522099999996
          ],
          [
            84.8542196,
            27.807740399999997
          ],
          [
            84.8516017,
            27.808589700000002
          ],
          [
            84.8499012,
            27.808660899999996
          ],
          [
            84.8492521,
            27.808385699999995
          ],
          [
            84.8487693,
            27.807783099999998
          ],
          [
            84.8485655,
            27.806971699999995
          ],
          [
            84.8486137,
            27.8056241
          ],
          [
            84.8484755,
            27.804823000000003
          ],
          [
            84.8482882,
            27.8044273
          ],
          [
            84.8478906,
            27.804107899999998
          ],
          [
            84.8456901,
            27.8030903
          ],
          [
            84.8430723,
            27.8020606
          ],
          [
            84.8414308,
            27.8018328
          ],
          [
            84.8399019,
            27.802055799999998
          ],
          [
            84.8387915,
            27.802824499999996
          ],
          [
            84.8381209,
            27.8038922
          ],
          [
            84.8379707,
            27.804864900000002
          ],
          [
            84.8380405,
            27.805486500000004
          ],
          [
            84.8383355,
            27.8063027
          ],
          [
            84.8383462,
            27.8065874
          ],
          [
            84.8382121,
            27.8068768
          ],
          [
            84.837714,
            27.807218599999995
          ],
          [
            84.83717920000001,
            27.8075089
          ],
          [
            84.836823,
            27.8080076
          ],
          [
            84.8364168,
            27.808577099999994
          ],
          [
            84.835644,
            27.8093066
          ],
          [
            84.8353458,
            27.809999899999998
          ],
          [
            84.8353743,
            27.811028599999997
          ],
          [
            84.8352992,
            27.812807899999992
          ],
          [
            84.83531,
            27.8135433
          ],
          [
            84.8352349,
            27.814058099999997
          ],
          [
            84.8347896,
            27.814553899999996
          ],
          [
            84.83349140000001,
            27.8160342
          ],
          [
            84.8323274,
            27.817120699999997
          ],
          [
            84.8312116,
            27.817898799999995
          ],
          [
            84.83015480000002,
            27.818458699999994
          ],
          [
            84.8283362,
            27.8190517
          ],
          [
            84.8268771,
            27.8192605
          ],
          [
            84.8255414,
            27.819046999999994
          ],
          [
            84.8242485,
            27.818325799999997
          ],
          [
            84.82339560000001,
            27.817590400000004
          ],
          [
            84.8228002,
            27.8165324
          ],
          [
            84.8224622,
            27.815469600000004
          ],
          [
            84.8222423,
            27.8141553
          ],
          [
            84.82201160000001,
            27.813230099999995
          ],
          [
            84.8219365,
            27.812371299999995
          ],
          [
            84.8219794,
            27.8117166
          ],
          [
            84.8222798,
            27.810891
          ],
          [
            84.8227197,
            27.8099942
          ],
          [
            84.8229289,
            27.8092967
          ],
          [
            84.8228699,
            27.808883899999998
          ],
          [
            84.8222154,
            27.808361999999995
          ],
          [
            84.8216361,
            27.808001399999995
          ],
          [
            84.820767,
            27.8076929
          ],
          [
            84.8198873,
            27.8076265
          ],
          [
            84.8188412,
            27.80768820000001
          ],
          [
            84.8183316,
            27.807835299999997
          ],
          [
            84.81780900000001,
            27.808113300000002
          ],
          [
            84.8173333,
            27.8086091
          ],
          [
            84.8171836,
            27.8089314
          ],
          [
            84.8168296,
            27.810017899999995
          ],
          [
            84.8167813,
            27.8111567
          ],
          [
            84.8167384,
            27.812062900000004
          ],
          [
            84.8164916,
            27.812713
          ],
          [
            84.8162827,
            27.813052400000004
          ],
          [
            84.8155743,
            27.8136477
          ],
          [
            84.8147106,
            27.813956100000002
          ],
          [
            84.8131388,
            27.814202800000007
          ],
          [
            84.8121464,
            27.814463699999997
          ],
          [
            84.8110145,
            27.8148955
          ],
          [
            84.8103386,
            27.8154981
          ],
          [
            84.8099256,
            27.8162382
          ],
          [
            84.8095086,
            27.817110399999994
          ],
          [
            84.8091343,
            27.817407700000004
          ],
          [
            84.8086944,
            27.817659199999994
          ],
          [
            84.8082763,
            27.8177214
          ],
          [
            84.80771000000001,
            27.817723299999997
          ],
          [
            84.8071039,
            27.8176307
          ],
          [
            84.8059076,
            27.817262999999997
          ],
          [
            84.8045004,
            27.8167824
          ],
          [
            84.8037956,
            27.8166437
          ],
          [
            84.8034578,
            27.816464099999997
          ],
          [
            84.8020579,
            27.8156028
          ],
          [
            84.8013747,
            27.814867
          ],
          [
            84.8008816,
            27.8145983
          ],
          [
            84.800061,
            27.814559199999998
          ],
          [
            84.7986145,
            27.814592
          ],
          [
            84.7960693,
            27.814065199999998
          ],
          [
            84.7936963,
            27.81304
          ],
          [
            84.7928427,
            27.8127676
          ],
          [
            84.7922427,
            27.8126573
          ],
          [
            84.7915863,
            27.8126297
          ],
          [
            84.7909652,
            27.812738399999997
          ],
          [
            84.7904672,
            27.8129434
          ],
          [
            84.790045,
            27.813362999999995
          ],
          [
            84.7893297,
            27.814291399999995
          ],
          [
            84.7889239,
            27.8146085
          ],
          [
            84.7882843,
            27.814770999999993
          ],
          [
            84.7875253,
            27.814714299999995
          ],
          [
            84.783853,
            27.8140717
          ],
          [
            84.7829479,
            27.813913399999997
          ],
          [
            84.7814727,
            27.8134816
          ],
          [
            84.7798848,
            27.812950199999996
          ],
          [
            84.7793269,
            27.812703500000005
          ],
          [
            84.7789139,
            27.812418799999996
          ],
          [
            84.7772187,
            27.8107107
          ],
          [
            84.7755611,
            27.809130699999997
          ],
          [
            84.7749013,
            27.8086846
          ],
          [
            84.7743648,
            27.808608699999997
          ],
          [
            84.7738123,
            27.808608700000008
          ],
          [
            84.773308,
            27.8087416
          ],
          [
            84.7727179,
            27.8089503
          ],
          [
            84.7718382,
            27.809424799999995
          ],
          [
            84.7712105,
            27.8097949
          ],
          [
            84.7707009,
            27.810046399999994
          ],
          [
            84.7697782,
            27.810649000000005
          ],
          [
            84.7691292,
            27.8111899
          ],
          [
            84.768759,
            27.811683399999993
          ],
          [
            84.7686249,
            27.8120107
          ],
          [
            84.7685659,
            27.8123144
          ],
          [
            84.7686249,
            27.812665499999998
          ],
          [
            84.7689253,
            27.8133013
          ],
          [
            84.7693813,
            27.813951299999996
          ],
          [
            84.7695851,
            27.81444
          ],
          [
            84.7696871,
            27.8147437
          ],
          [
            84.7696227,
            27.815075799999992
          ],
          [
            84.7694725,
            27.815365199999995
          ],
          [
            84.7688609,
            27.815901400000005
          ],
          [
            84.768185,
            27.8164328
          ],
          [
            84.7670532,
            27.817127699999997
          ],
          [
            84.7660215,
            27.8178936
          ],
          [
            84.7654709,
            27.8182765
          ],
          [
            84.7646691,
            27.818583799999992
          ],
          [
            84.7637443,
            27.818626399999992
          ],
          [
            84.7628997,
            27.818512899999998
          ],
          [
            84.7619963,
            27.818217399999998
          ],
          [
            84.7614778,
            27.8178841
          ],
          [
            84.7606279,
            27.817094599999997
          ],
          [
            84.7597352,
            27.816328699999996
          ],
          [
            84.7593075,
            27.815903199999997
          ],
          [
            84.7586019,
            27.815510699999994
          ],
          [
            84.7581315,
            27.815217600000004
          ],
          [
            84.75738850000002,
            27.814655
          ],
          [
            84.757025,
            27.814130200000005
          ],
          [
            84.75684320000002,
            27.813331199999997
          ],
          [
            84.7568165,
            27.8127638
          ],
          [
            84.7568967,
            27.8113927
          ],
          [
            84.7568753,
            27.810555800000003
          ],
          [
            84.7567524,
            27.809685800000004
          ],
          [
            84.7564156,
            27.8090239
          ],
          [
            84.75583290000002,
            27.8083808
          ],
          [
            84.7551754,
            27.807785099999997
          ],
          [
            84.7535023,
            27.806463499999992
          ],
          [
            84.7527592,
            27.80591739999999
          ],
          [
            84.7520723,
            27.8055108
          ],
          [
            84.7513908,
            27.805246000000004
          ],
          [
            84.7508803,
            27.805092299999995
          ],
          [
            84.7503035,
            27.8050698
          ],
          [
            84.7497043,
            27.8052507
          ],
          [
            84.749135,
            27.8054399
          ],
          [
            84.748547,
            27.805621900000002
          ],
          [
            84.7477719,
            27.8058134
          ],
          [
            84.7472239,
            27.805893799999996
          ],
          [
            84.7468578,
            27.8058441
          ],
          [
            84.7465183,
            27.805662099999996
          ],
          [
            84.7461254,
            27.805371300000004
          ],
          [
            84.7458635,
            27.805068699999993
          ],
          [
            84.7456524,
            27.804874799999997
          ],
          [
            84.7451793,
            27.804605299999995
          ],
          [
            84.7447463,
            27.804390199999997
          ],
          [
            84.7443053,
            27.804333399999997
          ],
          [
            84.7438456,
            27.8042909
          ],
          [
            84.7430918,
            27.804321600000005
          ],
          [
            84.7422606,
            27.804404399999996
          ],
          [
            84.7411808,
            27.804461099999997
          ],
          [
            84.740379,
            27.804513099999998
          ],
          [
            84.7398311,
            27.80450369999999
          ],
          [
            84.7394007,
            27.804458699999994
          ],
          [
            84.7387566,
            27.8042389
          ],
          [
            84.738222,
            27.803846399999998
          ],
          [
            84.7378158,
            27.803465799999998
          ],
          [
            84.737463,
            27.8028511
          ],
          [
            84.7372518,
            27.8024019
          ],
          [
            84.7370808,
            27.80199289999999
          ],
          [
            84.7370246,
            27.8014633
          ],
          [
            84.7370861,
            27.8010259
          ],
          [
            84.7370918,
            27.8009997
          ],
          [
            84.7372091,
            27.800465599999992
          ],
          [
            84.7372331,
            27.7999809
          ],
          [
            84.7372545,
            27.7993851
          ],
          [
            84.7371636,
            27.799089500000008
          ],
          [
            84.7368857,
            27.798846
          ],
          [
            84.7366157,
            27.798642699999995
          ],
          [
            84.7360999,
            27.798366099999996
          ],
          [
            84.7353595,
            27.798207699999995
          ],
          [
            84.7347662,
            27.798053999999997
          ],
          [
            84.7342343,
            27.7978554
          ],
          [
            84.7337532,
            27.797444
          ],
          [
            84.7334966,
            27.7971484
          ],
          [
            84.7331266,
            27.796628399999992
          ],
          [
            84.7328043,
            27.796268899999998
          ],
          [
            84.7325184,
            27.7960537
          ],
          [
            84.7319712,
            27.795774199999993
          ],
          [
            84.7314519,
            27.795667099999996
          ],
          [
            84.7310765,
            27.7956395
          ],
          [
            84.730676,
            27.795650499999994
          ],
          [
            84.7302985,
            27.795709599999995
          ],
          [
            84.7299461,
            27.795818399999998
          ],
          [
            84.7296791,
            27.796039799999996
          ],
          [
            84.72951220000002,
            27.796209599999997
          ],
          [
            84.729312,
            27.79648819999999
          ],
          [
            84.7290868,
            27.796860799999997
          ],
          [
            84.7289867,
            27.7972114
          ],
          [
            84.728874,
            27.7975767
          ],
          [
            84.7287698,
            27.798052699999992
          ],
          [
            84.7285445,
            27.7987796
          ],
          [
            84.7283234,
            27.7992482
          ],
          [
            84.7280148,
            27.799639299999996
          ],
          [
            84.7277395,
            27.799938199999996
          ],
          [
            84.7274058,
            27.8001522
          ],
          [
            84.726997,
            27.8003072
          ],
          [
            84.7264672,
            27.800429
          ],
          [
            84.7259875,
            27.800569199999998
          ],
          [
            84.72554950000001,
            27.800731500000005
          ],
          [
            84.7249489,
            27.800904899999995
          ],
          [
            84.7242731,
            27.801067299999996
          ],
          [
            84.7233638,
            27.801100499999993
          ],
          [
            84.7225796,
            27.80115219999999
          ],
          [
            84.7218413,
            27.801310799999996
          ],
          [
            84.7213074,
            27.8015174
          ],
          [
            84.7208193,
            27.801904899999997
          ],
          [
            84.7203939,
            27.8023919
          ],
          [
            84.7198307,
            27.803033899999992
          ],
          [
            84.7193636,
            27.803506199999994
          ],
          [
            84.7188755,
            27.803808800000002
          ],
          [
            84.7183917,
            27.803860399999994
          ],
          [
            84.7178807,
            27.803780500000002
          ],
          [
            84.717555,
            27.8036198
          ],
          [
            84.7174114,
            27.8031409
          ],
          [
            84.7170068,
            27.802616999999994
          ],
          [
            84.7160724,
            27.8019196
          ],
          [
            84.7151673,
            27.8013256
          ],
          [
            84.7144289,
            27.800927099999992
          ],
          [
            84.7138825,
            27.80075
          ],
          [
            84.7129607,
            27.800532299999997
          ],
          [
            84.7121598,
            27.800451099999997
          ],
          [
            84.7114757,
            27.800502699999996
          ],
          [
            84.7105747,
            27.800753699999994
          ],
          [
            84.7097613,
            27.8010968
          ],
          [
            84.7089854,
            27.8015248
          ],
          [
            84.7083806,
            27.8020156
          ],
          [
            84.7080511,
            27.8025321
          ],
          [
            84.7080052,
            27.803015499999997
          ],
          [
            84.708097,
            27.80375340000001
          ],
          [
            84.7082263,
            27.8047976
          ],
          [
            84.7082763,
            27.805808599999995
          ],
          [
            84.7081387,
            27.80643209999999
          ],
          [
            84.70797600000002,
            27.8068232
          ],
          [
            84.7075589,
            27.807099899999997
          ],
          [
            84.7071209,
            27.8071737
          ],
          [
            84.7064493,
            27.807295499999995
          ],
          [
            84.7054601,
            27.807328799999997
          ],
          [
            84.7037964,
            27.8073766
          ],
          [
            84.70288290000002,
            27.807413500000003
          ],
          [
            84.7020111,
            27.807535299999998
          ],
          [
            84.7012311,
            27.8076644
          ],
          [
            84.699792,
            27.8079633
          ],
          [
            84.6980317,
            27.8083581
          ],
          [
            84.6969786,
            27.808596699999995
          ],
          [
            84.6963257,
            27.8087528
          ],
          [
            84.6953579,
            27.808981599999992
          ],
          [
            84.6943964,
            27.809232499999997
          ],
          [
            84.6939086,
            27.809342299999997
          ],
          [
            84.6933093,
            27.8094327
          ],
          [
            84.6926464,
            27.8095255
          ],
          [
            84.6922819,
            27.8095671
          ],
          [
            84.6918952,
            27.809596399999993
          ],
          [
            84.6912434,
            27.8096575
          ],
          [
            84.6906165,
            27.809791800000003
          ],
          [
            84.6898977,
            27.809984299999996
          ],
          [
            84.6893737,
            27.8101192
          ],
          [
            84.6887826,
            27.810277899999996
          ],
          [
            84.6882385,
            27.810407399999995
          ],
          [
            84.6877387,
            27.8104367
          ],
          [
            84.6872305,
            27.810448899999994
          ],
          [
            84.6865317,
            27.810434299999997
          ],
          [
            84.6858219,
            27.810422099999997
          ],
          [
            84.685322,
            27.810456299999995
          ],
          [
            84.6847531,
            27.810554000000003
          ],
          [
            84.6840129,
            27.810837399999993
          ],
          [
            84.6834468,
            27.811172
          ],
          [
            84.6829192,
            27.8114994
          ],
          [
            84.6827232,
            27.811663000000003
          ],
          [
            84.6825354,
            27.811865799999996
          ],
          [
            84.6822426,
            27.812092999999994
          ],
          [
            84.6815908,
            27.812566900000004
          ],
          [
            84.6805441,
            27.8133266
          ],
          [
            84.6799144,
            27.8137418
          ],
          [
            84.679594,
            27.8138835
          ],
          [
            84.6792791,
            27.814015399999995
          ],
          [
            84.6789035,
            27.8141864
          ],
          [
            84.6784865,
            27.814484399999998
          ],
          [
            84.6780336,
            27.8148313
          ],
          [
            84.67752260000002,
            27.8153052
          ],
          [
            84.67722160000001,
            27.815534799999995
          ],
          [
            84.6768322,
            27.8157302
          ],
          [
            84.6761859,
            27.815957399999995
          ],
          [
            84.675512,
            27.816111299999992
          ],
          [
            84.6746558,
            27.8163018
          ],
          [
            84.6737886,
            27.8165192
          ],
          [
            84.672648,
            27.816770800000004
          ],
          [
            84.6721011,
            27.816897799999996
          ],
          [
            84.6715653,
            27.817005300000005
          ],
          [
            84.6709246,
            27.817110399999997
          ],
          [
            84.6704689,
            27.817212900000005
          ],
          [
            84.6698861,
            27.8174426
          ],
          [
            84.6695299,
            27.817633099999995
          ],
          [
            84.6691846,
            27.817801600000003
          ],
          [
            84.6687731,
            27.818021499999997
          ],
          [
            84.6682898,
            27.8182511
          ],
          [
            84.6677816,
            27.818593099999998
          ],
          [
            84.6674833,
            27.8188422
          ],
          [
            84.6673093,
            27.819113300000005
          ],
          [
            84.6671768,
            27.8194553
          ],
          [
            84.6671602,
            27.819885199999995
          ],
          [
            84.6672071,
            27.82034689999999
          ],
          [
            84.6673756,
            27.8208745
          ],
          [
            84.6675109,
            27.8212091
          ],
          [
            84.6677098,
            27.8216146
          ],
          [
            84.6677706,
            27.8219101
          ],
          [
            84.6677236,
            27.822144599999998
          ],
          [
            84.6675054,
            27.822488999999997
          ],
          [
            84.6672486,
            27.8229555
          ],
          [
            84.6670718,
            27.823348799999994
          ],
          [
            84.6667956,
            27.823900799999997
          ],
          [
            84.6664725,
            27.824540699999993
          ],
          [
            84.6662571,
            27.824828999999998
          ],
          [
            84.6658207,
            27.825280799999998
          ],
          [
            84.6651855,
            27.825986699999998
          ],
          [
            84.6648154,
            27.826223600000002
          ],
          [
            84.6643072,
            27.826470299999997
          ],
          [
            84.6639924,
            27.8266804
          ],
          [
            84.6637107,
            27.826883100000003
          ],
          [
            84.6633682,
            27.827266599999998
          ],
          [
            84.6630451,
            27.827586499999995
          ],
          [
            84.6626308,
            27.8278796
          ],
          [
            84.6622855,
            27.828111599999996
          ],
          [
            84.6618878,
            27.828275299999998
          ],
          [
            84.6615647,
            27.828522
          ],
          [
            84.6612968,
            27.828834600000004
          ],
          [
            84.661156,
            27.829100799999992
          ],
          [
            84.6611035,
            27.829276700000005
          ],
          [
            84.661098,
            27.829652799999998
          ],
          [
            84.6611228,
            27.829972800000004
          ],
          [
            84.6611642,
            27.8304954
          ],
          [
            84.6612388,
            27.830996100000004
          ],
          [
            84.6613126,
            27.831475599999994
          ],
          [
            84.6614073,
            27.8318143
          ],
          [
            84.6617249,
            27.8326594
          ],
          [
            84.6621419,
            27.833526399999997
          ],
          [
            84.6623406,
            27.833891199999993
          ],
          [
            84.6627468,
            27.834549700000004
          ],
          [
            84.6629208,
            27.83480369999999
          ],
          [
            84.6631031,
            27.8352433
          ],
          [
            84.6631914,
            27.835636499999993
          ],
          [
            84.6632522,
            27.835988199999996
          ],
          [
            84.6633627,
            27.8368796
          ],
          [
            84.6634262,
            27.837622099999997
          ],
          [
            84.6634704,
            27.83838890000001
          ],
          [
            84.66350350000002,
            27.8386405
          ],
          [
            84.6641124,
            27.840262999999997
          ],
          [
            84.6641099,
            27.840516899999994
          ],
          [
            84.6640775,
            27.840756800000005
          ],
          [
            84.6639946,
            27.8409759
          ],
          [
            84.66389,
            27.841184899999995
          ],
          [
            84.6636213,
            27.8415312
          ],
          [
            84.6634832,
            27.841689000000002
          ],
          [
            84.6632943,
            27.8419507
          ],
          [
            84.6622515,
            27.844058500000003
          ],
          [
            84.66172810000002,
            27.8453137
          ],
          [
            84.6613446,
            27.846584800000002
          ],
          [
            84.6609356,
            27.848135499999998
          ],
          [
            84.6604219,
            27.849238499999995
          ],
          [
            84.6599466,
            27.850057199999995
          ],
          [
            84.659261,
            27.850649099999995
          ],
          [
            84.6586998,
            27.8510449
          ],
          [
            84.6583217,
            27.851330400000002
          ],
          [
            84.6579321,
            27.851587300000002
          ],
          [
            84.6567765,
            27.852006699999993
          ],
          [
            84.6555243,
            27.852331299999996
          ],
          [
            84.6542087,
            27.852428599999996
          ],
          [
            84.6533713,
            27.852407499999995
          ],
          [
            84.65219970000001,
            27.852499699999996
          ],
          [
            84.6508685,
            27.85253339999999
          ],
          [
            84.6493311,
            27.852806899999997
          ],
          [
            84.64832500000001,
            27.8530999
          ],
          [
            84.6476947,
            27.853203099999998
          ],
          [
            84.6474506,
            27.853292
          ],
          [
            84.6472955,
            27.85339069999999
          ],
          [
            84.6471618,
            27.853503600000003
          ],
          [
            84.6469696,
            27.853710499999995
          ],
          [
            84.6469011,
            27.8539061
          ],
          [
            84.6468434,
            27.854120599999998
          ],
          [
            84.6467923,
            27.854511800000004
          ],
          [
            84.6467995,
            27.8547144
          ],
          [
            84.6468604,
            27.854907599999997
          ],
          [
            84.6471541,
            27.855404999999998
          ],
          [
            84.6474907,
            27.8558455
          ],
          [
            84.6484489,
            27.8567436
          ],
          [
            84.6497409,
            27.858182399999997
          ],
          [
            84.6498373,
            27.8584428
          ],
          [
            84.6498694,
            27.858636899999993
          ],
          [
            84.64984120000001,
            27.858806099999992
          ],
          [
            84.6497809,
            27.8589659
          ],
          [
            84.6497165,
            27.859166799999993
          ],
          [
            84.6494905,
            27.859400499999996
          ],
          [
            84.6491391,
            27.8595211
          ],
          [
            84.64823420000002,
            27.859687
          ],
          [
            84.6474668,
            27.860124499999998
          ],
          [
            84.6469273,
            27.860412199999995
          ],
          [
            84.6468078,
            27.8604595
          ],
          [
            84.6466352,
            27.860512800000002
          ],
          [
            84.6464767,
            27.8605612
          ],
          [
            84.6461995,
            27.8605849
          ],
          [
            84.6460039,
            27.860581399999997
          ],
          [
            84.6457036,
            27.860556299999992
          ],
          [
            84.6448137,
            27.860429699999997
          ],
          [
            84.6430239,
            27.860045299999996
          ],
          [
            84.6422171,
            27.860343099999998
          ],
          [
            84.6413411,
            27.860247999999995
          ],
          [
            84.6397585,
            27.859677099999992
          ],
          [
            84.6383178,
            27.859850900000005
          ],
          [
            84.63698990000002,
            27.860081400000002
          ],
          [
            84.6359916,
            27.860258099999996
          ],
          [
            84.6354539,
            27.8604632
          ],
          [
            84.6349806,
            27.860706299999997
          ],
          [
            84.6345895,
            27.861003299999997
          ],
          [
            84.6342851,
            27.861418199999992
          ],
          [
            84.6341905,
            27.861816999999995
          ],
          [
            84.6339442,
            27.862964499999997
          ],
          [
            84.6334508,
            27.866894799999994
          ],
          [
            84.6331951,
            27.8690458
          ],
          [
            84.6331062,
            27.8692895
          ],
          [
            84.6329132,
            27.869446699999997
          ],
          [
            84.6327328,
            27.8695172
          ],
          [
            84.631559,
            27.8697344
          ],
          [
            84.6308676,
            27.869940899999996
          ],
          [
            84.6293441,
            27.8704431
          ],
          [
            84.6292029,
            27.870509299999995
          ],
          [
            84.6290778,
            27.8705944
          ],
          [
            84.6272739,
            27.872427899999998
          ],
          [
            84.6270647,
            27.8727345
          ],
          [
            84.6269306,
            27.872993599999997
          ],
          [
            84.6268716,
            27.873162700000005
          ],
          [
            84.6268448,
            27.8733317
          ],
          [
            84.6268915,
            27.873606299999995
          ],
          [
            84.6269784,
            27.873940199999996
          ],
          [
            84.6270736,
            27.8741282
          ],
          [
            84.6271688,
            27.874268800000003
          ],
          [
            84.6275121,
            27.874770400000003
          ],
          [
            84.6275757,
            27.874971999999996
          ],
          [
            84.627591,
            27.875064499999997
          ],
          [
            84.6275922,
            27.87528319999999
          ],
          [
            84.6274332,
            27.8762654
          ],
          [
            84.6274094,
            27.8766237
          ],
          [
            84.6274284,
            27.8769726
          ],
          [
            84.6273581,
            27.877693600000004
          ],
          [
            84.6273443,
            27.877758100000005
          ],
          [
            84.6273279,
            27.8778227
          ],
          [
            84.6272831,
            27.877921899999993
          ],
          [
            84.6272187,
            27.878023399999996
          ],
          [
            84.627098,
            27.878129599999998
          ],
          [
            84.6265669,
            27.8785412
          ],
          [
            84.624124,
            27.8800245
          ],
          [
            84.6236685,
            27.8802085
          ],
          [
            84.6231702,
            27.880363999999997
          ],
          [
            84.6212936,
            27.880750899999995
          ],
          [
            84.6204461,
            27.88085
          ],
          [
            84.6199982,
            27.8808996
          ],
          [
            84.6196147,
            27.880892199999995
          ],
          [
            84.61914630000001,
            27.880808299999995
          ],
          [
            84.6186619,
            27.8806105
          ],
          [
            84.6183685,
            27.880430800000003
          ],
          [
            84.618075,
            27.880184699999997
          ],
          [
            84.617804,
            27.8798069
          ],
          [
            84.6172897,
            27.87895
          ],
          [
            84.6170539,
            27.878591000000004
          ],
          [
            84.6169146,
            27.878420999999992
          ],
          [
            84.6167538,
            27.878251
          ],
          [
            84.6160354,
            27.877741799999995
          ],
          [
            84.6148405,
            27.876867900000004
          ],
          [
            84.6145536,
            27.876593699999994
          ],
          [
            84.6142452,
            27.8761583
          ],
          [
            84.6140735,
            27.8758319
          ],
          [
            84.6140092,
            27.875496099999996
          ],
          [
            84.6139707,
            27.875225
          ],
          [
            84.6139537,
            27.8749445
          ],
          [
            84.613989,
            27.873573599999997
          ],
          [
            84.6139655,
            27.873375999999993
          ],
          [
            84.6138786,
            27.873175300000003
          ],
          [
            84.6138006,
            27.873037900000003
          ],
          [
            84.6136581,
            27.8728982
          ],
          [
            84.6135747,
            27.872843899999996
          ],
          [
            84.6134913,
            27.872794299999995
          ],
          [
            84.613339,
            27.872733999999998
          ],
          [
            84.6129506,
            27.872645200000004
          ],
          [
            84.607919,
            27.871601
          ],
          [
            84.6076259,
            27.871550199999998
          ],
          [
            84.6073412,
            27.871510599999997
          ],
          [
            84.6069761,
            27.8715208
          ],
          [
            84.6066914,
            27.871535800000004
          ],
          [
            84.6064416,
            27.8715768
          ],
          [
            84.6061029,
            27.871668299999993
          ],
          [
            84.605259,
            27.8720497
          ],
          [
            84.6050007,
            27.8722605
          ],
          [
            84.6044979,
            27.872762799999993
          ],
          [
            84.6041604,
            27.8733184
          ],
          [
            84.6038548,
            27.874318400000003
          ],
          [
            84.6036603,
            27.8748519
          ],
          [
            84.6033368,
            27.875351899999995
          ],
          [
            84.6032259,
            27.875520000000005
          ],
          [
            84.6030988,
            27.8756692
          ],
          [
            84.6029752,
            27.875775899999997
          ],
          [
            84.6028329,
            27.8758708
          ],
          [
            84.6026631,
            27.8759532
          ],
          [
            84.6024959,
            27.8760214
          ],
          [
            84.6022845,
            27.876090699999995
          ],
          [
            84.6020436,
            27.876141099999998
          ],
          [
            84.60179380000001,
            27.876179099999998
          ],
          [
            84.6001798,
            27.8763171
          ],
          [
            84.5995842,
            27.8763496
          ],
          [
            84.5992784,
            27.8763492
          ],
          [
            84.599167,
            27.8763384
          ],
          [
            84.5990288,
            27.876337399999997
          ],
          [
            84.5987767,
            27.8762841
          ],
          [
            84.59845480000001,
            27.8762118
          ],
          [
            84.5981805,
            27.876117199999992
          ],
          [
            84.597819,
            27.876081899999992
          ],
          [
            84.5974856,
            27.876079300000004
          ],
          [
            84.5971096,
            27.876096999999998
          ],
          [
            84.5967275,
            27.8761525
          ],
          [
            84.59620040000001,
            27.876281699999996
          ],
          [
            84.5956181,
            27.87646859999999
          ],
          [
            84.5947802,
            27.876870900000004
          ],
          [
            84.5943511,
            27.877092599999997
          ],
          [
            84.5940225,
            27.877320199999993
          ],
          [
            84.5937529,
            27.877567999999993
          ],
          [
            84.593714,
            27.877611799999997
          ],
          [
            84.5928276,
            27.8785886
          ],
          [
            84.5923166,
            27.879107899999997
          ],
          [
            84.5917699,
            27.8795396
          ],
          [
            84.5913175,
            27.879749200000003
          ],
          [
            84.5908382,
            27.8799236
          ],
          [
            84.5903176,
            27.880010500000004
          ],
          [
            84.5899321,
            27.8799675
          ],
          [
            84.589412,
            27.879753299999997
          ],
          [
            84.5892388,
            27.879646099999995
          ],
          [
            84.5890918,
            27.879507200000003
          ],
          [
            84.5888616,
            27.879201599999995
          ],
          [
            84.5887071,
            27.8790148
          ],
          [
            84.5885966,
            27.878944399999995
          ],
          [
            84.58842770000001,
            27.8788828
          ],
          [
            84.5881346,
            27.8787919
          ],
          [
            84.5879489,
            27.87874349999999
          ],
          [
            84.5874806,
            27.878592199999996
          ],
          [
            84.587093,
            27.8783741
          ],
          [
            84.5866612,
            27.878106200000005
          ],
          [
            84.5861797,
            27.877754099999994
          ],
          [
            84.5855279,
            27.877152999999996
          ],
          [
            84.584958,
            27.876611299999997
          ],
          [
            84.5846897,
            27.876406200000005
          ],
          [
            84.58441480000002,
            27.876243799999997
          ],
          [
            84.5837846,
            27.8759376
          ],
          [
            84.5835683,
            27.8758288
          ],
          [
            84.5816722,
            27.874910099999997
          ],
          [
            84.5809792,
            27.874555300000004
          ],
          [
            84.580818,
            27.874472699999995
          ],
          [
            84.5805323,
            27.8743126
          ],
          [
            84.5804036,
            27.874221299999995
          ],
          [
            84.5798323,
            27.873699700000003
          ],
          [
            84.5792046,
            27.873042899999994
          ],
          [
            84.5786239,
            27.872517699999996
          ],
          [
            84.5779641,
            27.8721514
          ],
          [
            84.5776141,
            27.8719285
          ],
          [
            84.5774477,
            27.871758600000003
          ],
          [
            84.5773727,
            27.871578799999998
          ],
          [
            84.5771715,
            27.8710382
          ],
          [
            84.5769717,
            27.870691999999988
          ],
          [
            84.5768604,
            27.8704751
          ],
          [
            84.5767799,
            27.870114700000002
          ],
          [
            84.5767491,
            27.869846699999997
          ],
          [
            84.576733,
            27.869651100000006
          ],
          [
            84.5766887,
            27.869210099999993
          ],
          [
            84.5766672,
            27.868882899999996
          ],
          [
            84.5766914,
            27.868714499999992
          ],
          [
            84.576741,
            27.86856509999999
          ],
          [
            84.5768175,
            27.868373099999992
          ],
          [
            84.5771916,
            27.8676131
          ],
          [
            84.5774344,
            27.866988300000003
          ],
          [
            84.5774987,
            27.866747599999997
          ],
          [
            84.5775537,
            27.866470199999995
          ],
          [
            84.5775658,
            27.866263900000007
          ],
          [
            84.5775524,
            27.8656178
          ],
          [
            84.5775256,
            27.865356900000002
          ],
          [
            84.5774665,
            27.865106800000003
          ],
          [
            84.5773237,
            27.864779
          ],
          [
            84.5771467,
            27.864464799999997
          ],
          [
            84.57691,
            27.8641826
          ],
          [
            84.5767343,
            27.864029699999996
          ],
          [
            84.5765278,
            27.8638821
          ],
          [
            84.5754254,
            27.86317069999999
          ],
          [
            84.5748326,
            27.8627107
          ],
          [
            84.5744196,
            27.862381
          ],
          [
            84.573926,
            27.8619424
          ],
          [
            84.5735452,
            27.8615274
          ],
          [
            84.5732877,
            27.861290299999997
          ],
          [
            84.5730798,
            27.8611339
          ],
          [
            84.5727756,
            27.860972899999997
          ],
          [
            84.5714227,
            27.860453399999997
          ],
          [
            84.5704713,
            27.860061899999998
          ],
          [
            84.5691839,
            27.8595568
          ],
          [
            84.5677033,
            27.859009100000005
          ],
          [
            84.566389,
            27.85860359999999
          ],
          [
            84.5655093,
            27.858430399999996
          ],
          [
            84.5645732,
            27.858304800000003
          ],
          [
            84.5638731,
            27.858262099999997
          ],
          [
            84.5630363,
            27.858255
          ],
          [
            84.561836,
            27.8583083
          ],
          [
            84.5614578,
            27.8583059
          ],
          [
            84.5610233,
            27.85827269999999
          ],
          [
            84.5606062,
            27.858200399999998
          ],
          [
            84.5599011,
            27.858042000000005
          ],
          [
            84.559447,
            27.857911200000004
          ],
          [
            84.5591951,
            27.857838599999997
          ],
          [
            84.55862130000001,
            27.8576953
          ],
          [
            84.5581225,
            27.857541200000004
          ],
          [
            84.5579132,
            27.857401299999996
          ],
          [
            84.5577764,
            27.857230500000004
          ],
          [
            84.5576155,
            27.856822699999995
          ],
          [
            84.5575404,
            27.856163399999996
          ],
          [
            84.5574734,
            27.855629799999996
          ],
          [
            84.557358,
            27.855034600000003
          ],
          [
            84.5572615,
            27.854531899999998
          ],
          [
            84.557071,
            27.853580900000004
          ],
          [
            84.5569584,
            27.853044999999998
          ],
          [
            84.5568725,
            27.852314599999996
          ],
          [
            84.5569181,
            27.851671899999996
          ],
          [
            84.5570737,
            27.8510055
          ],
          [
            84.5572749,
            27.8504458
          ],
          [
            84.5576075,
            27.849682200000004
          ],
          [
            84.55788110000002,
            27.8490608
          ],
          [
            84.5580769,
            27.848565199999992
          ],
          [
            84.5582083,
            27.848107399999993
          ],
          [
            84.55827,
            27.847652099999998
          ],
          [
            84.5583236,
            27.8470307
          ],
          [
            84.5583478,
            27.846791199999995
          ],
          [
            84.5583531,
            27.8464473
          ],
          [
            84.5582995,
            27.845806999999997
          ],
          [
            84.5581734,
            27.844910499999997
          ],
          [
            84.5579132,
            27.8439452
          ],
          [
            84.5576611,
            27.843233699999995
          ],
          [
            84.55740090000002,
            27.842239999999997
          ],
          [
            84.5571864,
            27.8415119
          ],
          [
            84.5570952,
            27.8409711
          ],
          [
            84.5569664,
            27.840065100000004
          ],
          [
            84.5568457,
            27.8392231
          ],
          [
            84.5567679,
            27.838808100000005
          ],
          [
            84.5566419,
            27.838267299999995
          ],
          [
            84.5565131,
            27.837821399999996
          ],
          [
            84.5564112,
            27.8375795
          ],
          [
            84.5561832,
            27.8371905
          ],
          [
            84.5557809,
            27.836645
          ],
          [
            84.5554402,
            27.836265499999996
          ],
          [
            84.555046,
            27.835992700000002
          ],
          [
            84.554531,
            27.835674899999994
          ],
          [
            84.55378,
            27.83528829999999
          ],
          [
            84.5526025,
            27.834569599999995
          ],
          [
            84.55162380000002,
            27.833960599999997
          ],
          [
            84.5507276,
            27.833364699999994
          ],
          [
            84.5499122,
            27.832826299999997
          ],
          [
            84.5493945,
            27.832560600000004
          ],
          [
            84.5488849,
            27.8323756
          ],
          [
            84.5483404,
            27.832183499999996
          ],
          [
            84.5477477,
            27.832010299999997
          ],
          [
            84.5469993,
            27.831896499999996
          ],
          [
            84.5462671,
            27.8318206
          ],
          [
            84.5455617,
            27.831799199999995
          ],
          [
            84.5450225,
            27.831889399999998
          ],
          [
            84.5441535,
            27.8321195
          ],
          [
            84.54321740000002,
            27.832463399999998
          ],
          [
            84.5426434,
            27.8326982
          ],
          [
            84.541879,
            27.833108499999994
          ],
          [
            84.5416081,
            27.83322
          ],
          [
            84.5410797,
            27.8333671
          ],
          [
            84.5401812,
            27.833604299999998
          ],
          [
            84.5395401,
            27.833744199999995
          ],
          [
            84.5391405,
            27.8338083
          ],
          [
            84.5389232,
            27.8337916
          ],
          [
            84.5387864,
            27.833748999999994
          ],
          [
            84.5385262,
            27.8336114
          ],
          [
            84.5381588,
            27.833461999999997
          ],
          [
            84.5379013,
            27.833376599999998
          ],
          [
            84.5377082,
            27.8333528
          ],
          [
            84.5372173,
            27.833326799999995
          ],
          [
            84.5363429,
            27.8332864
          ],
          [
            84.5347631,
            27.8332224
          ],
          [
            84.5339799,
            27.833153600000003
          ],
          [
            84.5329928,
            27.833136999999997
          ],
          [
            84.5322981,
            27.833210499999996
          ],
          [
            84.5315954,
            27.833348099999995
          ],
          [
            84.5309409,
            27.833485700000004
          ],
          [
            84.5299715,
            27.833683499999996
          ],
          [
            84.5294067,
            27.833732399999995
          ],
          [
            84.5288783,
            27.833758399999997
          ],
          [
            84.52813,
            27.8337466
          ],
          [
            84.5270947,
            27.8337252
          ],
          [
            84.5264831,
            27.833691999999996
          ],
          [
            84.52569450000001,
            27.8335473
          ],
          [
            84.5249757,
            27.833388399999993
          ],
          [
            84.5241871,
            27.833216499999995
          ],
          [
            84.5233919,
            27.833023799999996
          ],
          [
            84.5232323,
            27.8329722
          ],
          [
            84.5227186,
            27.832821499999998
          ],
          [
            84.5222571,
            27.832620599999995
          ],
          [
            84.5216927,
            27.832378
          ],
          [
            84.5212421,
            27.832102799999994
          ],
          [
            84.5209122,
            27.8317755
          ],
          [
            84.5206118,
            27.831251299999998
          ],
          [
            84.5203945,
            27.830589499999995
          ],
          [
            84.5202845,
            27.829740399999995
          ],
          [
            84.5202363,
            27.828836700000004
          ],
          [
            84.5202014,
            27.828208099999998
          ],
          [
            84.5202067,
            27.8276032
          ],
          [
            84.5202765,
            27.826996000000005
          ],
          [
            84.5203435,
            27.8263745
          ],
          [
            84.5205152,
            27.825352099999996
          ],
          [
            84.5206118,
            27.824619200000004
          ],
          [
            84.5205823,
            27.823561200000004
          ],
          [
            84.5205474,
            27.823089099999994
          ],
          [
            84.5204401,
            27.821974199999993
          ],
          [
            84.5202148,
            27.82110129999999
          ],
          [
            84.5198178,
            27.8200101
          ],
          [
            84.5194021,
            27.819070699999997
          ],
          [
            84.5190883,
            27.818404100000002
          ],
          [
            84.5188308,
            27.8179035
          ],
          [
            84.51840970000002,
            27.817272499999994
          ],
          [
            84.5180476,
            27.816826499999998
          ],
          [
            84.5175192,
            27.816494399999996
          ],
          [
            84.5169505,
            27.816269099999996
          ],
          [
            84.5161352,
            27.816065
          ],
          [
            84.5154887,
            27.8159322
          ],
          [
            84.5147645,
            27.815794599999997
          ],
          [
            84.5139357,
            27.815628499999992
          ],
          [
            84.5134154,
            27.81555739999999
          ],
          [
            84.5126778,
            27.815528899999997
          ],
          [
            84.5122567,
            27.815533699999992
          ],
          [
            84.51179,
            27.8155669
          ],
          [
            84.51128840000001,
            27.815676
          ],
          [
            84.5105669,
            27.815882400000003
          ],
          [
            84.51003580000001,
            27.8160698
          ],
          [
            84.5091292,
            27.816447000000004
          ],
          [
            84.508199,
            27.816825399999995
          ],
          [
            84.5075118,
            27.8171202
          ],
          [
            84.506948,
            27.8174114
          ],
          [
            84.5067135,
            27.81754849999999
          ],
          [
            84.5063143,
            27.8178445
          ],
          [
            84.505837,
            27.818219399999997
          ],
          [
            84.505393,
            27.818546199999997
          ],
          [
            84.5047588,
            27.818907199999995
          ],
          [
            84.5039481,
            27.819333000000004
          ],
          [
            84.5035031,
            27.8195369
          ],
          [
            84.5031292,
            27.819652499999997
          ],
          [
            84.5026107,
            27.8198062
          ],
          [
            84.5020511,
            27.819926299999995
          ],
          [
            84.5015531,
            27.8199663
          ],
          [
            84.5010593,
            27.819977199999997
          ],
          [
            84.5003639,
            27.820024499999988
          ],
          [
            84.5000388,
            27.8200464
          ],
          [
            84.4994462,
            27.820144599999992
          ],
          [
            84.4987919,
            27.8202902
          ],
          [
            84.4981088,
            27.820464900000005
          ],
          [
            84.497401,
            27.820668699999995
          ],
          [
            84.49620960000001,
            27.820984499999998
          ],
          [
            84.4960265,
            27.820978100000005
          ],
          [
            84.495829,
            27.820927099999995
          ],
          [
            84.4956562,
            27.820832499999998
          ],
          [
            84.4954669,
            27.820686900000002
          ],
          [
            84.4942221,
            27.8197191
          ],
          [
            84.4939566,
            27.8195478
          ],
          [
            84.4936363,
            27.8193909
          ],
          [
            84.4931912,
            27.8192894
          ],
          [
            84.4928891,
            27.819275
          ],
          [
            84.4926316,
            27.819274799999995
          ],
          [
            84.49236,
            27.819318499999998
          ],
          [
            84.4920143,
            27.8194131
          ],
          [
            84.491788,
            27.819511399999996
          ],
          [
            84.4913888,
            27.819722500000005
          ],
          [
            84.4910184,
            27.8199518
          ],
          [
            84.490825,
            27.820097299999993
          ],
          [
            84.4905287,
            27.82036669999999
          ],
          [
            84.4901296,
            27.820632299999993
          ],
          [
            84.4898045,
            27.8207743
          ],
          [
            84.4895082,
            27.8208944
          ],
          [
            84.4891584,
            27.821018099999993
          ],
          [
            84.4888662,
            27.8210218
          ],
          [
            84.4886852,
            27.820988999999994
          ],
          [
            84.4884753,
            27.820898000000003
          ],
          [
            84.488249,
            27.820858
          ],
          [
            84.4880396,
            27.8208515
          ],
          [
            84.48774490000001,
            27.820950999999994
          ],
          [
            84.4874758,
            27.821041799999996
          ],
          [
            84.4871091,
            27.8211127
          ],
          [
            84.4866647,
            27.8211601
          ],
          [
            84.4861955,
            27.8211892
          ],
          [
            84.48497330000001,
            27.82126559999999
          ],
          [
            84.4845125,
            27.821294699999996
          ],
          [
            84.4840351,
            27.8213093
          ],
          [
            84.4833164,
            27.8213129
          ],
          [
            84.4829281,
            27.8213311
          ],
          [
            84.4819817,
            27.8213311
          ],
          [
            84.4815825,
            27.8213821
          ],
          [
            84.4811833,
            27.8214658
          ],
          [
            84.4803315,
            27.821720499999998
          ],
          [
            84.4797312,
            27.82195179999999
          ],
          [
            84.4786589,
            27.822437599999997
          ],
          [
            84.4777843,
            27.822783199999996
          ],
          [
            84.47704350000001,
            27.8231144
          ],
          [
            84.4766649,
            27.823223599999995
          ],
          [
            84.4759366,
            27.823332799999996
          ],
          [
            84.475451,
            27.82338009999999
          ],
          [
            84.4747926,
            27.8234529
          ],
          [
            84.4741136,
            27.8235257
          ],
          [
            84.4735539,
            27.823620299999998
          ],
          [
            84.4730683,
            27.823751300000005
          ],
          [
            84.4724428,
            27.823922399999997
          ],
          [
            84.4718708,
            27.824082500000003
          ],
          [
            84.4714799,
            27.824166200000004
          ],
          [
            84.4709449,
            27.824220799999996
          ],
          [
            84.4705854,
            27.824234199999996
          ],
          [
            84.4702289,
            27.8242099
          ],
          [
            84.4699203,
            27.824169799999996
          ],
          [
            84.469587,
            27.824144400000005
          ],
          [
            84.4692166,
            27.8241626
          ],
          [
            84.4687187,
            27.824228099999996
          ],
          [
            84.4681343,
            27.82432999999999
          ],
          [
            84.4674636,
            27.824410000000004
          ],
          [
            84.46681790000001,
            27.824454099999997
          ],
          [
            84.4662215,
            27.8244966
          ],
          [
            84.4660455,
            27.824493099999998
          ],
          [
            84.4658429,
            27.824455900000004
          ],
          [
            84.4657366,
            27.824383099999995
          ],
          [
            84.4656684,
            27.824289099999998
          ],
          [
            84.4656201,
            27.824143600000003
          ],
          [
            84.4655761,
            27.8239715
          ],
          [
            84.465558,
            27.8237551
          ],
          [
            84.4655761,
            27.823519099999995
          ],
          [
            84.4656423,
            27.8233008
          ],
          [
            84.4657145,
            27.823137599999995
          ],
          [
            84.4659125,
            27.822708000000002
          ],
          [
            84.4662001,
            27.822108200000002
          ],
          [
            84.4663577,
            27.821704600000004
          ],
          [
            84.4664167,
            27.821496399999997
          ],
          [
            84.4664694,
            27.821188699999997
          ],
          [
            84.4664488,
            27.8208931
          ],
          [
            84.466391,
            27.820520399999992
          ],
          [
            84.4663284,
            27.8203431
          ],
          [
            84.4662237,
            27.820046399999995
          ],
          [
            84.4660235,
            27.819658200000003
          ],
          [
            84.4657757,
            27.8193561
          ],
          [
            84.4655259,
            27.819125899999996
          ],
          [
            84.465229,
            27.818916600000005
          ],
          [
            84.4650163,
            27.818831399999993
          ],
          [
            84.4647716,
            27.818803
          ],
          [
            84.4644386,
            27.8188491
          ],
          [
            84.464257,
            27.818905400000002
          ],
          [
            84.4638134,
            27.8192233
          ],
          [
            84.463612,
            27.819342399999993
          ],
          [
            84.4633432,
            27.819413399999995
          ],
          [
            84.4625768,
            27.819491399999997
          ],
          [
            84.45955560000002,
            27.819547299999993
          ],
          [
            84.4578743,
            27.819640499999995
          ],
          [
            84.4572146,
            27.819736099999997
          ],
          [
            84.4569033,
            27.819789500000002
          ],
          [
            84.4563857,
            27.819913699999997
          ],
          [
            84.4550014,
            27.8202757
          ],
          [
            84.4534888,
            27.820694400000004
          ],
          [
            84.452378,
            27.821065999999988
          ],
          [
            84.44887830000002,
            27.822709899999992
          ],
          [
            84.4483609,
            27.822922899999995
          ],
          [
            84.447719,
            27.823146500000004
          ],
          [
            84.4471398,
            27.823296399999997
          ],
          [
            84.4466557,
            27.823380699999998
          ],
          [
            84.4462744,
            27.823402099999996
          ],
          [
            84.4459455,
            27.823377099999995
          ],
          [
            84.4456686,
            27.823309699999996
          ],
          [
            84.4453827,
            27.823193
          ],
          [
            84.4446455,
            27.822621300000005
          ],
          [
            84.4437226,
            27.821833499999997
          ],
          [
            84.4433155,
            27.8214876
          ],
          [
            84.4430365,
            27.821216100000004
          ],
          [
            84.4427837,
            27.8208896
          ],
          [
            84.44224610000002,
            27.820123099999996
          ],
          [
            84.4419652,
            27.819693700000006
          ],
          [
            84.4418007,
            27.81938849999999
          ],
          [
            84.4416964,
            27.819058499999997
          ],
          [
            84.4415158,
            27.8179868
          ],
          [
            84.44145160000001,
            27.817745500000004
          ],
          [
            84.4413352,
            27.817489999999996
          ],
          [
            84.44116910000001,
            27.817244400000003
          ],
          [
            84.4408979,
            27.8169612
          ],
          [
            84.4405889,
            27.8167164
          ],
          [
            84.4400855,
            27.816371299999997
          ],
          [
            84.43932100000002,
            27.815974699999998
          ],
          [
            84.4388155,
            27.815733399999992
          ],
          [
            84.4385057,
            27.815616999999992
          ],
          [
            84.4381895,
            27.8155879
          ],
          [
            84.4378525,
            27.8156056
          ],
          [
            84.4374513,
            27.815626899999998
          ],
          [
            84.4370661,
            27.815665899999996
          ],
          [
            84.4365235,
            27.8156687
          ],
          [
            84.4361753,
            27.815634
          ],
          [
            84.43575,
            27.8155453
          ],
          [
            84.4353401,
            27.815387799999993
          ],
          [
            84.4350639,
            27.815240099999997
          ],
          [
            84.4347589,
            27.815059099999992
          ],
          [
            84.4337599,
            27.8143884
          ],
          [
            84.4332623,
            27.814029899999998
          ],
          [
            84.4329373,
            27.813749600000005
          ],
          [
            84.4327487,
            27.8134941
          ],
          [
            84.4326163,
            27.813263399999997
          ],
          [
            84.4325238,
            27.812990799999998
          ],
          [
            84.4322304,
            27.81165229999999
          ],
          [
            84.431858,
            27.809185700000004
          ],
          [
            84.4316814,
            27.808326799999996
          ],
          [
            84.4314688,
            27.8074644
          ],
          [
            84.4313524,
            27.8068788
          ],
          [
            84.4313003,
            27.806442299999993
          ],
          [
            84.4312642,
            27.8056757
          ],
          [
            84.4312662,
            27.8054767
          ],
          [
            84.43088200000001,
            27.801603899999996
          ],
          [
            84.43090090000001,
            27.8010205
          ],
          [
            84.430931,
            27.800723799999993
          ],
          [
            84.4309838,
            27.800287200000007
          ],
          [
            84.4311157,
            27.7997271
          ],
          [
            84.4311722,
            27.799520499999996
          ],
          [
            84.431191,
            27.7992604
          ],
          [
            84.4311609,
            27.798947099999992
          ],
          [
            84.4310365,
            27.7983437
          ],
          [
            84.4309235,
            27.797880400000004
          ],
          [
            84.4308029,
            27.797427
          ],
          [
            84.4307313,
            27.7969736
          ],
          [
            84.4306748,
            27.7960669
          ],
          [
            84.4306069,
            27.795676899999997
          ],
          [
            84.4305247,
            27.795285899999996
          ],
          [
            84.4303808,
            27.79483009999999
          ],
          [
            84.4301962,
            27.794353400000002
          ],
          [
            84.429955,
            27.793913399999997
          ],
          [
            84.4298787,
            27.793632099999996
          ],
          [
            84.4298646,
            27.7932767
          ],
          [
            84.4299022,
            27.792826599999994
          ],
          [
            84.4301277,
            27.790926299999995
          ],
          [
            84.43020370000002,
            27.789929600000004
          ],
          [
            84.4302663,
            27.7894202
          ],
          [
            84.4303846,
            27.7890061
          ],
          [
            84.4305956,
            27.7886161
          ],
          [
            84.4310102,
            27.787949299999998
          ],
          [
            84.4318882,
            27.786522399999992
          ],
          [
            84.4326268,
            27.785252199999995
          ],
          [
            84.43297730000002,
            27.784705399999996
          ],
          [
            84.4334672,
            27.784055299999995
          ],
          [
            84.4338139,
            27.783655199999995
          ],
          [
            84.4342171,
            27.7832385
          ],
          [
            84.4382606,
            27.7789842
          ],
          [
            84.4385508,
            27.778734199999995
          ],
          [
            84.4389125,
            27.7784141
          ],
          [
            84.4392069,
            27.778283200000004
          ],
          [
            84.4395909,
            27.778237399999988
          ],
          [
            84.4400694,
            27.778257399999998
          ],
          [
            84.4409136,
            27.7783274
          ],
          [
            84.4413712,
            27.778352000000005
          ],
          [
            84.4428995,
            27.77851409999999
          ],
          [
            84.443755,
            27.778577499999997
          ],
          [
            84.4446632,
            27.778604099999992
          ],
          [
            84.4455337,
            27.778607499999996
          ],
          [
            84.4476359,
            27.778501100000003
          ],
          [
            84.4488009,
            27.778454100000005
          ],
          [
            84.44939630000002,
            27.778380799999997
          ],
          [
            84.4499616,
            27.778260699999997
          ],
          [
            84.4508245,
            27.7780773
          ],
          [
            84.452396,
            27.777683899999992
          ],
          [
            84.4527264,
            27.777569599999996
          ],
          [
            84.45703,
            27.7758542
          ],
          [
            84.4577132,
            27.7755467
          ],
          [
            84.4584254,
            27.7751833
          ],
          [
            84.4599308,
            27.774367399999992
          ],
          [
            84.4603398,
            27.774146299999998
          ],
          [
            84.4606965,
            27.773928299999998
          ],
          [
            84.460988,
            27.77372619999999
          ],
          [
            84.46127070000001,
            27.773482899999998
          ],
          [
            84.4616039,
            27.773156799999995
          ],
          [
            84.4618434,
            27.7728359
          ],
          [
            84.4619602,
            27.772595899999995
          ],
          [
            84.4621334,
            27.7722366
          ],
          [
            84.4624334,
            27.77173279999999
          ],
          [
            84.4626046,
            27.7714389
          ],
          [
            84.4628729,
            27.771093
          ],
          [
            84.4634577,
            27.770556999999993
          ],
          [
            84.4640285,
            27.770189699999992
          ],
          [
            84.46469490000001,
            27.769832199999996
          ],
          [
            84.4652142,
            27.769471599999996
          ],
          [
            84.465527,
            27.769241499999993
          ],
          [
            84.4657158,
            27.769085699999998
          ],
          [
            84.4659284,
            27.768884699999997
          ],
          [
            84.4662263,
            27.768527399999996
          ],
          [
            84.466524,
            27.768163599999998
          ],
          [
            84.4668714,
            27.7676429
          ],
          [
            84.4672046,
            27.7670469
          ],
          [
            84.4676512,
            27.7660872
          ],
          [
            84.4680482,
            27.765328100000005
          ],
          [
            84.4685123,
            27.764527699999995
          ],
          [
            84.46904780000001,
            27.7638351
          ],
          [
            84.4697001,
            27.7630133
          ],
          [
            84.4701115,
            27.762352799999995
          ],
          [
            84.4704019,
            27.761815099999993
          ],
          [
            84.4707493,
            27.760830099999996
          ],
          [
            84.47114630000002,
            27.759324499999998
          ],
          [
            84.4714086,
            27.7584086
          ],
          [
            84.4716451,
            27.757378800000005
          ],
          [
            84.4721105,
            27.754939199999995
          ],
          [
            84.4723373,
            27.7537472
          ],
          [
            84.4724012,
            27.7530947
          ],
          [
            84.4723079,
            27.7527275
          ],
          [
            84.4720467,
            27.7522477
          ],
          [
            84.471834,
            27.751965400000003
          ],
          [
            84.4716071,
            27.751726999999995
          ],
          [
            84.4713712,
            27.751629300000005
          ],
          [
            84.4710896,
            27.751589000000003
          ],
          [
            84.470544,
            27.751625699999998
          ],
          [
            84.4701609,
            27.751676799999995
          ],
          [
            84.4695432,
            27.751792400000003
          ],
          [
            84.4681023,
            27.7520735
          ],
          [
            84.4669139,
            27.752260299999993
          ],
          [
            84.4660703,
            27.752473599999995
          ],
          [
            84.4643984,
            27.753087199999996
          ],
          [
            84.4638796,
            27.753308000000008
          ],
          [
            84.4634117,
            27.753640499999992
          ],
          [
            84.4622065,
            27.754650599999998
          ],
          [
            84.4603775,
            27.756350799999996
          ],
          [
            84.4596047,
            27.757066
          ],
          [
            84.4593708,
            27.75741109999999
          ],
          [
            84.4592219,
            27.7577875
          ],
          [
            84.4590588,
            27.75823919999999
          ],
          [
            84.4587894,
            27.758653199999998
          ],
          [
            84.4585342,
            27.758922999999996
          ],
          [
            84.4582932,
            27.759086099999998
          ],
          [
            84.4577402,
            27.759355900000003
          ],
          [
            84.4572794,
            27.75951269999999
          ],
          [
            84.4566101,
            27.759639599999993
          ],
          [
            84.4559537,
            27.759694599999996
          ],
          [
            84.4553085,
            27.759732299999992
          ],
          [
            84.4543018,
            27.7597511
          ],
          [
            84.4528956,
            27.759671899999994
          ],
          [
            84.4524107,
            27.759653799999995
          ],
          [
            84.4517642,
            27.759538299999996
          ],
          [
            84.4511113,
            27.759387999999994
          ],
          [
            84.4503277,
            27.759122199999997
          ],
          [
            84.4496421,
            27.758862199999996
          ],
          [
            84.4490283,
            27.758561699999994
          ],
          [
            84.4484929,
            27.7581746
          ],
          [
            84.4480423,
            27.7577643
          ],
          [
            84.447742,
            27.757394499999993
          ],
          [
            84.4474742,
            27.7569958
          ],
          [
            84.4472718,
            27.756620199999997
          ],
          [
            84.4471151,
            27.7561811
          ],
          [
            84.4467625,
            27.755504999999996
          ],
          [
            84.4460312,
            27.7542626
          ],
          [
            84.44558710000001,
            27.7535692
          ],
          [
            84.4451954,
            27.7531185
          ],
          [
            84.4447056,
            27.7525753
          ],
          [
            84.4436021,
            27.751540899999995
          ],
          [
            84.4431516,
            27.751020899999997
          ],
          [
            84.4427483,
            27.7505394
          ],
          [
            84.4424072,
            27.750049999999998
          ],
          [
            84.4420023,
            27.749408600000002
          ],
          [
            84.4414016,
            27.748403099999997
          ],
          [
            84.4406703,
            27.747050799999997
          ],
          [
            84.4399781,
            27.745756399999998
          ],
          [
            84.4394362,
            27.7448317
          ],
          [
            84.438966,
            27.744144000000002
          ],
          [
            84.4386657,
            27.743762599999993
          ],
          [
            84.4382564,
            27.743382499999996
          ],
          [
            84.4376144,
            27.742970899999996
          ],
          [
            84.4369222,
            27.7426184
          ],
          [
            84.4360015,
            27.742173400000002
          ],
          [
            84.4352637,
            27.7418729
          ],
          [
            84.4347283,
            27.74167059999999
          ],
          [
            84.4341732,
            27.741503
          ],
          [
            84.433677,
            27.741410500000004
          ],
          [
            84.433024,
            27.7413585
          ],
          [
            84.4323841,
            27.741370100000005
          ],
          [
            84.4318225,
            27.741416299999994
          ],
          [
            84.43115,
            27.741479899999998
          ],
          [
            84.4305558,
            27.741583899999995
          ],
          [
            84.4298767,
            27.741803499999996
          ],
          [
            84.4292433,
            27.7420751
          ],
          [
            84.4284075,
            27.742468100000004
          ],
          [
            84.4279112,
            27.74265879999999
          ],
          [
            84.4272191,
            27.74283219999999
          ],
          [
            84.4265792,
            27.742970899999996
          ],
          [
            84.4261114,
            27.743010299999998
          ],
          [
            84.4255344,
            27.742942
          ],
          [
            84.4250251,
            27.7427686
          ],
          [
            84.4244701,
            27.742577900000004
          ],
          [
            84.4238432,
            27.7423294
          ],
          [
            84.423249,
            27.742000000000004
          ],
          [
            84.422916,
            27.741768799999992
          ],
          [
            84.4225112,
            27.7414771
          ],
          [
            84.4219815,
            27.7412651
          ],
          [
            84.4219547,
            27.740320299999997
          ],
          [
            84.4220835,
            27.739370699999995
          ],
          [
            84.4224375,
            27.738288199999996
          ],
          [
            84.4230549,
            27.737123299999997
          ],
          [
            84.4236132,
            27.7361796
          ],
          [
            84.4253343,
            27.7332362
          ],
          [
            84.4257527,
            27.732201099999994
          ],
          [
            84.42599950000002,
            27.7313084
          ],
          [
            84.4263547,
            27.728300599999997
          ],
          [
            84.4264715,
            27.727110899999996
          ],
          [
            84.4267028,
            27.725927399999996
          ],
          [
            84.4296977,
            27.716673200000002
          ],
          [
            84.4304734,
            27.7138999
          ],
          [
            84.4309347,
            27.7117154
          ],
          [
            84.4314601,
            27.70863529999999
          ]
        ]
      },
      "properties": {
        "status": "connected_mapped_candidate_not_hydraulically_validated",
        "provisional": true
      }
    }
  ]
}
