{
"type": "FeatureCollection",
"name": "observed_corridor_centerline.tmp",
"crs": { "type": "name", "properties": { "name": "urn:ogc:def:crs:EPSG::32645" } },
"features": [
{ "type": "Feature", "properties": { "source": "UNOSAT_20260826_skeleton" }, "geometry": { "type": "LineString", "coordinates": [ [ 354343.658812206937, 3130141.934008973650634 ], [ 354313.658812206937, 3130141.934008973650634 ], [ 354283.658812206937, 3130141.934008973650634 ], [ 354253.658812206937, 3130141.934008973650634 ], [ 354223.658812206937, 3130141.934008973650634 ], [ 354193.658812206937, 3130141.934008973650634 ], [ 354163.658812206937, 3130141.934008973650634 ], [ 354133.658812206937, 3130171.934008973650634 ], [ 354103.658812206937, 3130171.934008973650634 ], [ 354073.658812206937, 3130201.934008973650634 ], [ 354043.658812206937, 3130231.934008973650634 ], [ 354013.658812206937, 3130231.934008973650634 ], [ 353983.658812206937, 3130261.934008973650634 ], [ 353983.658812206937, 3130291.934008973650634 ], [ 353953.658812206937, 3130321.934008973650634 ], [ 353923.658812206937, 3130351.934008973650634 ], [ 353893.658812206937, 3130351.934008973650634 ], [ 353863.658812206937, 3130381.934008973650634 ], [ 353833.658812206937, 3130411.934008973650634 ], [ 353833.658812206937, 3130441.934008973650634 ], [ 353803.658812206937, 3130471.934008973650634 ], [ 353803.658812206937, 3130501.934008973650634 ], [ 353773.658812206937, 3130531.934008973650634 ], [ 353773.658812206937, 3130561.934008973650634 ], [ 353743.658812206937, 3130591.934008973650634 ], [ 353743.658812206937, 3130621.934008973650634 ], [ 353743.658812206937, 3130651.934008973650634 ], [ 353743.658812206937, 3130681.934008973650634 ], [ 353713.658812206937, 3130711.934008973650634 ], [ 353683.658812206937, 3130741.934008973650634 ], [ 353683.658812206937, 3130771.934008973650634 ], [ 353683.658812206937, 3130801.934008973650634 ], [ 353683.658812206937, 3130831.934008973650634 ], [ 353653.658812206937, 3130861.934008973650634 ], [ 353623.658812206937, 3130891.934008973650634 ], [ 353623.658812206937, 3130921.934008973650634 ], [ 353593.658812206937, 3130951.934008973650634 ], [ 353593.658812206937, 3130981.934008973650634 ], [ 353563.658812206937, 3131011.934008973650634 ], [ 353533.658812206937, 3131041.934008973650634 ], [ 353503.658812206937, 3131071.934008973650634 ], [ 353473.658812206937, 3131101.934008973650634 ], [ 353443.658812206937, 3131131.934008973650634 ], [ 353443.658812206937, 3131161.934008973650634 ], [ 353413.658812206937, 3131191.934008973650634 ], [ 353383.658812206937, 3131221.934008973650634 ], [ 353353.658812206937, 3131251.934008973650634 ], [ 353323.658812206937, 3131281.934008973650634 ], [ 353323.658812206937, 3131311.934008973650634 ], [ 353293.658812206937, 3131341.934008973650634 ], [ 353293.658812206937, 3131371.934008973650634 ], [ 353293.658812206937, 3131401.934008973650634 ], [ 353293.658812206937, 3131431.934008973650634 ], [ 353293.658812206937, 3131461.934008973650634 ], [ 353263.658812206937, 3131491.934008973650634 ], [ 353263.658812206937, 3131521.934008973650634 ], [ 353263.658812206937, 3131551.934008973650634 ], [ 353263.658812206937, 3131581.934008973650634 ], [ 353233.658812206937, 3131611.934008973650634 ], [ 353233.658812206937, 3131641.934008973650634 ], [ 353233.658812206937, 3131671.934008973650634 ], [ 353233.658812206937, 3131701.934008973650634 ], [ 353233.658812206937, 3131731.934008973650634 ], [ 353233.658812206937, 3131761.934008973650634 ], [ 353233.658812206937, 3131791.934008973650634 ], [ 353203.658812206937, 3131821.934008973650634 ], [ 353203.658812206937, 3131851.934008973650634 ], [ 353203.658812206937, 3131881.934008973650634 ], [ 353203.658812206937, 3131911.934008973650634 ], [ 353173.658812206937, 3131941.934008973650634 ], [ 353143.658812206937, 3131971.934008973650634 ], [ 353143.658812206937, 3132001.934008973650634 ], [ 353113.658812206937, 3132031.934008973650634 ], [ 353083.658812206937, 3132061.934008973650634 ], [ 353053.658812206937, 3132091.934008973650634 ], [ 353023.658812206937, 3132121.934008973650634 ], [ 353023.658812206937, 3132151.934008973650634 ], [ 352993.658812206937, 3132181.934008973650634 ], [ 352993.658812206937, 3132211.934008973650634 ], [ 352963.658812206937, 3132241.934008973650634 ], [ 352963.658812206937, 3132271.934008973650634 ], [ 352933.658812206937, 3132301.934008973650634 ], [ 352933.658812206937, 3132331.934008973650634 ], [ 352903.658812206937, 3132361.934008973650634 ], [ 352903.658812206937, 3132391.934008973650634 ], [ 352903.658812206937, 3132421.934008973650634 ], [ 352873.658812206937, 3132451.934008973650634 ], [ 352843.658812206937, 3132481.934008973650634 ], [ 352813.658812206937, 3132511.934008973650634 ], [ 352783.658812206937, 3132541.934008973650634 ], [ 352753.658812206937, 3132571.934008973650634 ], [ 352723.658812206937, 3132601.934008973650634 ], [ 352723.658812206937, 3132631.934008973650634 ], [ 352693.658812206937, 3132661.934008973650634 ], [ 352663.658812206937, 3132691.934008973650634 ], [ 352663.658812206937, 3132721.934008973650634 ], [ 352633.658812206937, 3132751.934008973650634 ], [ 352633.658812206937, 3132781.934008973650634 ], [ 352603.658812206937, 3132811.934008973650634 ], [ 352603.658812206937, 3132841.934008973650634 ], [ 352573.658812206937, 3132871.934008973650634 ], [ 352573.658812206937, 3132901.934008973650634 ], [ 352543.658812206937, 3132931.934008973650634 ], [ 352513.658812206937, 3132961.934008973650634 ], [ 352513.658812206937, 3132991.934008973650634 ], [ 352483.658812206937, 3133021.934008973650634 ], [ 352453.658812206937, 3133051.934008973650634 ], [ 352423.658812206937, 3133081.934008973650634 ], [ 352393.658812206937, 3133111.934008973650634 ], [ 352363.658812206937, 3133141.934008973650634 ], [ 352333.658812206937, 3133171.934008973650634 ], [ 352303.658812206937, 3133201.934008973650634 ], [ 352273.658812206937, 3133231.934008973650634 ], [ 352273.658812206937, 3133261.934008973650634 ], [ 352243.658812206937, 3133291.934008973650634 ], [ 352213.658812206937, 3133321.934008973650634 ], [ 352183.658812206937, 3133321.934008973650634 ], [ 352153.658812206937, 3133351.934008973650634 ], [ 352123.658812206937, 3133381.934008973650634 ], [ 352093.658812206937, 3133411.934008973650634 ], [ 352063.658812206937, 3133411.934008973650634 ], [ 352033.658812206937, 3133441.934008973650634 ], [ 352003.658812206937, 3133471.934008973650634 ], [ 351973.658812206937, 3133501.934008973650634 ], [ 351943.658812206937, 3133531.934008973650634 ], [ 351913.658812206937, 3133561.934008973650634 ], [ 351883.658812206937, 3133591.934008973650634 ], [ 351883.658812206937, 3133621.934008973650634 ], [ 351883.658812206937, 3133651.934008973650634 ], [ 351853.658812206937, 3133681.934008973650634 ], [ 351853.658812206937, 3133711.934008973650634 ], [ 351823.658812206937, 3133741.934008973650634 ], [ 351793.658812206937, 3133771.934008973650634 ], [ 351763.658812206937, 3133801.934008973650634 ], [ 351763.658812206937, 3133831.934008973650634 ], [ 351733.658812206937, 3133861.934008973650634 ], [ 351703.658812206937, 3133891.934008973650634 ], [ 351703.658812206937, 3133921.934008973650634 ], [ 351673.658812206937, 3133951.934008973650634 ], [ 351673.658812206937, 3133981.934008973650634 ], [ 351673.658812206937, 3134011.934008973650634 ], [ 351673.658812206937, 3134041.934008973650634 ], [ 351673.658812206937, 3134071.934008973650634 ], [ 351643.658812206937, 3134101.934008973650634 ], [ 351643.658812206937, 3134131.934008973650634 ], [ 351643.658812206937, 3134161.934008973650634 ], [ 351643.658812206937, 3134191.934008973650634 ], [ 351643.658812206937, 3134221.934008973650634 ], [ 351643.658812206937, 3134251.934008973650634 ], [ 351643.658812206937, 3134281.934008973650634 ], [ 351643.658812206937, 3134311.934008973650634 ], [ 351643.658812206937, 3134341.934008973650634 ], [ 351643.658812206937, 3134371.934008973650634 ], [ 351643.658812206937, 3134401.934008973650634 ], [ 351643.658812206937, 3134431.934008973650634 ], [ 351643.658812206937, 3134461.934008973650634 ], [ 351643.658812206937, 3134491.934008973650634 ], [ 351643.658812206937, 3134521.934008973650634 ], [ 351643.658812206937, 3134551.934008973650634 ], [ 351643.658812206937, 3134581.934008973650634 ], [ 351643.658812206937, 3134611.934008973650634 ], [ 351643.658812206937, 3134641.934008973650634 ], [ 351643.658812206937, 3134671.934008973650634 ], [ 351643.658812206937, 3134701.934008973650634 ], [ 351643.658812206937, 3134731.934008973650634 ], [ 351643.658812206937, 3134761.934008973650634 ], [ 351613.658812206937, 3134791.934008973650634 ], [ 351613.658812206937, 3134821.934008973650634 ], [ 351583.658812206937, 3134851.934008973650634 ], [ 351583.658812206937, 3134881.934008973650634 ], [ 351553.658812206937, 3134911.934008973650634 ], [ 351553.658812206937, 3134941.934008973650634 ], [ 351523.658812206937, 3134971.934008973650634 ], [ 351523.658812206937, 3135001.934008973650634 ], [ 351493.658812206937, 3135031.934008973650634 ], [ 351463.658812206937, 3135061.934008973650634 ], [ 351433.658812206937, 3135091.934008973650634 ], [ 351403.658812206937, 3135091.934008973650634 ], [ 351373.658812206937, 3135121.934008973650634 ], [ 351343.658812206937, 3135121.934008973650634 ], [ 351313.658812206937, 3135091.934008973650634 ], [ 351283.658812206937, 3135091.934008973650634 ], [ 351253.658812206937, 3135091.934008973650634 ], [ 351223.658812206937, 3135091.934008973650634 ], [ 351193.658812206937, 3135091.934008973650634 ], [ 351163.658812206937, 3135091.934008973650634 ], [ 351133.658812206937, 3135121.934008973650634 ], [ 351103.658812206937, 3135121.934008973650634 ], [ 351073.658812206937, 3135121.934008973650634 ], [ 351043.658812206937, 3135121.934008973650634 ], [ 351013.658812206937, 3135121.934008973650634 ], [ 350983.658812206937, 3135091.934008973650634 ], [ 350953.658812206937, 3135091.934008973650634 ], [ 350923.658812206937, 3135091.934008973650634 ], [ 350893.658812206937, 3135091.934008973650634 ], [ 350863.658812206937, 3135091.934008973650634 ], [ 350833.658812206937, 3135091.934008973650634 ], [ 350803.658812206937, 3135091.934008973650634 ], [ 350773.658812206937, 3135091.934008973650634 ], [ 350743.658812206937, 3135091.934008973650634 ], [ 350713.658812206937, 3135091.934008973650634 ], [ 350683.658812206937, 3135091.934008973650634 ], [ 350653.658812206937, 3135091.934008973650634 ], [ 350623.658812206937, 3135091.934008973650634 ], [ 350593.658812206937, 3135091.934008973650634 ], [ 350563.658812206937, 3135091.934008973650634 ], [ 350533.658812206937, 3135091.934008973650634 ], [ 350503.658812206937, 3135091.934008973650634 ], [ 350473.658812206937, 3135091.934008973650634 ], [ 350443.658812206937, 3135121.934008973650634 ], [ 350413.658812206937, 3135121.934008973650634 ], [ 350383.658812206937, 3135121.934008973650634 ], [ 350353.658812206937, 3135121.934008973650634 ], [ 350323.658812206937, 3135121.934008973650634 ], [ 350293.658812206937, 3135121.934008973650634 ], [ 350263.658812206937, 3135121.934008973650634 ], [ 350233.658812206937, 3135151.934008973650634 ], [ 350203.658812206937, 3135181.934008973650634 ], [ 350173.658812206937, 3135181.934008973650634 ], [ 350143.658812206937, 3135211.934008973650634 ], [ 350113.658812206937, 3135211.934008973650634 ], [ 350083.658812206937, 3135241.934008973650634 ], [ 350053.658812206937, 3135241.934008973650634 ], [ 350023.658812206937, 3135241.934008973650634 ], [ 349993.658812206937, 3135241.934008973650634 ], [ 349963.658812206937, 3135241.934008973650634 ], [ 349933.658812206937, 3135271.934008973650634 ], [ 349903.658812206937, 3135271.934008973650634 ], [ 349873.658812206937, 3135271.934008973650634 ], [ 349843.658812206937, 3135271.934008973650634 ], [ 349813.658812206937, 3135271.934008973650634 ], [ 349783.658812206937, 3135271.934008973650634 ], [ 349753.658812206937, 3135301.934008973650634 ], [ 349723.658812206937, 3135301.934008973650634 ], [ 349693.658812206937, 3135331.934008973650634 ], [ 349663.658812206937, 3135331.934008973650634 ], [ 349633.658812206937, 3135361.934008973650634 ], [ 349603.658812206937, 3135361.934008973650634 ], [ 349573.658812206937, 3135361.934008973650634 ], [ 349543.658812206937, 3135361.934008973650634 ], [ 349513.658812206937, 3135361.934008973650634 ], [ 349483.658812206937, 3135391.934008973650634 ], [ 349453.658812206937, 3135391.934008973650634 ], [ 349423.658812206937, 3135391.934008973650634 ], [ 349393.658812206937, 3135391.934008973650634 ], [ 349363.658812206937, 3135391.934008973650634 ], [ 349333.658812206937, 3135421.934008973650634 ], [ 349303.658812206937, 3135421.934008973650634 ], [ 349273.658812206937, 3135421.934008973650634 ], [ 349243.658812206937, 3135421.934008973650634 ], [ 349213.658812206937, 3135421.934008973650634 ], [ 349183.658812206937, 3135421.934008973650634 ], [ 349153.658812206937, 3135451.934008973650634 ], [ 349123.658812206937, 3135451.934008973650634 ], [ 349093.658812206937, 3135451.934008973650634 ], [ 349063.658812206937, 3135481.934008973650634 ], [ 349033.658812206937, 3135481.934008973650634 ], [ 349003.658812206937, 3135481.934008973650634 ], [ 348973.658812206937, 3135481.934008973650634 ], [ 348943.658812206937, 3135481.934008973650634 ], [ 348913.658812206937, 3135481.934008973650634 ], [ 348883.658812206937, 3135481.934008973650634 ], [ 348853.658812206937, 3135481.934008973650634 ], [ 348823.658812206937, 3135481.934008973650634 ], [ 348793.658812206937, 3135511.934008973650634 ], [ 348763.658812206937, 3135511.934008973650634 ], [ 348733.658812206937, 3135511.934008973650634 ], [ 348703.658812206937, 3135511.934008973650634 ], [ 348673.658812206937, 3135481.934008973650634 ], [ 348643.658812206937, 3135481.934008973650634 ], [ 348613.658812206937, 3135481.934008973650634 ], [ 348583.658812206937, 3135481.934008973650634 ], [ 348553.658812206937, 3135481.934008973650634 ], [ 348523.658812206937, 3135481.934008973650634 ], [ 348493.658812206937, 3135451.934008973650634 ], [ 348463.658812206937, 3135451.934008973650634 ], [ 348433.658812206937, 3135451.934008973650634 ], [ 348403.658812206937, 3135451.934008973650634 ], [ 348373.658812206937, 3135451.934008973650634 ], [ 348343.658812206937, 3135421.934008973650634 ], [ 348313.658812206937, 3135421.934008973650634 ], [ 348283.658812206937, 3135421.934008973650634 ], [ 348253.658812206937, 3135391.934008973650634 ], [ 348223.658812206937, 3135391.934008973650634 ], [ 348193.658812206937, 3135391.934008973650634 ], [ 348163.658812206937, 3135361.934008973650634 ], [ 348133.658812206937, 3135361.934008973650634 ], [ 348103.658812206937, 3135331.934008973650634 ], [ 348073.658812206937, 3135331.934008973650634 ], [ 348043.658812206937, 3135331.934008973650634 ], [ 348013.658812206937, 3135331.934008973650634 ], [ 347983.658812206937, 3135331.934008973650634 ], [ 347953.658812206937, 3135331.934008973650634 ], [ 347923.658812206937, 3135301.934008973650634 ], [ 347893.658812206937, 3135301.934008973650634 ], [ 347863.658812206937, 3135331.934008973650634 ], [ 347833.658812206937, 3135331.934008973650634 ], [ 347803.658812206937, 3135331.934008973650634 ], [ 347773.658812206937, 3135361.934008973650634 ], [ 347743.658812206937, 3135361.934008973650634 ], [ 347713.658812206937, 3135361.934008973650634 ], [ 347683.658812206937, 3135391.934008973650634 ], [ 347653.658812206937, 3135391.934008973650634 ], [ 347623.658812206937, 3135421.934008973650634 ], [ 347593.658812206937, 3135451.934008973650634 ], [ 347563.658812206937, 3135451.934008973650634 ], [ 347533.658812206937, 3135481.934008973650634 ], [ 347503.658812206937, 3135481.934008973650634 ], [ 347473.658812206937, 3135481.934008973650634 ], [ 347443.658812206937, 3135481.934008973650634 ], [ 347413.658812206937, 3135481.934008973650634 ], [ 347383.658812206937, 3135451.934008973650634 ], [ 347353.658812206937, 3135451.934008973650634 ], [ 347323.658812206937, 3135451.934008973650634 ], [ 347293.658812206937, 3135421.934008973650634 ], [ 347263.658812206937, 3135421.934008973650634 ], [ 347233.658812206937, 3135421.934008973650634 ], [ 347203.658812206937, 3135421.934008973650634 ], [ 347173.658812206937, 3135421.934008973650634 ], [ 347143.658812206937, 3135421.934008973650634 ], [ 347113.658812206937, 3135421.934008973650634 ], [ 347083.658812206937, 3135391.934008973650634 ], [ 347053.658812206937, 3135391.934008973650634 ], [ 347023.658812206937, 3135361.934008973650634 ], [ 346993.658812206937, 3135331.934008973650634 ], [ 346963.658812206937, 3135331.934008973650634 ], [ 346933.658812206937, 3135301.934008973650634 ], [ 346903.658812206937, 3135301.934008973650634 ], [ 346873.658812206937, 3135301.934008973650634 ], [ 346843.658812206937, 3135301.934008973650634 ], [ 346813.658812206937, 3135301.934008973650634 ], [ 346783.658812206937, 3135301.934008973650634 ], [ 346753.658812206937, 3135301.934008973650634 ], [ 346723.658812206937, 3135271.934008973650634 ], [ 346693.658812206937, 3135271.934008973650634 ], [ 346663.658812206937, 3135271.934008973650634 ], [ 346633.658812206937, 3135271.934008973650634 ], [ 346603.658812206937, 3135271.934008973650634 ], [ 346573.658812206937, 3135241.934008973650634 ], [ 346543.658812206937, 3135241.934008973650634 ], [ 346513.658812206937, 3135211.934008973650634 ], [ 346483.658812206937, 3135181.934008973650634 ], [ 346453.658812206937, 3135151.934008973650634 ], [ 346423.658812206937, 3135121.934008973650634 ], [ 346393.658812206937, 3135121.934008973650634 ], [ 346363.658812206937, 3135091.934008973650634 ], [ 346363.658812206937, 3135061.934008973650634 ], [ 346363.658812206937, 3135031.934008973650634 ], [ 346333.658812206937, 3135001.934008973650634 ], [ 346333.658812206937, 3134971.934008973650634 ], [ 346303.658812206937, 3134941.934008973650634 ], [ 346303.658812206937, 3134911.934008973650634 ], [ 346273.658812206937, 3134881.934008973650634 ], [ 346243.658812206937, 3134851.934008973650634 ], [ 346213.658812206937, 3134851.934008973650634 ], [ 346183.658812206937, 3134821.934008973650634 ], [ 346153.658812206937, 3134821.934008973650634 ], [ 346123.658812206937, 3134821.934008973650634 ], [ 346093.658812206937, 3134791.934008973650634 ], [ 346063.658812206937, 3134791.934008973650634 ], [ 346033.658812206937, 3134791.934008973650634 ], [ 346003.658812206937, 3134791.934008973650634 ], [ 345973.658812206937, 3134791.934008973650634 ], [ 345943.658812206937, 3134791.934008973650634 ], [ 345913.658812206937, 3134791.934008973650634 ], [ 345883.658812206937, 3134791.934008973650634 ], [ 345853.658812206937, 3134791.934008973650634 ], [ 345823.658812206937, 3134791.934008973650634 ], [ 345793.658812206937, 3134791.934008973650634 ], [ 345763.658812206937, 3134761.934008973650634 ], [ 345733.658812206937, 3134761.934008973650634 ], [ 345703.658812206937, 3134761.934008973650634 ], [ 345673.658812206937, 3134731.934008973650634 ], [ 345643.658812206937, 3134731.934008973650634 ], [ 345613.658812206937, 3134731.934008973650634 ], [ 345583.658812206937, 3134731.934008973650634 ], [ 345553.658812206937, 3134731.934008973650634 ], [ 345523.658812206937, 3134731.934008973650634 ], [ 345493.658812206937, 3134731.934008973650634 ], [ 345463.658812206937, 3134731.934008973650634 ], [ 345433.658812206937, 3134731.934008973650634 ], [ 345403.658812206937, 3134731.934008973650634 ], [ 345373.658812206937, 3134701.934008973650634 ], [ 345343.658812206937, 3134701.934008973650634 ], [ 345313.658812206937, 3134701.934008973650634 ], [ 345283.658812206937, 3134701.934008973650634 ], [ 345253.658812206937, 3134671.934008973650634 ], [ 345223.658812206937, 3134671.934008973650634 ], [ 345193.658812206937, 3134671.934008973650634 ], [ 345163.658812206937, 3134671.934008973650634 ], [ 345133.658812206937, 3134641.934008973650634 ], [ 345103.658812206937, 3134641.934008973650634 ], [ 345073.658812206937, 3134641.934008973650634 ], [ 345043.658812206937, 3134641.934008973650634 ], [ 345013.658812206937, 3134611.934008973650634 ], [ 344983.658812206937, 3134611.934008973650634 ], [ 344953.658812206937, 3134611.934008973650634 ], [ 344923.658812206937, 3134581.934008973650634 ], [ 344893.658812206937, 3134551.934008973650634 ], [ 344863.658812206937, 3134521.934008973650634 ], [ 344833.658812206937, 3134521.934008973650634 ], [ 344803.658812206937, 3134521.934008973650634 ], [ 344773.658812206937, 3134521.934008973650634 ], [ 344743.658812206937, 3134491.934008973650634 ], [ 344713.658812206937, 3134491.934008973650634 ], [ 344683.658812206937, 3134491.934008973650634 ], [ 344653.658812206937, 3134461.934008973650634 ], [ 344623.658812206937, 3134461.934008973650634 ], [ 344593.658812206937, 3134461.934008973650634 ], [ 344563.658812206937, 3134461.934008973650634 ], [ 344533.658812206937, 3134461.934008973650634 ], [ 344503.658812206937, 3134431.934008973650634 ], [ 344503.658812206937, 3134401.934008973650634 ], [ 344503.658812206937, 3134371.934008973650634 ], [ 344503.658812206937, 3134341.934008973650634 ], [ 344473.658812206937, 3134311.934008973650634 ], [ 344473.658812206937, 3134281.934008973650634 ], [ 344473.658812206937, 3134251.934008973650634 ], [ 344473.658812206937, 3134221.934008973650634 ], [ 344443.658812206937, 3134191.934008973650634 ], [ 344443.658812206937, 3134161.934008973650634 ], [ 344443.658812206937, 3134131.934008973650634 ], [ 344413.658812206937, 3134101.934008973650634 ], [ 344413.658812206937, 3134071.934008973650634 ], [ 344413.658812206937, 3134041.934008973650634 ], [ 344383.658812206937, 3134011.934008973650634 ], [ 344383.658812206937, 3133981.934008973650634 ], [ 344383.658812206937, 3133951.934008973650634 ], [ 344383.658812206937, 3133921.934008973650634 ], [ 344383.658812206937, 3133891.934008973650634 ], [ 344383.658812206937, 3133861.934008973650634 ], [ 344383.658812206937, 3133831.934008973650634 ], [ 344383.658812206937, 3133801.934008973650634 ], [ 344383.658812206937, 3133771.934008973650634 ], [ 344413.658812206937, 3133741.934008973650634 ], [ 344413.658812206937, 3133711.934008973650634 ], [ 344413.658812206937, 3133681.934008973650634 ], [ 344413.658812206937, 3133651.934008973650634 ], [ 344413.658812206937, 3133621.934008973650634 ], [ 344413.658812206937, 3133591.934008973650634 ], [ 344413.658812206937, 3133561.934008973650634 ], [ 344413.658812206937, 3133531.934008973650634 ], [ 344443.658812206937, 3133501.934008973650634 ], [ 344443.658812206937, 3133471.934008973650634 ], [ 344443.658812206937, 3133441.934008973650634 ], [ 344443.658812206937, 3133411.934008973650634 ], [ 344443.658812206937, 3133381.934008973650634 ], [ 344443.658812206937, 3133351.934008973650634 ], [ 344443.658812206937, 3133321.934008973650634 ], [ 344443.658812206937, 3133291.934008973650634 ], [ 344473.658812206937, 3133261.934008973650634 ], [ 344473.658812206937, 3133231.934008973650634 ], [ 344473.658812206937, 3133201.934008973650634 ], [ 344473.658812206937, 3133171.934008973650634 ], [ 344473.658812206937, 3133141.934008973650634 ], [ 344473.658812206937, 3133111.934008973650634 ], [ 344443.658812206937, 3133081.934008973650634 ], [ 344443.658812206937, 3133051.934008973650634 ], [ 344443.658812206937, 3133021.934008973650634 ], [ 344443.658812206937, 3132991.934008973650634 ], [ 344443.658812206937, 3132961.934008973650634 ], [ 344443.658812206937, 3132931.934008973650634 ], [ 344413.658812206937, 3132901.934008973650634 ], [ 344413.658812206937, 3132871.934008973650634 ], [ 344413.658812206937, 3132841.934008973650634 ], [ 344413.658812206937, 3132811.934008973650634 ], [ 344383.658812206937, 3132781.934008973650634 ], [ 344383.658812206937, 3132751.934008973650634 ], [ 344353.658812206937, 3132721.934008973650634 ], [ 344323.658812206937, 3132691.934008973650634 ], [ 344323.658812206937, 3132661.934008973650634 ], [ 344293.658812206937, 3132631.934008973650634 ], [ 344293.658812206937, 3132601.934008973650634 ], [ 344293.658812206937, 3132571.934008973650634 ], [ 344293.658812206937, 3132541.934008973650634 ], [ 344293.658812206937, 3132511.934008973650634 ], [ 344263.658812206937, 3132481.934008973650634 ], [ 344263.658812206937, 3132451.934008973650634 ], [ 344233.658812206937, 3132421.934008973650634 ], [ 344203.658812206937, 3132391.934008973650634 ], [ 344173.658812206937, 3132361.934008973650634 ], [ 344173.658812206937, 3132331.934008973650634 ], [ 344143.658812206937, 3132301.934008973650634 ], [ 344113.658812206937, 3132271.934008973650634 ], [ 344083.658812206937, 3132241.934008973650634 ], [ 344053.658812206937, 3132211.934008973650634 ], [ 344023.658812206937, 3132211.934008973650634 ], [ 343993.658812206937, 3132181.934008973650634 ], [ 343963.658812206937, 3132151.934008973650634 ], [ 343933.658812206937, 3132121.934008973650634 ], [ 343903.658812206937, 3132121.934008973650634 ], [ 343873.658812206937, 3132091.934008973650634 ], [ 343873.658812206937, 3132061.934008973650634 ], [ 343843.658812206937, 3132031.934008973650634 ], [ 343843.658812206937, 3132001.934008973650634 ], [ 343813.658812206937, 3131971.934008973650634 ], [ 343783.658812206937, 3131941.934008973650634 ], [ 343783.658812206937, 3131911.934008973650634 ], [ 343783.658812206937, 3131881.934008973650634 ], [ 343753.658812206937, 3131851.934008973650634 ], [ 343723.658812206937, 3131851.934008973650634 ], [ 343693.658812206937, 3131821.934008973650634 ], [ 343663.658812206937, 3131791.934008973650634 ], [ 343633.658812206937, 3131761.934008973650634 ], [ 343603.658812206937, 3131731.934008973650634 ], [ 343573.658812206937, 3131731.934008973650634 ], [ 343543.658812206937, 3131701.934008973650634 ], [ 343513.658812206937, 3131671.934008973650634 ], [ 343483.658812206937, 3131671.934008973650634 ], [ 343453.658812206937, 3131641.934008973650634 ], [ 343423.658812206937, 3131641.934008973650634 ], [ 343393.658812206937, 3131641.934008973650634 ], [ 343363.658812206937, 3131611.934008973650634 ], [ 343333.658812206937, 3131611.934008973650634 ], [ 343303.658812206937, 3131581.934008973650634 ], [ 343273.658812206937, 3131581.934008973650634 ], [ 343243.658812206937, 3131551.934008973650634 ], [ 343213.658812206937, 3131551.934008973650634 ], [ 343183.658812206937, 3131521.934008973650634 ], [ 343153.658812206937, 3131491.934008973650634 ], [ 343153.658812206937, 3131461.934008973650634 ], [ 343123.658812206937, 3131431.934008973650634 ], [ 343093.658812206937, 3131401.934008973650634 ], [ 343063.658812206937, 3131371.934008973650634 ], [ 343033.658812206937, 3131341.934008973650634 ], [ 343003.658812206937, 3131311.934008973650634 ], [ 342973.658812206937, 3131281.934008973650634 ], [ 342943.658812206937, 3131281.934008973650634 ], [ 342913.658812206937, 3131251.934008973650634 ], [ 342913.658812206937, 3131221.934008973650634 ], [ 342913.658812206937, 3131191.934008973650634 ], [ 342883.658812206937, 3131161.934008973650634 ], [ 342883.658812206937, 3131131.934008973650634 ], [ 342883.658812206937, 3131101.934008973650634 ], [ 342883.658812206937, 3131071.934008973650634 ], [ 342853.658812206937, 3131041.934008973650634 ], [ 342853.658812206937, 3131011.934008973650634 ], [ 342823.658812206937, 3130981.934008973650634 ], [ 342823.658812206937, 3130951.934008973650634 ], [ 342823.658812206937, 3130921.934008973650634 ], [ 342823.658812206937, 3130891.934008973650634 ], [ 342823.658812206937, 3130861.934008973650634 ], [ 342793.658812206937, 3130831.934008973650634 ], [ 342763.658812206937, 3130801.934008973650634 ], [ 342733.658812206937, 3130771.934008973650634 ], [ 342703.658812206937, 3130741.934008973650634 ], [ 342673.658812206937, 3130711.934008973650634 ], [ 342673.658812206937, 3130681.934008973650634 ], [ 342673.658812206937, 3130651.934008973650634 ], [ 342643.658812206937, 3130621.934008973650634 ], [ 342613.658812206937, 3130591.934008973650634 ], [ 342583.658812206937, 3130561.934008973650634 ], [ 342553.658812206937, 3130561.934008973650634 ], [ 342523.658812206937, 3130531.934008973650634 ], [ 342523.658812206937, 3130501.934008973650634 ], [ 342493.658812206937, 3130471.934008973650634 ], [ 342463.658812206937, 3130441.934008973650634 ], [ 342433.658812206937, 3130411.934008973650634 ], [ 342403.658812206937, 3130381.934008973650634 ], [ 342373.658812206937, 3130351.934008973650634 ], [ 342343.658812206937, 3130321.934008973650634 ], [ 342313.658812206937, 3130291.934008973650634 ], [ 342313.658812206937, 3130261.934008973650634 ], [ 342283.658812206937, 3130231.934008973650634 ], [ 342253.658812206937, 3130201.934008973650634 ], [ 342223.658812206937, 3130201.934008973650634 ], [ 342193.658812206937, 3130171.934008973650634 ], [ 342163.658812206937, 3130141.934008973650634 ], [ 342133.658812206937, 3130111.934008973650634 ], [ 342103.658812206937, 3130081.934008973650634 ], [ 342073.658812206937, 3130051.934008973650634 ], [ 342043.658812206937, 3130021.934008973650634 ], [ 342013.658812206937, 3129991.934008973650634 ], [ 341983.658812206937, 3129961.934008973650634 ], [ 341953.658812206937, 3129961.934008973650634 ], [ 341923.658812206937, 3129961.934008973650634 ], [ 341893.658812206937, 3129931.934008973650634 ], [ 341863.658812206937, 3129901.934008973650634 ], [ 341833.658812206937, 3129901.934008973650634 ], [ 341803.658812206937, 3129871.934008973650634 ], [ 341773.658812206937, 3129871.934008973650634 ], [ 341743.658812206937, 3129841.934008973650634 ], [ 341713.658812206937, 3129811.934008973650634 ], [ 341683.658812206937, 3129781.934008973650634 ], [ 341653.658812206937, 3129751.934008973650634 ], [ 341623.658812206937, 3129751.934008973650634 ], [ 341593.658812206937, 3129721.934008973650634 ], [ 341563.658812206937, 3129691.934008973650634 ], [ 341533.658812206937, 3129661.934008973650634 ], [ 341503.658812206937, 3129631.934008973650634 ], [ 341473.658812206937, 3129601.934008973650634 ], [ 341443.658812206937, 3129571.934008973650634 ], [ 341413.658812206937, 3129541.934008973650634 ], [ 341383.658812206937, 3129511.934008973650634 ], [ 341353.658812206937, 3129481.934008973650634 ], [ 341323.658812206937, 3129451.934008973650634 ], [ 341293.658812206937, 3129421.934008973650634 ], [ 341263.658812206937, 3129421.934008973650634 ], [ 341233.658812206937, 3129391.934008973650634 ], [ 341203.658812206937, 3129361.934008973650634 ], [ 341173.658812206937, 3129361.934008973650634 ], [ 341143.658812206937, 3129331.934008973650634 ], [ 341113.658812206937, 3129331.934008973650634 ], [ 341083.658812206937, 3129301.934008973650634 ], [ 341053.658812206937, 3129271.934008973650634 ], [ 341023.658812206937, 3129271.934008973650634 ], [ 340993.658812206937, 3129271.934008973650634 ], [ 340963.658812206937, 3129241.934008973650634 ], [ 340933.658812206937, 3129241.934008973650634 ], [ 340903.658812206937, 3129241.934008973650634 ], [ 340873.658812206937, 3129241.934008973650634 ], [ 340843.658812206937, 3129211.934008973650634 ], [ 340843.658812206937, 3129181.934008973650634 ], [ 340843.658812206937, 3129151.934008973650634 ], [ 340843.658812206937, 3129121.934008973650634 ], [ 340843.658812206937, 3129091.934008973650634 ], [ 340843.658812206937, 3129061.934008973650634 ], [ 340843.658812206937, 3129031.934008973650634 ], [ 340843.658812206937, 3129001.934008973650634 ], [ 340843.658812206937, 3128971.934008973650634 ], [ 340843.658812206937, 3128941.934008973650634 ], [ 340843.658812206937, 3128911.934008973650634 ], [ 340843.658812206937, 3128881.934008973650634 ], [ 340843.658812206937, 3128851.934008973650634 ], [ 340843.658812206937, 3128821.934008973650634 ], [ 340813.658812206937, 3128791.934008973650634 ], [ 340843.658812206937, 3128761.934008973650634 ], [ 340843.658812206937, 3128731.934008973650634 ], [ 340843.658812206937, 3128701.934008973650634 ], [ 340843.658812206937, 3128671.934008973650634 ], [ 340873.658812206937, 3128641.934008973650634 ], [ 340873.658812206937, 3128611.934008973650634 ], [ 340873.658812206937, 3128581.934008973650634 ], [ 340873.658812206937, 3128551.934008973650634 ], [ 340873.658812206937, 3128521.934008973650634 ], [ 340873.658812206937, 3128491.934008973650634 ], [ 340873.658812206937, 3128461.934008973650634 ], [ 340873.658812206937, 3128431.934008973650634 ], [ 340873.658812206937, 3128401.934008973650634 ], [ 340903.658812206937, 3128371.934008973650634 ], [ 340903.658812206937, 3128341.934008973650634 ], [ 340873.658812206937, 3128311.934008973650634 ], [ 340873.658812206937, 3128281.934008973650634 ], [ 340843.658812206937, 3128251.934008973650634 ], [ 340843.658812206937, 3128221.934008973650634 ], [ 340813.658812206937, 3128191.934008973650634 ], [ 340813.658812206937, 3128161.934008973650634 ], [ 340813.658812206937, 3128131.934008973650634 ], [ 340813.658812206937, 3128101.934008973650634 ], [ 340783.658812206937, 3128071.934008973650634 ], [ 340783.658812206937, 3128041.934008973650634 ], [ 340753.658812206937, 3128011.934008973650634 ], [ 340753.658812206937, 3127981.934008973650634 ], [ 340723.658812206937, 3127951.934008973650634 ], [ 340723.658812206937, 3127921.934008973650634 ], [ 340723.658812206937, 3127891.934008973650634 ], [ 340723.658812206937, 3127861.934008973650634 ], [ 340723.658812206937, 3127831.934008973650634 ], [ 340693.658812206937, 3127801.934008973650634 ], [ 340693.658812206937, 3127771.934008973650634 ], [ 340693.658812206937, 3127741.934008973650634 ], [ 340693.658812206937, 3127711.934008973650634 ], [ 340663.658812206937, 3127681.934008973650634 ], [ 340633.658812206937, 3127681.934008973650634 ], [ 340603.658812206937, 3127681.934008973650634 ], [ 340573.658812206937, 3127651.934008973650634 ], [ 340543.658812206937, 3127621.934008973650634 ], [ 340513.658812206937, 3127621.934008973650634 ], [ 340483.658812206937, 3127591.934008973650634 ], [ 340453.658812206937, 3127561.934008973650634 ], [ 340423.658812206937, 3127531.934008973650634 ], [ 340423.658812206937, 3127501.934008973650634 ], [ 340393.658812206937, 3127471.934008973650634 ], [ 340363.658812206937, 3127441.934008973650634 ], [ 340363.658812206937, 3127411.934008973650634 ], [ 340363.658812206937, 3127381.934008973650634 ], [ 340363.658812206937, 3127351.934008973650634 ], [ 340363.658812206937, 3127321.934008973650634 ], [ 340333.658812206937, 3127291.934008973650634 ], [ 340303.658812206937, 3127291.934008973650634 ], [ 340273.658812206937, 3127261.934008973650634 ], [ 340273.658812206937, 3127231.934008973650634 ], [ 340273.658812206937, 3127201.934008973650634 ], [ 340243.658812206937, 3127171.934008973650634 ], [ 340213.658812206937, 3127141.934008973650634 ], [ 340183.658812206937, 3127111.934008973650634 ], [ 340153.658812206937, 3127111.934008973650634 ], [ 340123.658812206937, 3127081.934008973650634 ], [ 340093.658812206937, 3127051.934008973650634 ], [ 340063.658812206937, 3127051.934008973650634 ], [ 340033.658812206937, 3127021.934008973650634 ], [ 340003.658812206937, 3127021.934008973650634 ], [ 339973.658812206937, 3127021.934008973650634 ], [ 339943.658812206937, 3126991.934008973650634 ], [ 339913.658812206937, 3126961.934008973650634 ], [ 339883.658812206937, 3126931.934008973650634 ], [ 339853.658812206937, 3126901.934008973650634 ], [ 339823.658812206937, 3126901.934008973650634 ], [ 339793.658812206937, 3126871.934008973650634 ], [ 339763.658812206937, 3126871.934008973650634 ], [ 339733.658812206937, 3126841.934008973650634 ], [ 339733.658812206937, 3126811.934008973650634 ], [ 339703.658812206937, 3126781.934008973650634 ], [ 339703.658812206937, 3126751.934008973650634 ], [ 339703.658812206937, 3126721.934008973650634 ], [ 339673.658812206937, 3126691.934008973650634 ], [ 339673.658812206937, 3126661.934008973650634 ], [ 339673.658812206937, 3126631.934008973650634 ], [ 339673.658812206937, 3126601.934008973650634 ], [ 339673.658812206937, 3126571.934008973650634 ], [ 339673.658812206937, 3126541.934008973650634 ], [ 339673.658812206937, 3126511.934008973650634 ], [ 339673.658812206937, 3126481.934008973650634 ], [ 339673.658812206937, 3126451.934008973650634 ], [ 339673.658812206937, 3126421.934008973650634 ], [ 339673.658812206937, 3126391.934008973650634 ], [ 339673.658812206937, 3126361.934008973650634 ], [ 339673.658812206937, 3126331.934008973650634 ], [ 339673.658812206937, 3126301.934008973650634 ], [ 339643.658812206937, 3126271.934008973650634 ], [ 339643.658812206937, 3126241.934008973650634 ], [ 339643.658812206937, 3126211.934008973650634 ], [ 339643.658812206937, 3126181.934008973650634 ], [ 339643.658812206937, 3126151.934008973650634 ], [ 339643.658812206937, 3126121.934008973650634 ], [ 339643.658812206937, 3126091.934008973650634 ], [ 339613.658812206937, 3126061.934008973650634 ], [ 339613.658812206937, 3126031.934008973650634 ], [ 339613.658812206937, 3126001.934008973650634 ], [ 339613.658812206937, 3125971.934008973650634 ], [ 339613.658812206937, 3125941.934008973650634 ], [ 339583.658812206937, 3125911.934008973650634 ], [ 339583.658812206937, 3125881.934008973650634 ], [ 339583.658812206937, 3125851.934008973650634 ], [ 339583.658812206937, 3125821.934008973650634 ], [ 339553.658812206937, 3125791.934008973650634 ], [ 339523.658812206937, 3125791.934008973650634 ], [ 339493.658812206937, 3125761.934008973650634 ], [ 339463.658812206937, 3125731.934008973650634 ], [ 339463.658812206937, 3125701.934008973650634 ], [ 339463.658812206937, 3125671.934008973650634 ], [ 339433.658812206937, 3125641.934008973650634 ], [ 339433.658812206937, 3125611.934008973650634 ], [ 339403.658812206937, 3125581.934008973650634 ], [ 339373.658812206937, 3125551.934008973650634 ], [ 339343.658812206937, 3125551.934008973650634 ], [ 339313.658812206937, 3125521.934008973650634 ], [ 339283.658812206937, 3125491.934008973650634 ], [ 339253.658812206937, 3125491.934008973650634 ], [ 339223.658812206937, 3125461.934008973650634 ], [ 339193.658812206937, 3125431.934008973650634 ], [ 339163.658812206937, 3125401.934008973650634 ], [ 339133.658812206937, 3125401.934008973650634 ], [ 339103.658812206937, 3125371.934008973650634 ], [ 339073.658812206937, 3125341.934008973650634 ], [ 339043.658812206937, 3125341.934008973650634 ], [ 339013.658812206937, 3125311.934008973650634 ], [ 339013.658812206937, 3125281.934008973650634 ], [ 338983.658812206937, 3125251.934008973650634 ], [ 338983.658812206937, 3125221.934008973650634 ], [ 338953.658812206937, 3125191.934008973650634 ], [ 338953.658812206937, 3125161.934008973650634 ], [ 338923.658812206937, 3125131.934008973650634 ], [ 338923.658812206937, 3125101.934008973650634 ], [ 338923.658812206937, 3125071.934008973650634 ], [ 338923.658812206937, 3125041.934008973650634 ], [ 338923.658812206937, 3125011.934008973650634 ], [ 338923.658812206937, 3124981.934008973650634 ], [ 338923.658812206937, 3124951.934008973650634 ], [ 338923.658812206937, 3124921.934008973650634 ], [ 338923.658812206937, 3124891.934008973650634 ], [ 338923.658812206937, 3124861.934008973650634 ], [ 338923.658812206937, 3124831.934008973650634 ], [ 338923.658812206937, 3124801.934008973650634 ], [ 338923.658812206937, 3124771.934008973650634 ], [ 338923.658812206937, 3124741.934008973650634 ], [ 338923.658812206937, 3124711.934008973650634 ], [ 338923.658812206937, 3124681.934008973650634 ], [ 338923.658812206937, 3124651.934008973650634 ], [ 338923.658812206937, 3124621.934008973650634 ], [ 338923.658812206937, 3124591.934008973650634 ], [ 338953.658812206937, 3124561.934008973650634 ], [ 338953.658812206937, 3124531.934008973650634 ], [ 338953.658812206937, 3124501.934008973650634 ], [ 338983.658812206937, 3124471.934008973650634 ], [ 339013.658812206937, 3124441.934008973650634 ], [ 339013.658812206937, 3124411.934008973650634 ], [ 339013.658812206937, 3124381.934008973650634 ], [ 339013.658812206937, 3124351.934008973650634 ], [ 339043.658812206937, 3124321.934008973650634 ], [ 339043.658812206937, 3124291.934008973650634 ], [ 339043.658812206937, 3124261.934008973650634 ], [ 339073.658812206937, 3124231.934008973650634 ], [ 339103.658812206937, 3124201.934008973650634 ], [ 339103.658812206937, 3124171.934008973650634 ], [ 339103.658812206937, 3124141.934008973650634 ], [ 339103.658812206937, 3124111.934008973650634 ], [ 339103.658812206937, 3124081.934008973650634 ], [ 339103.658812206937, 3124051.934008973650634 ], [ 339103.658812206937, 3124021.934008973650634 ], [ 339103.658812206937, 3123991.934008973650634 ], [ 339103.658812206937, 3123961.934008973650634 ], [ 339103.658812206937, 3123931.934008973650634 ], [ 339103.658812206937, 3123901.934008973650634 ], [ 339103.658812206937, 3123871.934008973650634 ], [ 339103.658812206937, 3123841.934008973650634 ], [ 339103.658812206937, 3123811.934008973650634 ], [ 339133.658812206937, 3123781.934008973650634 ], [ 339133.658812206937, 3123751.934008973650634 ], [ 339133.658812206937, 3123721.934008973650634 ], [ 339133.658812206937, 3123691.934008973650634 ], [ 339133.658812206937, 3123661.934008973650634 ], [ 339133.658812206937, 3123631.934008973650634 ], [ 339133.658812206937, 3123601.934008973650634 ], [ 339133.658812206937, 3123571.934008973650634 ], [ 339163.658812206937, 3123541.934008973650634 ], [ 339163.658812206937, 3123511.934008973650634 ], [ 339163.658812206937, 3123481.934008973650634 ], [ 339163.658812206937, 3123451.934008973650634 ], [ 339163.658812206937, 3123421.934008973650634 ], [ 339163.658812206937, 3123391.934008973650634 ], [ 339163.658812206937, 3123361.934008973650634 ], [ 339163.658812206937, 3123331.934008973650634 ], [ 339163.658812206937, 3123301.934008973650634 ], [ 339163.658812206937, 3123271.934008973650634 ], [ 339193.658812206937, 3123241.934008973650634 ], [ 339193.658812206937, 3123211.934008973650634 ], [ 339193.658812206937, 3123181.934008973650634 ], [ 339193.658812206937, 3123151.934008973650634 ], [ 339163.658812206937, 3123121.934008973650634 ], [ 339163.658812206937, 3123091.934008973650634 ], [ 339163.658812206937, 3123061.934008973650634 ], [ 339133.658812206937, 3123031.934008973650634 ], [ 339133.658812206937, 3123001.934008973650634 ], [ 339103.658812206937, 3122971.934008973650634 ], [ 339103.658812206937, 3122941.934008973650634 ], [ 339073.658812206937, 3122911.934008973650634 ], [ 339043.658812206937, 3122881.934008973650634 ], [ 339013.658812206937, 3122881.934008973650634 ], [ 338983.658812206937, 3122851.934008973650634 ], [ 338953.658812206937, 3122821.934008973650634 ], [ 338923.658812206937, 3122791.934008973650634 ], [ 338923.658812206937, 3122761.934008973650634 ], [ 338893.658812206937, 3122731.934008973650634 ], [ 338863.658812206937, 3122701.934008973650634 ], [ 338863.658812206937, 3122671.934008973650634 ], [ 338833.658812206937, 3122641.934008973650634 ], [ 338803.658812206937, 3122611.934008973650634 ], [ 338773.658812206937, 3122581.934008973650634 ], [ 338743.658812206937, 3122551.934008973650634 ], [ 338743.658812206937, 3122521.934008973650634 ], [ 338713.658812206937, 3122491.934008973650634 ], [ 338713.658812206937, 3122461.934008973650634 ], [ 338683.658812206937, 3122431.934008973650634 ], [ 338653.658812206937, 3122401.934008973650634 ], [ 338653.658812206937, 3122371.934008973650634 ], [ 338653.658812206937, 3122341.934008973650634 ], [ 338653.658812206937, 3122311.934008973650634 ], [ 338623.658812206937, 3122281.934008973650634 ], [ 338593.658812206937, 3122251.934008973650634 ], [ 338563.658812206937, 3122221.934008973650634 ], [ 338563.658812206937, 3122191.934008973650634 ], [ 338563.658812206937, 3122161.934008973650634 ], [ 338533.658812206937, 3122131.934008973650634 ], [ 338533.658812206937, 3122101.934008973650634 ], [ 338533.658812206937, 3122071.934008973650634 ], [ 338533.658812206937, 3122041.934008973650634 ], [ 338533.658812206937, 3122011.934008973650634 ], [ 338533.658812206937, 3121981.934008973650634 ], [ 338533.658812206937, 3121951.934008973650634 ], [ 338533.658812206937, 3121921.934008973650634 ], [ 338503.658812206937, 3121891.934008973650634 ], [ 338503.658812206937, 3121861.934008973650634 ], [ 338503.658812206937, 3121831.934008973650634 ], [ 338503.658812206937, 3121801.934008973650634 ], [ 338503.658812206937, 3121771.934008973650634 ], [ 338503.658812206937, 3121741.934008973650634 ], [ 338503.658812206937, 3121711.934008973650634 ], [ 338503.658812206937, 3121681.934008973650634 ], [ 338503.658812206937, 3121651.934008973650634 ], [ 338503.658812206937, 3121621.934008973650634 ], [ 338473.658812206937, 3121591.934008973650634 ], [ 338473.658812206937, 3121561.934008973650634 ], [ 338473.658812206937, 3121531.934008973650634 ], [ 338473.658812206937, 3121501.934008973650634 ], [ 338473.658812206937, 3121471.934008973650634 ], [ 338473.658812206937, 3121441.934008973650634 ], [ 338473.658812206937, 3121411.934008973650634 ], [ 338503.658812206937, 3121381.934008973650634 ], [ 338503.658812206937, 3121351.934008973650634 ], [ 338503.658812206937, 3121321.934008973650634 ], [ 338503.658812206937, 3121291.934008973650634 ], [ 338503.658812206937, 3121261.934008973650634 ], [ 338503.658812206937, 3121231.934008973650634 ], [ 338533.658812206937, 3121201.934008973650634 ], [ 338533.658812206937, 3121171.934008973650634 ], [ 338533.658812206937, 3121141.934008973650634 ], [ 338533.658812206937, 3121111.934008973650634 ], [ 338533.658812206937, 3121081.934008973650634 ], [ 338503.658812206937, 3121051.934008973650634 ], [ 338503.658812206937, 3121021.934008973650634 ], [ 338503.658812206937, 3120991.934008973650634 ], [ 338473.658812206937, 3120961.934008973650634 ], [ 338443.658812206937, 3120931.934008973650634 ], [ 338413.658812206937, 3120901.934008973650634 ], [ 338383.658812206937, 3120871.934008973650634 ], [ 338383.658812206937, 3120841.934008973650634 ], [ 338383.658812206937, 3120811.934008973650634 ], [ 338353.658812206937, 3120781.934008973650634 ], [ 338353.658812206937, 3120751.934008973650634 ], [ 338323.658812206937, 3120721.934008973650634 ], [ 338323.658812206937, 3120691.934008973650634 ], [ 338323.658812206937, 3120661.934008973650634 ], [ 338323.658812206937, 3120631.934008973650634 ], [ 338323.658812206937, 3120601.934008973650634 ], [ 338323.658812206937, 3120571.934008973650634 ], [ 338323.658812206937, 3120541.934008973650634 ], [ 338323.658812206937, 3120511.934008973650634 ], [ 338323.658812206937, 3120481.934008973650634 ], [ 338323.658812206937, 3120451.934008973650634 ], [ 338293.658812206937, 3120421.934008973650634 ], [ 338293.658812206937, 3120391.934008973650634 ], [ 338293.658812206937, 3120361.934008973650634 ], [ 338293.658812206937, 3120331.934008973650634 ], [ 338263.658812206937, 3120301.934008973650634 ], [ 338263.658812206937, 3120271.934008973650634 ], [ 338233.658812206937, 3120241.934008973650634 ], [ 338203.658812206937, 3120211.934008973650634 ], [ 338203.658812206937, 3120181.934008973650634 ], [ 338173.658812206937, 3120151.934008973650634 ], [ 338143.658812206937, 3120121.934008973650634 ], [ 338113.658812206937, 3120091.934008973650634 ], [ 338083.658812206937, 3120061.934008973650634 ], [ 338053.658812206937, 3120031.934008973650634 ], [ 338053.658812206937, 3120001.934008973650634 ], [ 338053.658812206937, 3119971.934008973650634 ], [ 338053.658812206937, 3119941.934008973650634 ], [ 338053.658812206937, 3119911.934008973650634 ], [ 338053.658812206937, 3119881.934008973650634 ], [ 338023.658812206937, 3119851.934008973650634 ], [ 338023.658812206937, 3119821.934008973650634 ], [ 338023.658812206937, 3119791.934008973650634 ], [ 337993.658812206937, 3119761.934008973650634 ], [ 337993.658812206937, 3119731.934008973650634 ], [ 337963.658812206937, 3119701.934008973650634 ], [ 337963.658812206937, 3119671.934008973650634 ], [ 337933.658812206937, 3119641.934008973650634 ], [ 337933.658812206937, 3119611.934008973650634 ], [ 337903.658812206937, 3119581.934008973650634 ], [ 337903.658812206937, 3119551.934008973650634 ], [ 337903.658812206937, 3119521.934008973650634 ], [ 337903.658812206937, 3119491.934008973650634 ], [ 337903.658812206937, 3119461.934008973650634 ], [ 337873.658812206937, 3119431.934008973650634 ], [ 337843.658812206937, 3119401.934008973650634 ], [ 337813.658812206937, 3119371.934008973650634 ], [ 337813.658812206937, 3119341.934008973650634 ], [ 337783.658812206937, 3119311.934008973650634 ], [ 337783.658812206937, 3119281.934008973650634 ], [ 337753.658812206937, 3119251.934008973650634 ], [ 337723.658812206937, 3119221.934008973650634 ], [ 337723.658812206937, 3119191.934008973650634 ], [ 337693.658812206937, 3119161.934008973650634 ], [ 337693.658812206937, 3119131.934008973650634 ], [ 337663.658812206937, 3119101.934008973650634 ], [ 337633.658812206937, 3119071.934008973650634 ], [ 337633.658812206937, 3119041.934008973650634 ], [ 337633.658812206937, 3119011.934008973650634 ], [ 337633.658812206937, 3118981.934008973650634 ], [ 337603.658812206937, 3118951.934008973650634 ], [ 337573.658812206937, 3118921.934008973650634 ], [ 337543.658812206937, 3118891.934008973650634 ], [ 337543.658812206937, 3118861.934008973650634 ], [ 337513.658812206937, 3118831.934008973650634 ], [ 337513.658812206937, 3118801.934008973650634 ], [ 337483.658812206937, 3118771.934008973650634 ], [ 337483.658812206937, 3118741.934008973650634 ], [ 337483.658812206937, 3118711.934008973650634 ], [ 337453.658812206937, 3118681.934008973650634 ], [ 337423.658812206937, 3118651.934008973650634 ], [ 337423.658812206937, 3118621.934008973650634 ], [ 337423.658812206937, 3118591.934008973650634 ], [ 337393.658812206937, 3118561.934008973650634 ], [ 337363.658812206937, 3118531.934008973650634 ], [ 337333.658812206937, 3118501.934008973650634 ], [ 337303.658812206937, 3118471.934008973650634 ], [ 337273.658812206937, 3118441.934008973650634 ], [ 337273.658812206937, 3118411.934008973650634 ], [ 337273.658812206937, 3118381.934008973650634 ], [ 337273.658812206937, 3118351.934008973650634 ], [ 337273.658812206937, 3118321.934008973650634 ], [ 337303.658812206937, 3118291.934008973650634 ], [ 337303.658812206937, 3118261.934008973650634 ], [ 337303.658812206937, 3118231.934008973650634 ], [ 337303.658812206937, 3118201.934008973650634 ], [ 337333.658812206937, 3118171.934008973650634 ], [ 337333.658812206937, 3118141.934008973650634 ], [ 337333.658812206937, 3118111.934008973650634 ], [ 337333.658812206937, 3118081.934008973650634 ], [ 337333.658812206937, 3118051.934008973650634 ], [ 337333.658812206937, 3118021.934008973650634 ], [ 337333.658812206937, 3117991.934008973650634 ], [ 337333.658812206937, 3117961.934008973650634 ], [ 337333.658812206937, 3117931.934008973650634 ], [ 337333.658812206937, 3117901.934008973650634 ], [ 337333.658812206937, 3117871.934008973650634 ], [ 337333.658812206937, 3117841.934008973650634 ], [ 337333.658812206937, 3117811.934008973650634 ], [ 337333.658812206937, 3117781.934008973650634 ], [ 337303.658812206937, 3117751.934008973650634 ], [ 337303.658812206937, 3117721.934008973650634 ], [ 337303.658812206937, 3117691.934008973650634 ], [ 337303.658812206937, 3117661.934008973650634 ], [ 337303.658812206937, 3117631.934008973650634 ], [ 337303.658812206937, 3117601.934008973650634 ], [ 337303.658812206937, 3117571.934008973650634 ], [ 337303.658812206937, 3117541.934008973650634 ], [ 337303.658812206937, 3117511.934008973650634 ], [ 337303.658812206937, 3117481.934008973650634 ], [ 337303.658812206937, 3117451.934008973650634 ], [ 337303.658812206937, 3117421.934008973650634 ], [ 337303.658812206937, 3117391.934008973650634 ], [ 337303.658812206937, 3117361.934008973650634 ], [ 337303.658812206937, 3117331.934008973650634 ], [ 337303.658812206937, 3117301.934008973650634 ], [ 337303.658812206937, 3117271.934008973650634 ], [ 337303.658812206937, 3117241.934008973650634 ], [ 337303.658812206937, 3117211.934008973650634 ], [ 337303.658812206937, 3117181.934008973650634 ], [ 337303.658812206937, 3117151.934008973650634 ], [ 337303.658812206937, 3117121.934008973650634 ], [ 337273.658812206937, 3117091.934008973650634 ], [ 337273.658812206937, 3117061.934008973650634 ], [ 337273.658812206937, 3117031.934008973650634 ], [ 337273.658812206937, 3117001.934008973650634 ], [ 337273.658812206937, 3116971.934008973650634 ], [ 337273.658812206937, 3116941.934008973650634 ], [ 337273.658812206937, 3116911.934008973650634 ], [ 337273.658812206937, 3116881.934008973650634 ], [ 337273.658812206937, 3116851.934008973650634 ], [ 337273.658812206937, 3116821.934008973650634 ], [ 337273.658812206937, 3116791.934008973650634 ], [ 337273.658812206937, 3116761.934008973650634 ], [ 337243.658812206937, 3116731.934008973650634 ], [ 337243.658812206937, 3116701.934008973650634 ], [ 337243.658812206937, 3116671.934008973650634 ], [ 337243.658812206937, 3116641.934008973650634 ], [ 337243.658812206937, 3116611.934008973650634 ], [ 337243.658812206937, 3116581.934008973650634 ], [ 337243.658812206937, 3116551.934008973650634 ], [ 337243.658812206937, 3116521.934008973650634 ], [ 337213.658812206937, 3116491.934008973650634 ], [ 337183.658812206937, 3116491.934008973650634 ], [ 337153.658812206937, 3116491.934008973650634 ], [ 337123.658812206937, 3116491.934008973650634 ], [ 337093.658812206937, 3116491.934008973650634 ], [ 337063.658812206937, 3116491.934008973650634 ], [ 337033.658812206937, 3116491.934008973650634 ], [ 337003.658812206937, 3116461.934008973650634 ], [ 336973.658812206937, 3116461.934008973650634 ], [ 336943.658812206937, 3116461.934008973650634 ], [ 336913.658812206937, 3116431.934008973650634 ], [ 336883.658812206937, 3116431.934008973650634 ], [ 336853.658812206937, 3116401.934008973650634 ], [ 336823.658812206937, 3116371.934008973650634 ], [ 336793.658812206937, 3116341.934008973650634 ], [ 336793.658812206937, 3116311.934008973650634 ], [ 336763.658812206937, 3116281.934008973650634 ], [ 336763.658812206937, 3116251.934008973650634 ], [ 336733.658812206937, 3116221.934008973650634 ], [ 336733.658812206937, 3116191.934008973650634 ], [ 336703.658812206937, 3116161.934008973650634 ], [ 336673.658812206937, 3116131.934008973650634 ], [ 336643.658812206937, 3116101.934008973650634 ], [ 336643.658812206937, 3116071.934008973650634 ], [ 336613.658812206937, 3116041.934008973650634 ], [ 336613.658812206937, 3116011.934008973650634 ], [ 336613.658812206937, 3115981.934008973650634 ], [ 336613.658812206937, 3115951.934008973650634 ], [ 336583.658812206937, 3115921.934008973650634 ], [ 336553.658812206937, 3115921.934008973650634 ], [ 336523.658812206937, 3115921.934008973650634 ], [ 336493.658812206937, 3115891.934008973650634 ], [ 336463.658812206937, 3115891.934008973650634 ], [ 336433.658812206937, 3115891.934008973650634 ], [ 336403.658812206937, 3115891.934008973650634 ], [ 336373.658812206937, 3115861.934008973650634 ], [ 336343.658812206937, 3115831.934008973650634 ], [ 336313.658812206937, 3115801.934008973650634 ], [ 336283.658812206937, 3115771.934008973650634 ], [ 336253.658812206937, 3115741.934008973650634 ], [ 336223.658812206937, 3115711.934008973650634 ], [ 336193.658812206937, 3115681.934008973650634 ], [ 336163.658812206937, 3115651.934008973650634 ], [ 336133.658812206937, 3115651.934008973650634 ], [ 336103.658812206937, 3115621.934008973650634 ], [ 336073.658812206937, 3115591.934008973650634 ], [ 336043.658812206937, 3115591.934008973650634 ], [ 336013.658812206937, 3115561.934008973650634 ], [ 335983.658812206937, 3115561.934008973650634 ], [ 335953.658812206937, 3115531.934008973650634 ], [ 335923.658812206937, 3115501.934008973650634 ], [ 335893.658812206937, 3115471.934008973650634 ], [ 335893.658812206937, 3115441.934008973650634 ], [ 335863.658812206937, 3115411.934008973650634 ], [ 335833.658812206937, 3115381.934008973650634 ], [ 335803.658812206937, 3115351.934008973650634 ], [ 335773.658812206937, 3115321.934008973650634 ], [ 335743.658812206937, 3115291.934008973650634 ], [ 335743.658812206937, 3115261.934008973650634 ], [ 335713.658812206937, 3115231.934008973650634 ], [ 335683.658812206937, 3115201.934008973650634 ], [ 335653.658812206937, 3115171.934008973650634 ], [ 335623.658812206937, 3115171.934008973650634 ], [ 335593.658812206937, 3115141.934008973650634 ], [ 335563.658812206937, 3115111.934008973650634 ], [ 335533.658812206937, 3115081.934008973650634 ], [ 335533.658812206937, 3115051.934008973650634 ], [ 335503.658812206937, 3115021.934008973650634 ], [ 335473.658812206937, 3115021.934008973650634 ], [ 335443.658812206937, 3115021.934008973650634 ], [ 335413.658812206937, 3115021.934008973650634 ], [ 335383.658812206937, 3115021.934008973650634 ], [ 335353.658812206937, 3115021.934008973650634 ], [ 335323.658812206937, 3115021.934008973650634 ], [ 335293.658812206937, 3115021.934008973650634 ], [ 335263.658812206937, 3114991.934008973650634 ], [ 335233.658812206937, 3114991.934008973650634 ], [ 335203.658812206937, 3114961.934008973650634 ], [ 335173.658812206937, 3114931.934008973650634 ], [ 335143.658812206937, 3114901.934008973650634 ], [ 335143.658812206937, 3114871.934008973650634 ], [ 335113.658812206937, 3114841.934008973650634 ], [ 335083.658812206937, 3114811.934008973650634 ], [ 335053.658812206937, 3114811.934008973650634 ], [ 335023.658812206937, 3114781.934008973650634 ], [ 334993.658812206937, 3114751.934008973650634 ], [ 334963.658812206937, 3114721.934008973650634 ], [ 334933.658812206937, 3114721.934008973650634 ], [ 334903.658812206937, 3114691.934008973650634 ], [ 334873.658812206937, 3114691.934008973650634 ], [ 334843.658812206937, 3114661.934008973650634 ], [ 334813.658812206937, 3114631.934008973650634 ], [ 334783.658812206937, 3114631.934008973650634 ], [ 334753.658812206937, 3114601.934008973650634 ], [ 334723.658812206937, 3114571.934008973650634 ], [ 334693.658812206937, 3114541.934008973650634 ], [ 334663.658812206937, 3114511.934008973650634 ], [ 334633.658812206937, 3114511.934008973650634 ], [ 334603.658812206937, 3114481.934008973650634 ], [ 334573.658812206937, 3114481.934008973650634 ], [ 334543.658812206937, 3114451.934008973650634 ], [ 334513.658812206937, 3114451.934008973650634 ], [ 334483.658812206937, 3114421.934008973650634 ], [ 334453.658812206937, 3114421.934008973650634 ], [ 334423.658812206937, 3114391.934008973650634 ], [ 334393.658812206937, 3114361.934008973650634 ], [ 334363.658812206937, 3114361.934008973650634 ], [ 334333.658812206937, 3114331.934008973650634 ], [ 334303.658812206937, 3114301.934008973650634 ], [ 334273.658812206937, 3114271.934008973650634 ], [ 334273.658812206937, 3114241.934008973650634 ], [ 334273.658812206937, 3114211.934008973650634 ], [ 334273.658812206937, 3114181.934008973650634 ], [ 334243.658812206937, 3114151.934008973650634 ], [ 334213.658812206937, 3114151.934008973650634 ], [ 334183.658812206937, 3114121.934008973650634 ], [ 334153.658812206937, 3114121.934008973650634 ], [ 334123.658812206937, 3114091.934008973650634 ], [ 334093.658812206937, 3114091.934008973650634 ], [ 334063.658812206937, 3114061.934008973650634 ], [ 334033.658812206937, 3114061.934008973650634 ], [ 334003.658812206937, 3114031.934008973650634 ], [ 333973.658812206937, 3114031.934008973650634 ], [ 333943.658812206937, 3114031.934008973650634 ], [ 333913.658812206937, 3114031.934008973650634 ], [ 333883.658812206937, 3114001.934008973650634 ], [ 333883.658812206937, 3113971.934008973650634 ], [ 333853.658812206937, 3113941.934008973650634 ], [ 333823.658812206937, 3113941.934008973650634 ], [ 333793.658812206937, 3113911.934008973650634 ], [ 333763.658812206937, 3113881.934008973650634 ], [ 333733.658812206937, 3113881.934008973650634 ], [ 333703.658812206937, 3113851.934008973650634 ], [ 333673.658812206937, 3113821.934008973650634 ], [ 333643.658812206937, 3113791.934008973650634 ], [ 333643.658812206937, 3113761.934008973650634 ], [ 333643.658812206937, 3113731.934008973650634 ], [ 333643.658812206937, 3113701.934008973650634 ], [ 333613.658812206937, 3113671.934008973650634 ], [ 333583.658812206937, 3113641.934008973650634 ], [ 333553.658812206937, 3113611.934008973650634 ], [ 333553.658812206937, 3113581.934008973650634 ], [ 333523.658812206937, 3113551.934008973650634 ], [ 333523.658812206937, 3113521.934008973650634 ], [ 333523.658812206937, 3113491.934008973650634 ], [ 333493.658812206937, 3113461.934008973650634 ], [ 333493.658812206937, 3113431.934008973650634 ], [ 333463.658812206937, 3113401.934008973650634 ], [ 333463.658812206937, 3113371.934008973650634 ], [ 333433.658812206937, 3113341.934008973650634 ], [ 333403.658812206937, 3113311.934008973650634 ], [ 333373.658812206937, 3113281.934008973650634 ], [ 333373.658812206937, 3113251.934008973650634 ], [ 333373.658812206937, 3113221.934008973650634 ], [ 333343.658812206937, 3113191.934008973650634 ], [ 333313.658812206937, 3113161.934008973650634 ], [ 333313.658812206937, 3113131.934008973650634 ], [ 333283.658812206937, 3113101.934008973650634 ], [ 333283.658812206937, 3113071.934008973650634 ], [ 333253.658812206937, 3113041.934008973650634 ], [ 333223.658812206937, 3113041.934008973650634 ], [ 333193.658812206937, 3113011.934008973650634 ], [ 333163.658812206937, 3112981.934008973650634 ], [ 333133.658812206937, 3112951.934008973650634 ], [ 333103.658812206937, 3112921.934008973650634 ], [ 333103.658812206937, 3112891.934008973650634 ], [ 333103.658812206937, 3112861.934008973650634 ], [ 333073.658812206937, 3112831.934008973650634 ], [ 333073.658812206937, 3112801.934008973650634 ], [ 333073.658812206937, 3112771.934008973650634 ], [ 333043.658812206937, 3112741.934008973650634 ], [ 333043.658812206937, 3112711.934008973650634 ], [ 333013.658812206937, 3112681.934008973650634 ], [ 333013.658812206937, 3112651.934008973650634 ], [ 332983.658812206937, 3112621.934008973650634 ], [ 332953.658812206937, 3112591.934008973650634 ], [ 332923.658812206937, 3112561.934008973650634 ], [ 332923.658812206937, 3112531.934008973650634 ], [ 332893.658812206937, 3112501.934008973650634 ], [ 332863.658812206937, 3112471.934008973650634 ], [ 332863.658812206937, 3112441.934008973650634 ], [ 332833.658812206937, 3112411.934008973650634 ], [ 332803.658812206937, 3112381.934008973650634 ], [ 332773.658812206937, 3112351.934008973650634 ], [ 332743.658812206937, 3112321.934008973650634 ], [ 332713.658812206937, 3112291.934008973650634 ], [ 332683.658812206937, 3112291.934008973650634 ], [ 332653.658812206937, 3112261.934008973650634 ], [ 332623.658812206937, 3112261.934008973650634 ], [ 332593.658812206937, 3112261.934008973650634 ], [ 332563.658812206937, 3112231.934008973650634 ], [ 332533.658812206937, 3112201.934008973650634 ], [ 332503.658812206937, 3112171.934008973650634 ], [ 332473.658812206937, 3112141.934008973650634 ], [ 332443.658812206937, 3112111.934008973650634 ], [ 332413.658812206937, 3112081.934008973650634 ], [ 332383.658812206937, 3112051.934008973650634 ], [ 332353.658812206937, 3112051.934008973650634 ], [ 332323.658812206937, 3112021.934008973650634 ], [ 332293.658812206937, 3111991.934008973650634 ], [ 332293.658812206937, 3111961.934008973650634 ], [ 332263.658812206937, 3111931.934008973650634 ], [ 332233.658812206937, 3111901.934008973650634 ], [ 332203.658812206937, 3111871.934008973650634 ], [ 332173.658812206937, 3111871.934008973650634 ], [ 332143.658812206937, 3111841.934008973650634 ], [ 332113.658812206937, 3111811.934008973650634 ], [ 332083.658812206937, 3111811.934008973650634 ], [ 332053.658812206937, 3111781.934008973650634 ], [ 332023.658812206937, 3111781.934008973650634 ], [ 331993.658812206937, 3111751.934008973650634 ], [ 331963.658812206937, 3111751.934008973650634 ], [ 331933.658812206937, 3111721.934008973650634 ], [ 331933.658812206937, 3111691.934008973650634 ], [ 331903.658812206937, 3111661.934008973650634 ], [ 331903.658812206937, 3111631.934008973650634 ], [ 331873.658812206937, 3111601.934008973650634 ], [ 331843.658812206937, 3111571.934008973650634 ], [ 331843.658812206937, 3111541.934008973650634 ], [ 331813.658812206937, 3111511.934008973650634 ], [ 331783.658812206937, 3111511.934008973650634 ], [ 331753.658812206937, 3111481.934008973650634 ], [ 331723.658812206937, 3111481.934008973650634 ], [ 331693.658812206937, 3111481.934008973650634 ], [ 331663.658812206937, 3111451.934008973650634 ], [ 331633.658812206937, 3111421.934008973650634 ], [ 331603.658812206937, 3111421.934008973650634 ], [ 331573.658812206937, 3111391.934008973650634 ], [ 331543.658812206937, 3111391.934008973650634 ], [ 331513.658812206937, 3111361.934008973650634 ], [ 331483.658812206937, 3111331.934008973650634 ], [ 331453.658812206937, 3111301.934008973650634 ], [ 331423.658812206937, 3111301.934008973650634 ], [ 331393.658812206937, 3111271.934008973650634 ], [ 331363.658812206937, 3111241.934008973650634 ], [ 331333.658812206937, 3111211.934008973650634 ], [ 331303.658812206937, 3111181.934008973650634 ], [ 331303.658812206937, 3111151.934008973650634 ], [ 331273.658812206937, 3111121.934008973650634 ], [ 331273.658812206937, 3111091.934008973650634 ], [ 331243.658812206937, 3111061.934008973650634 ], [ 331243.658812206937, 3111031.934008973650634 ], [ 331213.658812206937, 3111001.934008973650634 ], [ 331183.658812206937, 3111001.934008973650634 ], [ 331153.658812206937, 3110971.934008973650634 ], [ 331153.658812206937, 3110941.934008973650634 ], [ 331153.658812206937, 3110911.934008973650634 ], [ 331123.658812206937, 3110881.934008973650634 ], [ 331093.658812206937, 3110881.934008973650634 ], [ 331063.658812206937, 3110851.934008973650634 ], [ 331033.658812206937, 3110851.934008973650634 ], [ 331003.658812206937, 3110821.934008973650634 ], [ 330973.658812206937, 3110821.934008973650634 ], [ 330943.658812206937, 3110791.934008973650634 ], [ 330913.658812206937, 3110791.934008973650634 ], [ 330883.658812206937, 3110761.934008973650634 ], [ 330853.658812206937, 3110731.934008973650634 ], [ 330853.658812206937, 3110701.934008973650634 ], [ 330823.658812206937, 3110671.934008973650634 ], [ 330823.658812206937, 3110641.934008973650634 ], [ 330793.658812206937, 3110611.934008973650634 ], [ 330763.658812206937, 3110611.934008973650634 ], [ 330733.658812206937, 3110581.934008973650634 ], [ 330703.658812206937, 3110551.934008973650634 ], [ 330703.658812206937, 3110521.934008973650634 ], [ 330673.658812206937, 3110491.934008973650634 ], [ 330643.658812206937, 3110461.934008973650634 ], [ 330613.658812206937, 3110461.934008973650634 ], [ 330583.658812206937, 3110431.934008973650634 ], [ 330553.658812206937, 3110401.934008973650634 ], [ 330553.658812206937, 3110371.934008973650634 ], [ 330523.658812206937, 3110341.934008973650634 ], [ 330493.658812206937, 3110311.934008973650634 ], [ 330463.658812206937, 3110281.934008973650634 ], [ 330433.658812206937, 3110281.934008973650634 ], [ 330403.658812206937, 3110281.934008973650634 ], [ 330373.658812206937, 3110251.934008973650634 ], [ 330343.658812206937, 3110251.934008973650634 ], [ 330313.658812206937, 3110221.934008973650634 ], [ 330283.658812206937, 3110191.934008973650634 ], [ 330253.658812206937, 3110161.934008973650634 ], [ 330253.658812206937, 3110131.934008973650634 ], [ 330223.658812206937, 3110101.934008973650634 ], [ 330193.658812206937, 3110071.934008973650634 ], [ 330163.658812206937, 3110041.934008973650634 ], [ 330163.658812206937, 3110011.934008973650634 ], [ 330163.658812206937, 3109981.934008973650634 ], [ 330133.658812206937, 3109951.934008973650634 ], [ 330103.658812206937, 3109921.934008973650634 ], [ 330073.658812206937, 3109891.934008973650634 ], [ 330043.658812206937, 3109891.934008973650634 ], [ 330013.658812206937, 3109861.934008973650634 ], [ 329983.658812206937, 3109831.934008973650634 ], [ 329953.658812206937, 3109801.934008973650634 ], [ 329923.658812206937, 3109801.934008973650634 ], [ 329893.658812206937, 3109771.934008973650634 ], [ 329863.658812206937, 3109741.934008973650634 ], [ 329833.658812206937, 3109741.934008973650634 ], [ 329803.658812206937, 3109741.934008973650634 ], [ 329773.658812206937, 3109711.934008973650634 ], [ 329743.658812206937, 3109711.934008973650634 ], [ 329713.658812206937, 3109681.934008973650634 ], [ 329683.658812206937, 3109651.934008973650634 ], [ 329653.658812206937, 3109621.934008973650634 ], [ 329623.658812206937, 3109591.934008973650634 ], [ 329593.658812206937, 3109561.934008973650634 ], [ 329563.658812206937, 3109531.934008973650634 ], [ 329533.658812206937, 3109531.934008973650634 ], [ 329503.658812206937, 3109501.934008973650634 ], [ 329503.658812206937, 3109471.934008973650634 ], [ 329473.658812206937, 3109441.934008973650634 ], [ 329473.658812206937, 3109411.934008973650634 ], [ 329473.658812206937, 3109381.934008973650634 ], [ 329473.658812206937, 3109351.934008973650634 ], [ 329473.658812206937, 3109321.934008973650634 ], [ 329473.658812206937, 3109291.934008973650634 ], [ 329443.658812206937, 3109261.934008973650634 ], [ 329413.658812206937, 3109231.934008973650634 ], [ 329383.658812206937, 3109231.934008973650634 ], [ 329353.658812206937, 3109231.934008973650634 ], [ 329323.658812206937, 3109201.934008973650634 ], [ 329293.658812206937, 3109201.934008973650634 ], [ 329263.658812206937, 3109201.934008973650634 ], [ 329233.658812206937, 3109171.934008973650634 ], [ 329203.658812206937, 3109141.934008973650634 ], [ 329173.658812206937, 3109111.934008973650634 ], [ 329173.658812206937, 3109081.934008973650634 ], [ 329143.658812206937, 3109051.934008973650634 ], [ 329113.658812206937, 3109051.934008973650634 ], [ 329083.658812206937, 3109021.934008973650634 ], [ 329053.658812206937, 3109021.934008973650634 ], [ 329023.658812206937, 3109021.934008973650634 ], [ 328993.658812206937, 3108991.934008973650634 ], [ 328963.658812206937, 3108991.934008973650634 ], [ 328933.658812206937, 3108991.934008973650634 ], [ 328903.658812206937, 3108991.934008973650634 ], [ 328873.658812206937, 3108991.934008973650634 ], [ 328843.658812206937, 3108961.934008973650634 ], [ 328813.658812206937, 3108961.934008973650634 ], [ 328783.658812206937, 3108961.934008973650634 ], [ 328753.658812206937, 3108961.934008973650634 ], [ 328723.658812206937, 3108931.934008973650634 ], [ 328693.658812206937, 3108931.934008973650634 ], [ 328663.658812206937, 3108931.934008973650634 ], [ 328633.658812206937, 3108901.934008973650634 ], [ 328603.658812206937, 3108901.934008973650634 ], [ 328573.658812206937, 3108871.934008973650634 ], [ 328543.658812206937, 3108871.934008973650634 ], [ 328513.658812206937, 3108841.934008973650634 ], [ 328483.658812206937, 3108811.934008973650634 ], [ 328453.658812206937, 3108811.934008973650634 ], [ 328423.658812206937, 3108781.934008973650634 ], [ 328393.658812206937, 3108781.934008973650634 ], [ 328363.658812206937, 3108781.934008973650634 ], [ 328333.658812206937, 3108751.934008973650634 ], [ 328303.658812206937, 3108751.934008973650634 ], [ 328273.658812206937, 3108721.934008973650634 ], [ 328243.658812206937, 3108721.934008973650634 ], [ 328213.658812206937, 3108721.934008973650634 ], [ 328183.658812206937, 3108721.934008973650634 ], [ 328153.658812206937, 3108691.934008973650634 ], [ 328123.658812206937, 3108691.934008973650634 ], [ 328093.658812206937, 3108691.934008973650634 ], [ 328063.658812206937, 3108691.934008973650634 ], [ 328033.658812206937, 3108691.934008973650634 ], [ 328003.658812206937, 3108661.934008973650634 ], [ 327973.658812206937, 3108661.934008973650634 ], [ 327943.658812206937, 3108661.934008973650634 ], [ 327913.658812206937, 3108661.934008973650634 ], [ 327883.658812206937, 3108661.934008973650634 ], [ 327853.658812206937, 3108661.934008973650634 ], [ 327823.658812206937, 3108661.934008973650634 ], [ 327793.658812206937, 3108661.934008973650634 ], [ 327763.658812206937, 3108661.934008973650634 ], [ 327733.658812206937, 3108661.934008973650634 ], [ 327703.658812206937, 3108661.934008973650634 ], [ 327673.658812206937, 3108661.934008973650634 ], [ 327643.658812206937, 3108661.934008973650634 ], [ 327613.658812206937, 3108661.934008973650634 ], [ 327583.658812206937, 3108661.934008973650634 ], [ 327553.658812206937, 3108661.934008973650634 ], [ 327523.658812206937, 3108661.934008973650634 ], [ 327493.658812206937, 3108661.934008973650634 ], [ 327463.658812206937, 3108661.934008973650634 ], [ 327433.658812206937, 3108661.934008973650634 ], [ 327403.658812206937, 3108661.934008973650634 ], [ 327373.658812206937, 3108661.934008973650634 ], [ 327343.658812206937, 3108661.934008973650634 ], [ 327313.658812206937, 3108661.934008973650634 ], [ 327283.658812206937, 3108661.934008973650634 ], [ 327253.658812206937, 3108661.934008973650634 ], [ 327223.658812206937, 3108661.934008973650634 ], [ 327193.658812206937, 3108661.934008973650634 ], [ 327163.658812206937, 3108661.934008973650634 ], [ 327133.658812206937, 3108631.934008973650634 ], [ 327103.658812206937, 3108631.934008973650634 ], [ 327073.658812206937, 3108631.934008973650634 ], [ 327043.658812206937, 3108601.934008973650634 ], [ 327013.658812206937, 3108601.934008973650634 ], [ 326983.658812206937, 3108601.934008973650634 ], [ 326953.658812206937, 3108601.934008973650634 ], [ 326923.658812206937, 3108571.934008973650634 ], [ 326893.658812206937, 3108571.934008973650634 ], [ 326863.658812206937, 3108571.934008973650634 ], [ 326833.658812206937, 3108571.934008973650634 ], [ 326803.658812206937, 3108571.934008973650634 ], [ 326773.658812206937, 3108571.934008973650634 ], [ 326743.658812206937, 3108571.934008973650634 ], [ 326713.658812206937, 3108571.934008973650634 ], [ 326683.658812206937, 3108571.934008973650634 ], [ 326653.658812206937, 3108541.934008973650634 ], [ 326623.658812206937, 3108541.934008973650634 ], [ 326593.658812206937, 3108511.934008973650634 ], [ 326563.658812206937, 3108511.934008973650634 ], [ 326533.658812206937, 3108481.934008973650634 ], [ 326503.658812206937, 3108481.934008973650634 ], [ 326473.658812206937, 3108481.934008973650634 ], [ 326443.658812206937, 3108451.934008973650634 ], [ 326413.658812206937, 3108451.934008973650634 ], [ 326383.658812206937, 3108451.934008973650634 ], [ 326353.658812206937, 3108451.934008973650634 ], [ 326323.658812206937, 3108421.934008973650634 ], [ 326293.658812206937, 3108391.934008973650634 ], [ 326263.658812206937, 3108391.934008973650634 ], [ 326233.658812206937, 3108361.934008973650634 ], [ 326233.658812206937, 3108331.934008973650634 ], [ 326203.658812206937, 3108301.934008973650634 ], [ 326173.658812206937, 3108301.934008973650634 ], [ 326143.658812206937, 3108271.934008973650634 ], [ 326113.658812206937, 3108241.934008973650634 ], [ 326083.658812206937, 3108211.934008973650634 ], [ 326053.658812206937, 3108181.934008973650634 ], [ 326023.658812206937, 3108151.934008973650634 ], [ 326023.658812206937, 3108121.934008973650634 ], [ 325993.658812206937, 3108091.934008973650634 ], [ 325963.658812206937, 3108061.934008973650634 ], [ 325933.658812206937, 3108031.934008973650634 ], [ 325903.658812206937, 3108001.934008973650634 ], [ 325873.658812206937, 3107971.934008973650634 ], [ 325843.658812206937, 3107941.934008973650634 ], [ 325813.658812206937, 3107911.934008973650634 ], [ 325783.658812206937, 3107881.934008973650634 ], [ 325783.658812206937, 3107851.934008973650634 ], [ 325753.658812206937, 3107821.934008973650634 ], [ 325723.658812206937, 3107791.934008973650634 ], [ 325693.658812206937, 3107761.934008973650634 ], [ 325663.658812206937, 3107761.934008973650634 ], [ 325633.658812206937, 3107731.934008973650634 ], [ 325603.658812206937, 3107701.934008973650634 ], [ 325573.658812206937, 3107701.934008973650634 ], [ 325543.658812206937, 3107701.934008973650634 ], [ 325513.658812206937, 3107671.934008973650634 ], [ 325483.658812206937, 3107671.934008973650634 ], [ 325453.658812206937, 3107671.934008973650634 ], [ 325423.658812206937, 3107641.934008973650634 ], [ 325393.658812206937, 3107641.934008973650634 ], [ 325363.658812206937, 3107611.934008973650634 ], [ 325333.658812206937, 3107611.934008973650634 ], [ 325303.658812206937, 3107581.934008973650634 ], [ 325273.658812206937, 3107581.934008973650634 ], [ 325243.658812206937, 3107551.934008973650634 ], [ 325213.658812206937, 3107521.934008973650634 ], [ 325183.658812206937, 3107491.934008973650634 ], [ 325153.658812206937, 3107491.934008973650634 ], [ 325123.658812206937, 3107491.934008973650634 ], [ 325093.658812206937, 3107491.934008973650634 ], [ 325063.658812206937, 3107461.934008973650634 ], [ 325033.658812206937, 3107461.934008973650634 ], [ 325003.658812206937, 3107431.934008973650634 ], [ 324973.658812206937, 3107401.934008973650634 ], [ 324943.658812206937, 3107401.934008973650634 ], [ 324913.658812206937, 3107371.934008973650634 ], [ 324913.658812206937, 3107341.934008973650634 ], [ 324883.658812206937, 3107311.934008973650634 ], [ 324883.658812206937, 3107281.934008973650634 ], [ 324853.658812206937, 3107251.934008973650634 ], [ 324823.658812206937, 3107251.934008973650634 ], [ 324793.658812206937, 3107221.934008973650634 ], [ 324793.658812206937, 3107191.934008973650634 ], [ 324763.658812206937, 3107161.934008973650634 ], [ 324733.658812206937, 3107131.934008973650634 ], [ 324703.658812206937, 3107101.934008973650634 ], [ 324703.658812206937, 3107071.934008973650634 ], [ 324673.658812206937, 3107041.934008973650634 ], [ 324643.658812206937, 3107041.934008973650634 ], [ 324613.658812206937, 3107011.934008973650634 ], [ 324583.658812206937, 3106981.934008973650634 ], [ 324553.658812206937, 3106951.934008973650634 ], [ 324523.658812206937, 3106921.934008973650634 ], [ 324493.658812206937, 3106891.934008973650634 ], [ 324463.658812206937, 3106891.934008973650634 ], [ 324433.658812206937, 3106861.934008973650634 ], [ 324403.658812206937, 3106861.934008973650634 ], [ 324373.658812206937, 3106831.934008973650634 ], [ 324343.658812206937, 3106831.934008973650634 ], [ 324313.658812206937, 3106801.934008973650634 ], [ 324283.658812206937, 3106771.934008973650634 ], [ 324253.658812206937, 3106771.934008973650634 ], [ 324223.658812206937, 3106771.934008973650634 ], [ 324193.658812206937, 3106741.934008973650634 ], [ 324163.658812206937, 3106741.934008973650634 ], [ 324133.658812206937, 3106711.934008973650634 ], [ 324103.658812206937, 3106711.934008973650634 ], [ 324073.658812206937, 3106681.934008973650634 ], [ 324043.658812206937, 3106651.934008973650634 ], [ 324043.658812206937, 3106621.934008973650634 ], [ 324013.658812206937, 3106591.934008973650634 ], [ 324013.658812206937, 3106561.934008973650634 ], [ 323983.658812206937, 3106531.934008973650634 ], [ 323953.658812206937, 3106501.934008973650634 ], [ 323923.658812206937, 3106471.934008973650634 ], [ 323893.658812206937, 3106441.934008973650634 ], [ 323863.658812206937, 3106411.934008973650634 ], [ 323833.658812206937, 3106381.934008973650634 ], [ 323833.658812206937, 3106351.934008973650634 ], [ 323833.658812206937, 3106321.934008973650634 ], [ 323803.658812206937, 3106291.934008973650634 ], [ 323773.658812206937, 3106261.934008973650634 ], [ 323743.658812206937, 3106231.934008973650634 ], [ 323713.658812206937, 3106201.934008973650634 ], [ 323683.658812206937, 3106171.934008973650634 ], [ 323683.658812206937, 3106141.934008973650634 ], [ 323653.658812206937, 3106111.934008973650634 ], [ 323653.658812206937, 3106081.934008973650634 ], [ 323653.658812206937, 3106051.934008973650634 ], [ 323623.658812206937, 3106021.934008973650634 ], [ 323623.658812206937, 3105991.934008973650634 ], [ 323623.658812206937, 3105961.934008973650634 ], [ 323623.658812206937, 3105931.934008973650634 ], [ 323623.658812206937, 3105901.934008973650634 ], [ 323653.658812206937, 3105871.934008973650634 ], [ 323683.658812206937, 3105841.934008973650634 ], [ 323683.658812206937, 3105811.934008973650634 ], [ 323683.658812206937, 3105781.934008973650634 ], [ 323713.658812206937, 3105751.934008973650634 ], [ 323713.658812206937, 3105721.934008973650634 ], [ 323713.658812206937, 3105691.934008973650634 ], [ 323743.658812206937, 3105661.934008973650634 ], [ 323743.658812206937, 3105631.934008973650634 ], [ 323743.658812206937, 3105601.934008973650634 ], [ 323743.658812206937, 3105571.934008973650634 ], [ 323743.658812206937, 3105541.934008973650634 ], [ 323773.658812206937, 3105511.934008973650634 ], [ 323773.658812206937, 3105481.934008973650634 ], [ 323773.658812206937, 3105451.934008973650634 ], [ 323773.658812206937, 3105421.934008973650634 ], [ 323773.658812206937, 3105391.934008973650634 ], [ 323803.658812206937, 3105361.934008973650634 ], [ 323803.658812206937, 3105331.934008973650634 ], [ 323803.658812206937, 3105301.934008973650634 ], [ 323833.658812206937, 3105271.934008973650634 ], [ 323833.658812206937, 3105241.934008973650634 ], [ 323833.658812206937, 3105211.934008973650634 ], [ 323833.658812206937, 3105181.934008973650634 ], [ 323863.658812206937, 3105151.934008973650634 ], [ 323863.658812206937, 3105121.934008973650634 ], [ 323863.658812206937, 3105091.934008973650634 ], [ 323893.658812206937, 3105061.934008973650634 ], [ 323893.658812206937, 3105031.934008973650634 ], [ 323893.658812206937, 3105001.934008973650634 ], [ 323893.658812206937, 3104971.934008973650634 ], [ 323893.658812206937, 3104941.934008973650634 ], [ 323893.658812206937, 3104911.934008973650634 ], [ 323893.658812206937, 3104881.934008973650634 ], [ 323893.658812206937, 3104851.934008973650634 ], [ 323893.658812206937, 3104821.934008973650634 ], [ 323893.658812206937, 3104791.934008973650634 ], [ 323893.658812206937, 3104761.934008973650634 ], [ 323893.658812206937, 3104731.934008973650634 ], [ 323893.658812206937, 3104701.934008973650634 ], [ 323893.658812206937, 3104671.934008973650634 ], [ 323863.658812206937, 3104641.934008973650634 ], [ 323863.658812206937, 3104611.934008973650634 ], [ 323863.658812206937, 3104581.934008973650634 ], [ 323833.658812206937, 3104551.934008973650634 ], [ 323833.658812206937, 3104521.934008973650634 ], [ 323803.658812206937, 3104491.934008973650634 ], [ 323773.658812206937, 3104461.934008973650634 ], [ 323773.658812206937, 3104431.934008973650634 ], [ 323743.658812206937, 3104401.934008973650634 ], [ 323743.658812206937, 3104371.934008973650634 ], [ 323713.658812206937, 3104341.934008973650634 ], [ 323683.658812206937, 3104311.934008973650634 ], [ 323653.658812206937, 3104281.934008973650634 ], [ 323623.658812206937, 3104251.934008973650634 ], [ 323593.658812206937, 3104221.934008973650634 ], [ 323593.658812206937, 3104191.934008973650634 ], [ 323563.658812206937, 3104161.934008973650634 ], [ 323533.658812206937, 3104131.934008973650634 ], [ 323533.658812206937, 3104101.934008973650634 ], [ 323503.658812206937, 3104071.934008973650634 ], [ 323473.658812206937, 3104041.934008973650634 ], [ 323443.658812206937, 3104011.934008973650634 ], [ 323413.658812206937, 3103981.934008973650634 ], [ 323383.658812206937, 3103951.934008973650634 ], [ 323383.658812206937, 3103921.934008973650634 ], [ 323353.658812206937, 3103891.934008973650634 ], [ 323353.658812206937, 3103861.934008973650634 ], [ 323323.658812206937, 3103831.934008973650634 ], [ 323293.658812206937, 3103801.934008973650634 ], [ 323293.658812206937, 3103771.934008973650634 ], [ 323263.658812206937, 3103741.934008973650634 ], [ 323233.658812206937, 3103711.934008973650634 ], [ 323233.658812206937, 3103681.934008973650634 ], [ 323203.658812206937, 3103651.934008973650634 ], [ 323173.658812206937, 3103621.934008973650634 ], [ 323143.658812206937, 3103591.934008973650634 ], [ 323113.658812206937, 3103561.934008973650634 ], [ 323083.658812206937, 3103531.934008973650634 ], [ 323053.658812206937, 3103501.934008973650634 ], [ 323023.658812206937, 3103501.934008973650634 ], [ 322993.658812206937, 3103471.934008973650634 ], [ 322963.658812206937, 3103441.934008973650634 ], [ 322933.658812206937, 3103411.934008973650634 ], [ 322903.658812206937, 3103381.934008973650634 ], [ 322873.658812206937, 3103351.934008973650634 ], [ 322843.658812206937, 3103351.934008973650634 ], [ 322813.658812206937, 3103321.934008973650634 ], [ 322783.658812206937, 3103291.934008973650634 ], [ 322753.658812206937, 3103261.934008973650634 ], [ 322723.658812206937, 3103231.934008973650634 ], [ 322693.658812206937, 3103201.934008973650634 ], [ 322663.658812206937, 3103171.934008973650634 ], [ 322633.658812206937, 3103141.934008973650634 ], [ 322603.658812206937, 3103111.934008973650634 ], [ 322573.658812206937, 3103081.934008973650634 ], [ 322573.658812206937, 3103051.934008973650634 ], [ 322543.658812206937, 3103021.934008973650634 ], [ 322543.658812206937, 3102991.934008973650634 ], [ 322513.658812206937, 3102961.934008973650634 ], [ 322513.658812206937, 3102931.934008973650634 ], [ 322483.658812206937, 3102901.934008973650634 ], [ 322483.658812206937, 3102871.934008973650634 ], [ 322483.658812206937, 3102841.934008973650634 ], [ 322483.658812206937, 3102811.934008973650634 ], [ 322483.658812206937, 3102781.934008973650634 ], [ 322483.658812206937, 3102751.934008973650634 ], [ 322483.658812206937, 3102721.934008973650634 ], [ 322483.658812206937, 3102691.934008973650634 ], [ 322453.658812206937, 3102661.934008973650634 ], [ 322453.658812206937, 3102631.934008973650634 ], [ 322453.658812206937, 3102601.934008973650634 ], [ 322453.658812206937, 3102571.934008973650634 ], [ 322453.658812206937, 3102541.934008973650634 ], [ 322483.658812206937, 3102511.934008973650634 ], [ 322483.658812206937, 3102481.934008973650634 ], [ 322483.658812206937, 3102451.934008973650634 ], [ 322483.658812206937, 3102421.934008973650634 ], [ 322483.658812206937, 3102391.934008973650634 ], [ 322483.658812206937, 3102361.934008973650634 ], [ 322483.658812206937, 3102331.934008973650634 ], [ 322483.658812206937, 3102301.934008973650634 ], [ 322483.658812206937, 3102271.934008973650634 ], [ 322483.658812206937, 3102241.934008973650634 ], [ 322453.658812206937, 3102211.934008973650634 ], [ 322453.658812206937, 3102181.934008973650634 ], [ 322453.658812206937, 3102151.934008973650634 ], [ 322453.658812206937, 3102121.934008973650634 ], [ 322453.658812206937, 3102091.934008973650634 ], [ 322453.658812206937, 3102061.934008973650634 ], [ 322453.658812206937, 3102031.934008973650634 ], [ 322453.658812206937, 3102001.934008973650634 ], [ 322453.658812206937, 3101971.934008973650634 ], [ 322453.658812206937, 3101941.934008973650634 ], [ 322453.658812206937, 3101911.934008973650634 ], [ 322453.658812206937, 3101881.934008973650634 ], [ 322453.658812206937, 3101851.934008973650634 ], [ 322453.658812206937, 3101821.934008973650634 ], [ 322453.658812206937, 3101791.934008973650634 ], [ 322423.658812206937, 3101761.934008973650634 ], [ 322393.658812206937, 3101731.934008973650634 ], [ 322393.658812206937, 3101701.934008973650634 ], [ 322393.658812206937, 3101671.934008973650634 ], [ 322363.658812206937, 3101641.934008973650634 ], [ 322333.658812206937, 3101611.934008973650634 ], [ 322303.658812206937, 3101611.934008973650634 ], [ 322273.658812206937, 3101581.934008973650634 ], [ 322243.658812206937, 3101551.934008973650634 ], [ 322213.658812206937, 3101551.934008973650634 ], [ 322183.658812206937, 3101521.934008973650634 ], [ 322153.658812206937, 3101521.934008973650634 ], [ 322123.658812206937, 3101491.934008973650634 ], [ 322093.658812206937, 3101461.934008973650634 ], [ 322063.658812206937, 3101461.934008973650634 ], [ 322033.658812206937, 3101461.934008973650634 ], [ 322003.658812206937, 3101461.934008973650634 ], [ 321973.658812206937, 3101461.934008973650634 ], [ 321943.658812206937, 3101461.934008973650634 ], [ 321913.658812206937, 3101431.934008973650634 ], [ 321883.658812206937, 3101401.934008973650634 ], [ 321853.658812206937, 3101401.934008973650634 ], [ 321823.658812206937, 3101371.934008973650634 ], [ 321793.658812206937, 3101371.934008973650634 ], [ 321763.658812206937, 3101341.934008973650634 ], [ 321733.658812206937, 3101341.934008973650634 ], [ 321703.658812206937, 3101311.934008973650634 ], [ 321673.658812206937, 3101281.934008973650634 ], [ 321643.658812206937, 3101251.934008973650634 ], [ 321643.658812206937, 3101221.934008973650634 ], [ 321643.658812206937, 3101191.934008973650634 ], [ 321643.658812206937, 3101161.934008973650634 ], [ 321643.658812206937, 3101131.934008973650634 ], [ 321613.658812206937, 3101101.934008973650634 ], [ 321613.658812206937, 3101071.934008973650634 ], [ 321613.658812206937, 3101041.934008973650634 ], [ 321613.658812206937, 3101011.934008973650634 ], [ 321583.658812206937, 3100981.934008973650634 ], [ 321583.658812206937, 3100951.934008973650634 ], [ 321583.658812206937, 3100921.934008973650634 ], [ 321583.658812206937, 3100891.934008973650634 ], [ 321583.658812206937, 3100861.934008973650634 ], [ 321613.658812206937, 3100831.934008973650634 ], [ 321643.658812206937, 3100801.934008973650634 ], [ 321673.658812206937, 3100771.934008973650634 ], [ 321673.658812206937, 3100741.934008973650634 ], [ 321703.658812206937, 3100711.934008973650634 ], [ 321733.658812206937, 3100681.934008973650634 ], [ 321763.658812206937, 3100651.934008973650634 ], [ 321763.658812206937, 3100621.934008973650634 ], [ 321763.658812206937, 3100591.934008973650634 ], [ 321763.658812206937, 3100561.934008973650634 ], [ 321763.658812206937, 3100531.934008973650634 ], [ 321763.658812206937, 3100501.934008973650634 ], [ 321733.658812206937, 3100471.934008973650634 ], [ 321733.658812206937, 3100441.934008973650634 ], [ 321733.658812206937, 3100411.934008973650634 ], [ 321703.658812206937, 3100381.934008973650634 ], [ 321703.658812206937, 3100351.934008973650634 ], [ 321673.658812206937, 3100321.934008973650634 ], [ 321643.658812206937, 3100291.934008973650634 ], [ 321643.658812206937, 3100261.934008973650634 ], [ 321613.658812206937, 3100231.934008973650634 ], [ 321613.658812206937, 3100201.934008973650634 ], [ 321583.658812206937, 3100171.934008973650634 ], [ 321553.658812206937, 3100141.934008973650634 ], [ 321523.658812206937, 3100111.934008973650634 ], [ 321523.658812206937, 3100081.934008973650634 ], [ 321493.658812206937, 3100051.934008973650634 ], [ 321493.658812206937, 3100021.934008973650634 ], [ 321463.658812206937, 3099991.934008973650634 ], [ 321463.658812206937, 3099961.934008973650634 ], [ 321433.658812206937, 3099931.934008973650634 ], [ 321403.658812206937, 3099901.934008973650634 ], [ 321403.658812206937, 3099871.934008973650634 ], [ 321403.658812206937, 3099841.934008973650634 ], [ 321403.658812206937, 3099811.934008973650634 ], [ 321403.658812206937, 3099781.934008973650634 ], [ 321403.658812206937, 3099751.934008973650634 ], [ 321403.658812206937, 3099721.934008973650634 ], [ 321403.658812206937, 3099691.934008973650634 ], [ 321403.658812206937, 3099661.934008973650634 ], [ 321403.658812206937, 3099631.934008973650634 ], [ 321403.658812206937, 3099601.934008973650634 ], [ 321433.658812206937, 3099571.934008973650634 ], [ 321433.658812206937, 3099541.934008973650634 ], [ 321433.658812206937, 3099511.934008973650634 ], [ 321433.658812206937, 3099481.934008973650634 ], [ 321433.658812206937, 3099451.934008973650634 ], [ 321433.658812206937, 3099421.934008973650634 ], [ 321433.658812206937, 3099391.934008973650634 ], [ 321463.658812206937, 3099361.934008973650634 ], [ 321463.658812206937, 3099331.934008973650634 ], [ 321463.658812206937, 3099301.934008973650634 ], [ 321463.658812206937, 3099271.934008973650634 ], [ 321463.658812206937, 3099241.934008973650634 ], [ 321463.658812206937, 3099211.934008973650634 ], [ 321493.658812206937, 3099181.934008973650634 ], [ 321493.658812206937, 3099151.934008973650634 ], [ 321493.658812206937, 3099121.934008973650634 ], [ 321493.658812206937, 3099091.934008973650634 ], [ 321493.658812206937, 3099061.934008973650634 ], [ 321493.658812206937, 3099031.934008973650634 ], [ 321493.658812206937, 3099001.934008973650634 ], [ 321493.658812206937, 3098971.934008973650634 ], [ 321523.658812206937, 3098941.934008973650634 ], [ 321523.658812206937, 3098911.934008973650634 ], [ 321523.658812206937, 3098881.934008973650634 ], [ 321523.658812206937, 3098851.934008973650634 ], [ 321523.658812206937, 3098821.934008973650634 ], [ 321493.658812206937, 3098791.934008973650634 ], [ 321493.658812206937, 3098761.934008973650634 ], [ 321493.658812206937, 3098731.934008973650634 ], [ 321523.658812206937, 3098701.934008973650634 ], [ 321523.658812206937, 3098671.934008973650634 ], [ 321553.658812206937, 3098641.934008973650634 ], [ 321553.658812206937, 3098611.934008973650634 ], [ 321553.658812206937, 3098581.934008973650634 ], [ 321553.658812206937, 3098551.934008973650634 ], [ 321553.658812206937, 3098521.934008973650634 ], [ 321583.658812206937, 3098491.934008973650634 ], [ 321583.658812206937, 3098461.934008973650634 ], [ 321583.658812206937, 3098431.934008973650634 ], [ 321583.658812206937, 3098401.934008973650634 ], [ 321553.658812206937, 3098371.934008973650634 ], [ 321553.658812206937, 3098341.934008973650634 ], [ 321553.658812206937, 3098311.934008973650634 ], [ 321553.658812206937, 3098281.934008973650634 ], [ 321553.658812206937, 3098251.934008973650634 ], [ 321553.658812206937, 3098221.934008973650634 ], [ 321553.658812206937, 3098191.934008973650634 ], [ 321553.658812206937, 3098161.934008973650634 ], [ 321523.658812206937, 3098131.934008973650634 ], [ 321523.658812206937, 3098101.934008973650634 ], [ 321493.658812206937, 3098071.934008973650634 ], [ 321463.658812206937, 3098041.934008973650634 ], [ 321433.658812206937, 3098011.934008973650634 ], [ 321403.658812206937, 3097981.934008973650634 ], [ 321373.658812206937, 3097951.934008973650634 ], [ 321373.658812206937, 3097921.934008973650634 ], [ 321373.658812206937, 3097891.934008973650634 ], [ 321373.658812206937, 3097861.934008973650634 ], [ 321373.658812206937, 3097831.934008973650634 ], [ 321373.658812206937, 3097801.934008973650634 ], [ 321343.658812206937, 3097771.934008973650634 ], [ 321343.658812206937, 3097741.934008973650634 ], [ 321313.658812206937, 3097711.934008973650634 ], [ 321313.658812206937, 3097681.934008973650634 ], [ 321313.658812206937, 3097651.934008973650634 ], [ 321313.658812206937, 3097621.934008973650634 ], [ 321283.658812206937, 3097591.934008973650634 ], [ 321283.658812206937, 3097561.934008973650634 ], [ 321283.658812206937, 3097531.934008973650634 ], [ 321253.658812206937, 3097501.934008973650634 ], [ 321253.658812206937, 3097471.934008973650634 ], [ 321253.658812206937, 3097441.934008973650634 ], [ 321253.658812206937, 3097411.934008973650634 ], [ 321223.658812206937, 3097381.934008973650634 ], [ 321223.658812206937, 3097351.934008973650634 ], [ 321223.658812206937, 3097321.934008973650634 ], [ 321193.658812206937, 3097291.934008973650634 ], [ 321193.658812206937, 3097261.934008973650634 ], [ 321193.658812206937, 3097231.934008973650634 ], [ 321163.658812206937, 3097201.934008973650634 ], [ 321163.658812206937, 3097171.934008973650634 ], [ 321133.658812206937, 3097141.934008973650634 ], [ 321133.658812206937, 3097111.934008973650634 ], [ 321133.658812206937, 3097081.934008973650634 ], [ 321133.658812206937, 3097051.934008973650634 ], [ 321133.658812206937, 3097021.934008973650634 ], [ 321133.658812206937, 3096991.934008973650634 ], [ 321103.658812206937, 3096961.934008973650634 ], [ 321103.658812206937, 3096931.934008973650634 ], [ 321103.658812206937, 3096901.934008973650634 ], [ 321073.658812206937, 3096871.934008973650634 ], [ 321073.658812206937, 3096841.934008973650634 ], [ 321073.658812206937, 3096811.934008973650634 ], [ 321043.658812206937, 3096781.934008973650634 ], [ 321043.658812206937, 3096751.934008973650634 ], [ 321013.658812206937, 3096721.934008973650634 ], [ 321013.658812206937, 3096691.934008973650634 ], [ 321013.658812206937, 3096661.934008973650634 ], [ 320983.658812206937, 3096631.934008973650634 ], [ 320983.658812206937, 3096601.934008973650634 ], [ 320983.658812206937, 3096571.934008973650634 ], [ 321013.658812206937, 3096541.934008973650634 ], [ 321013.658812206937, 3096511.934008973650634 ], [ 321013.658812206937, 3096481.934008973650634 ], [ 321013.658812206937, 3096451.934008973650634 ], [ 321043.658812206937, 3096421.934008973650634 ], [ 321043.658812206937, 3096391.934008973650634 ], [ 321073.658812206937, 3096361.934008973650634 ], [ 321073.658812206937, 3096331.934008973650634 ], [ 321073.658812206937, 3096301.934008973650634 ], [ 321103.658812206937, 3096271.934008973650634 ], [ 321103.658812206937, 3096241.934008973650634 ], [ 321133.658812206937, 3096211.934008973650634 ], [ 321133.658812206937, 3096181.934008973650634 ], [ 321133.658812206937, 3096151.934008973650634 ], [ 321133.658812206937, 3096121.934008973650634 ], [ 321133.658812206937, 3096091.934008973650634 ], [ 321163.658812206937, 3096061.934008973650634 ], [ 321163.658812206937, 3096031.934008973650634 ], [ 321163.658812206937, 3096001.934008973650634 ], [ 321193.658812206937, 3095971.934008973650634 ], [ 321193.658812206937, 3095941.934008973650634 ], [ 321193.658812206937, 3095911.934008973650634 ], [ 321193.658812206937, 3095881.934008973650634 ], [ 321193.658812206937, 3095851.934008973650634 ], [ 321223.658812206937, 3095821.934008973650634 ], [ 321223.658812206937, 3095791.934008973650634 ], [ 321223.658812206937, 3095761.934008973650634 ], [ 321223.658812206937, 3095731.934008973650634 ], [ 321253.658812206937, 3095701.934008973650634 ], [ 321253.658812206937, 3095671.934008973650634 ], [ 321253.658812206937, 3095641.934008973650634 ], [ 321253.658812206937, 3095611.934008973650634 ], [ 321283.658812206937, 3095581.934008973650634 ], [ 321313.658812206937, 3095551.934008973650634 ], [ 321343.658812206937, 3095521.934008973650634 ], [ 321343.658812206937, 3095491.934008973650634 ], [ 321343.658812206937, 3095461.934008973650634 ], [ 321313.658812206937, 3095431.934008973650634 ], [ 321313.658812206937, 3095401.934008973650634 ], [ 321283.658812206937, 3095371.934008973650634 ], [ 321283.658812206937, 3095341.934008973650634 ], [ 321283.658812206937, 3095311.934008973650634 ], [ 321253.658812206937, 3095281.934008973650634 ], [ 321253.658812206937, 3095251.934008973650634 ], [ 321223.658812206937, 3095221.934008973650634 ], [ 321193.658812206937, 3095191.934008973650634 ], [ 321163.658812206937, 3095161.934008973650634 ], [ 321133.658812206937, 3095161.934008973650634 ], [ 321103.658812206937, 3095131.934008973650634 ], [ 321073.658812206937, 3095131.934008973650634 ], [ 321043.658812206937, 3095131.934008973650634 ], [ 321013.658812206937, 3095131.934008973650634 ], [ 320983.658812206937, 3095101.934008973650634 ], [ 320953.658812206937, 3095101.934008973650634 ], [ 320923.658812206937, 3095071.934008973650634 ], [ 320893.658812206937, 3095071.934008973650634 ], [ 320863.658812206937, 3095041.934008973650634 ], [ 320833.658812206937, 3095041.934008973650634 ], [ 320803.658812206937, 3095041.934008973650634 ], [ 320773.658812206937, 3095011.934008973650634 ], [ 320743.658812206937, 3094981.934008973650634 ], [ 320713.658812206937, 3094951.934008973650634 ], [ 320683.658812206937, 3094921.934008973650634 ], [ 320683.658812206937, 3094891.934008973650634 ], [ 320653.658812206937, 3094861.934008973650634 ], [ 320623.658812206937, 3094861.934008973650634 ], [ 320593.658812206937, 3094831.934008973650634 ], [ 320563.658812206937, 3094831.934008973650634 ], [ 320533.658812206937, 3094801.934008973650634 ], [ 320503.658812206937, 3094801.934008973650634 ], [ 320473.658812206937, 3094771.934008973650634 ], [ 320443.658812206937, 3094771.934008973650634 ], [ 320413.658812206937, 3094741.934008973650634 ], [ 320383.658812206937, 3094741.934008973650634 ], [ 320353.658812206937, 3094711.934008973650634 ], [ 320323.658812206937, 3094711.934008973650634 ], [ 320293.658812206937, 3094681.934008973650634 ], [ 320263.658812206937, 3094651.934008973650634 ], [ 320263.658812206937, 3094621.934008973650634 ], [ 320233.658812206937, 3094591.934008973650634 ], [ 320203.658812206937, 3094561.934008973650634 ], [ 320173.658812206937, 3094531.934008973650634 ], [ 320143.658812206937, 3094531.934008973650634 ], [ 320113.658812206937, 3094501.934008973650634 ], [ 320083.658812206937, 3094471.934008973650634 ], [ 320053.658812206937, 3094441.934008973650634 ], [ 320023.658812206937, 3094441.934008973650634 ], [ 319993.658812206937, 3094411.934008973650634 ], [ 319993.658812206937, 3094381.934008973650634 ], [ 319993.658812206937, 3094351.934008973650634 ], [ 319963.658812206937, 3094321.934008973650634 ], [ 319933.658812206937, 3094291.934008973650634 ], [ 319933.658812206937, 3094261.934008973650634 ], [ 319933.658812206937, 3094231.934008973650634 ], [ 319933.658812206937, 3094201.934008973650634 ], [ 319933.658812206937, 3094171.934008973650634 ], [ 319903.658812206937, 3094141.934008973650634 ], [ 319903.658812206937, 3094111.934008973650634 ], [ 319873.658812206937, 3094081.934008973650634 ], [ 319843.658812206937, 3094051.934008973650634 ], [ 319813.658812206937, 3094021.934008973650634 ], [ 319813.658812206937, 3093991.934008973650634 ], [ 319783.658812206937, 3093961.934008973650634 ], [ 319753.658812206937, 3093931.934008973650634 ], [ 319723.658812206937, 3093901.934008973650634 ], [ 319693.658812206937, 3093901.934008973650634 ], [ 319663.658812206937, 3093871.934008973650634 ], [ 319633.658812206937, 3093841.934008973650634 ], [ 319603.658812206937, 3093841.934008973650634 ], [ 319573.658812206937, 3093811.934008973650634 ], [ 319543.658812206937, 3093781.934008973650634 ], [ 319513.658812206937, 3093781.934008973650634 ], [ 319483.658812206937, 3093751.934008973650634 ], [ 319453.658812206937, 3093721.934008973650634 ], [ 319423.658812206937, 3093691.934008973650634 ], [ 319393.658812206937, 3093661.934008973650634 ], [ 319393.658812206937, 3093631.934008973650634 ], [ 319363.658812206937, 3093601.934008973650634 ], [ 319333.658812206937, 3093571.934008973650634 ], [ 319303.658812206937, 3093571.934008973650634 ], [ 319273.658812206937, 3093541.934008973650634 ], [ 319273.658812206937, 3093511.934008973650634 ], [ 319273.658812206937, 3093481.934008973650634 ], [ 319273.658812206937, 3093451.934008973650634 ], [ 319273.658812206937, 3093421.934008973650634 ], [ 319273.658812206937, 3093391.934008973650634 ], [ 319273.658812206937, 3093361.934008973650634 ], [ 319273.658812206937, 3093331.934008973650634 ], [ 319273.658812206937, 3093301.934008973650634 ], [ 319273.658812206937, 3093271.934008973650634 ], [ 319273.658812206937, 3093241.934008973650634 ], [ 319273.658812206937, 3093211.934008973650634 ], [ 319273.658812206937, 3093181.934008973650634 ], [ 319273.658812206937, 3093151.934008973650634 ], [ 319273.658812206937, 3093121.934008973650634 ], [ 319273.658812206937, 3093091.934008973650634 ], [ 319273.658812206937, 3093061.934008973650634 ], [ 319273.658812206937, 3093031.934008973650634 ], [ 319273.658812206937, 3093001.934008973650634 ], [ 319273.658812206937, 3092971.934008973650634 ], [ 319243.658812206937, 3092941.934008973650634 ], [ 319243.658812206937, 3092911.934008973650634 ], [ 319243.658812206937, 3092881.934008973650634 ], [ 319243.658812206937, 3092851.934008973650634 ], [ 319213.658812206937, 3092821.934008973650634 ], [ 319183.658812206937, 3092791.934008973650634 ], [ 319183.658812206937, 3092761.934008973650634 ], [ 319183.658812206937, 3092731.934008973650634 ], [ 319183.658812206937, 3092701.934008973650634 ], [ 319153.658812206937, 3092671.934008973650634 ], [ 319123.658812206937, 3092641.934008973650634 ], [ 319093.658812206937, 3092611.934008973650634 ], [ 319063.658812206937, 3092581.934008973650634 ], [ 319063.658812206937, 3092551.934008973650634 ], [ 319063.658812206937, 3092521.934008973650634 ], [ 319033.658812206937, 3092491.934008973650634 ], [ 319033.658812206937, 3092461.934008973650634 ], [ 319003.658812206937, 3092431.934008973650634 ], [ 319003.658812206937, 3092401.934008973650634 ], [ 318973.658812206937, 3092371.934008973650634 ], [ 318973.658812206937, 3092341.934008973650634 ], [ 318973.658812206937, 3092311.934008973650634 ], [ 318973.658812206937, 3092281.934008973650634 ], [ 318943.658812206937, 3092251.934008973650634 ], [ 318943.658812206937, 3092221.934008973650634 ], [ 318943.658812206937, 3092191.934008973650634 ], [ 318943.658812206937, 3092161.934008973650634 ], [ 318943.658812206937, 3092131.934008973650634 ], [ 318913.658812206937, 3092101.934008973650634 ], [ 318913.658812206937, 3092071.934008973650634 ], [ 318883.658812206937, 3092041.934008973650634 ], [ 318853.658812206937, 3092011.934008973650634 ], [ 318823.658812206937, 3091981.934008973650634 ], [ 318823.658812206937, 3091951.934008973650634 ], [ 318793.658812206937, 3091921.934008973650634 ], [ 318793.658812206937, 3091891.934008973650634 ], [ 318763.658812206937, 3091861.934008973650634 ], [ 318733.658812206937, 3091831.934008973650634 ], [ 318733.658812206937, 3091801.934008973650634 ], [ 318703.658812206937, 3091771.934008973650634 ], [ 318703.658812206937, 3091741.934008973650634 ], [ 318673.658812206937, 3091711.934008973650634 ], [ 318673.658812206937, 3091681.934008973650634 ], [ 318643.658812206937, 3091651.934008973650634 ], [ 318643.658812206937, 3091621.934008973650634 ], [ 318613.658812206937, 3091591.934008973650634 ], [ 318613.658812206937, 3091561.934008973650634 ], [ 318583.658812206937, 3091531.934008973650634 ], [ 318583.658812206937, 3091501.934008973650634 ], [ 318553.658812206937, 3091471.934008973650634 ], [ 318553.658812206937, 3091441.934008973650634 ], [ 318523.658812206937, 3091411.934008973650634 ], [ 318493.658812206937, 3091381.934008973650634 ], [ 318463.658812206937, 3091381.934008973650634 ], [ 318433.658812206937, 3091351.934008973650634 ], [ 318403.658812206937, 3091321.934008973650634 ], [ 318403.658812206937, 3091291.934008973650634 ], [ 318373.658812206937, 3091261.934008973650634 ], [ 318343.658812206937, 3091231.934008973650634 ], [ 318313.658812206937, 3091201.934008973650634 ], [ 318283.658812206937, 3091201.934008973650634 ], [ 318253.658812206937, 3091201.934008973650634 ], [ 318223.658812206937, 3091201.934008973650634 ], [ 318193.658812206937, 3091171.934008973650634 ], [ 318163.658812206937, 3091171.934008973650634 ], [ 318133.658812206937, 3091171.934008973650634 ], [ 318103.658812206937, 3091171.934008973650634 ], [ 318073.658812206937, 3091171.934008973650634 ], [ 318043.658812206937, 3091171.934008973650634 ], [ 318013.658812206937, 3091171.934008973650634 ], [ 317983.658812206937, 3091141.934008973650634 ], [ 317953.658812206937, 3091111.934008973650634 ], [ 317953.658812206937, 3091081.934008973650634 ], [ 317953.658812206937, 3091051.934008973650634 ], [ 317923.658812206937, 3091021.934008973650634 ], [ 317893.658812206937, 3090991.934008973650634 ], [ 317893.658812206937, 3090961.934008973650634 ], [ 317893.658812206937, 3090931.934008973650634 ], [ 317893.658812206937, 3090901.934008973650634 ], [ 317893.658812206937, 3090871.934008973650634 ], [ 317893.658812206937, 3090841.934008973650634 ], [ 317893.658812206937, 3090811.934008973650634 ], [ 317923.658812206937, 3090781.934008973650634 ], [ 317923.658812206937, 3090751.934008973650634 ], [ 317923.658812206937, 3090721.934008973650634 ], [ 317923.658812206937, 3090691.934008973650634 ], [ 317953.658812206937, 3090661.934008973650634 ], [ 317953.658812206937, 3090631.934008973650634 ], [ 317953.658812206937, 3090601.934008973650634 ], [ 317953.658812206937, 3090571.934008973650634 ], [ 317983.658812206937, 3090541.934008973650634 ], [ 317983.658812206937, 3090511.934008973650634 ], [ 317983.658812206937, 3090481.934008973650634 ], [ 317983.658812206937, 3090451.934008973650634 ], [ 317983.658812206937, 3090421.934008973650634 ], [ 318013.658812206937, 3090391.934008973650634 ], [ 318013.658812206937, 3090361.934008973650634 ], [ 318013.658812206937, 3090331.934008973650634 ], [ 318013.658812206937, 3090301.934008973650634 ], [ 318013.658812206937, 3090271.934008973650634 ], [ 317983.658812206937, 3090241.934008973650634 ], [ 317983.658812206937, 3090211.934008973650634 ], [ 317983.658812206937, 3090181.934008973650634 ], [ 317953.658812206937, 3090151.934008973650634 ], [ 317953.658812206937, 3090121.934008973650634 ], [ 317923.658812206937, 3090091.934008973650634 ], [ 317923.658812206937, 3090061.934008973650634 ], [ 317893.658812206937, 3090031.934008973650634 ], [ 317863.658812206937, 3090031.934008973650634 ], [ 317833.658812206937, 3090001.934008973650634 ], [ 317833.658812206937, 3089971.934008973650634 ], [ 317803.658812206937, 3089941.934008973650634 ], [ 317773.658812206937, 3089911.934008973650634 ], [ 317743.658812206937, 3089911.934008973650634 ], [ 317713.658812206937, 3089881.934008973650634 ], [ 317713.658812206937, 3089851.934008973650634 ], [ 317683.658812206937, 3089821.934008973650634 ], [ 317653.658812206937, 3089821.934008973650634 ], [ 317623.658812206937, 3089791.934008973650634 ], [ 317593.658812206937, 3089761.934008973650634 ], [ 317563.658812206937, 3089761.934008973650634 ], [ 317533.658812206937, 3089731.934008973650634 ], [ 317503.658812206937, 3089731.934008973650634 ], [ 317473.658812206937, 3089731.934008973650634 ], [ 317443.658812206937, 3089731.934008973650634 ], [ 317413.658812206937, 3089731.934008973650634 ], [ 317383.658812206937, 3089701.934008973650634 ], [ 317353.658812206937, 3089701.934008973650634 ], [ 317323.658812206937, 3089671.934008973650634 ], [ 317293.658812206937, 3089641.934008973650634 ], [ 317263.658812206937, 3089611.934008973650634 ], [ 317233.658812206937, 3089611.934008973650634 ], [ 317203.658812206937, 3089581.934008973650634 ], [ 317173.658812206937, 3089551.934008973650634 ], [ 317143.658812206937, 3089551.934008973650634 ], [ 317113.658812206937, 3089521.934008973650634 ], [ 317083.658812206937, 3089521.934008973650634 ], [ 317053.658812206937, 3089491.934008973650634 ], [ 317023.658812206937, 3089491.934008973650634 ], [ 316993.658812206937, 3089491.934008973650634 ], [ 316963.658812206937, 3089491.934008973650634 ], [ 316933.658812206937, 3089461.934008973650634 ], [ 316903.658812206937, 3089461.934008973650634 ], [ 316873.658812206937, 3089461.934008973650634 ], [ 316843.658812206937, 3089431.934008973650634 ], [ 316813.658812206937, 3089431.934008973650634 ], [ 316783.658812206937, 3089401.934008973650634 ], [ 316753.658812206937, 3089371.934008973650634 ], [ 316723.658812206937, 3089341.934008973650634 ], [ 316693.658812206937, 3089311.934008973650634 ], [ 316663.658812206937, 3089281.934008973650634 ], [ 316633.658812206937, 3089251.934008973650634 ], [ 316603.658812206937, 3089251.934008973650634 ], [ 316573.658812206937, 3089221.934008973650634 ], [ 316543.658812206937, 3089191.934008973650634 ], [ 316513.658812206937, 3089161.934008973650634 ], [ 316543.658812206937, 3089131.934008973650634 ], [ 316543.658812206937, 3089101.934008973650634 ], [ 316543.658812206937, 3089071.934008973650634 ], [ 316573.658812206937, 3089041.934008973650634 ], [ 316573.658812206937, 3089011.934008973650634 ], [ 316573.658812206937, 3088981.934008973650634 ], [ 316573.658812206937, 3088951.934008973650634 ], [ 316573.658812206937, 3088921.934008973650634 ], [ 316573.658812206937, 3088891.934008973650634 ], [ 316603.658812206937, 3088861.934008973650634 ], [ 316603.658812206937, 3088831.934008973650634 ], [ 316633.658812206937, 3088801.934008973650634 ], [ 316633.658812206937, 3088771.934008973650634 ], [ 316663.658812206937, 3088741.934008973650634 ], [ 316693.658812206937, 3088711.934008973650634 ], [ 316693.658812206937, 3088681.934008973650634 ], [ 316723.658812206937, 3088651.934008973650634 ], [ 316723.658812206937, 3088621.934008973650634 ], [ 316753.658812206937, 3088591.934008973650634 ], [ 316753.658812206937, 3088561.934008973650634 ], [ 316783.658812206937, 3088531.934008973650634 ], [ 316783.658812206937, 3088501.934008973650634 ], [ 316813.658812206937, 3088471.934008973650634 ], [ 316813.658812206937, 3088441.934008973650634 ], [ 316843.658812206937, 3088411.934008973650634 ], [ 316843.658812206937, 3088381.934008973650634 ], [ 316873.658812206937, 3088351.934008973650634 ], [ 316873.658812206937, 3088321.934008973650634 ], [ 316873.658812206937, 3088291.934008973650634 ], [ 316903.658812206937, 3088261.934008973650634 ], [ 316903.658812206937, 3088231.934008973650634 ], [ 316903.658812206937, 3088201.934008973650634 ], [ 316903.658812206937, 3088171.934008973650634 ], [ 316903.658812206937, 3088141.934008973650634 ], [ 316903.658812206937, 3088111.934008973650634 ], [ 316903.658812206937, 3088081.934008973650634 ], [ 316903.658812206937, 3088051.934008973650634 ], [ 316903.658812206937, 3088021.934008973650634 ], [ 316903.658812206937, 3087991.934008973650634 ], [ 316903.658812206937, 3087961.934008973650634 ], [ 316903.658812206937, 3087931.934008973650634 ], [ 316903.658812206937, 3087901.934008973650634 ], [ 316873.658812206937, 3087871.934008973650634 ], [ 316873.658812206937, 3087841.934008973650634 ], [ 316873.658812206937, 3087811.934008973650634 ], [ 316843.658812206937, 3087781.934008973650634 ], [ 316843.658812206937, 3087751.934008973650634 ], [ 316813.658812206937, 3087721.934008973650634 ], [ 316813.658812206937, 3087691.934008973650634 ], [ 316783.658812206937, 3087661.934008973650634 ], [ 316753.658812206937, 3087631.934008973650634 ], [ 316723.658812206937, 3087601.934008973650634 ], [ 316693.658812206937, 3087571.934008973650634 ], [ 316693.658812206937, 3087541.934008973650634 ], [ 316693.658812206937, 3087511.934008973650634 ], [ 316663.658812206937, 3087481.934008973650634 ], [ 316663.658812206937, 3087451.934008973650634 ], [ 316663.658812206937, 3087421.934008973650634 ], [ 316663.658812206937, 3087391.934008973650634 ], [ 316663.658812206937, 3087361.934008973650634 ], [ 316663.658812206937, 3087331.934008973650634 ], [ 316663.658812206937, 3087301.934008973650634 ], [ 316663.658812206937, 3087271.934008973650634 ], [ 316633.658812206937, 3087241.934008973650634 ], [ 316663.658812206937, 3087211.934008973650634 ], [ 316663.658812206937, 3087181.934008973650634 ], [ 316663.658812206937, 3087151.934008973650634 ], [ 316633.658812206937, 3087121.934008973650634 ], [ 316633.658812206937, 3087091.934008973650634 ], [ 316633.658812206937, 3087061.934008973650634 ], [ 316633.658812206937, 3087031.934008973650634 ], [ 316633.658812206937, 3087001.934008973650634 ], [ 316633.658812206937, 3086971.934008973650634 ], [ 316633.658812206937, 3086941.934008973650634 ], [ 316633.658812206937, 3086911.934008973650634 ], [ 316633.658812206937, 3086881.934008973650634 ], [ 316633.658812206937, 3086851.934008973650634 ], [ 316633.658812206937, 3086821.934008973650634 ], [ 316633.658812206937, 3086791.934008973650634 ], [ 316603.658812206937, 3086761.934008973650634 ], [ 316603.658812206937, 3086731.934008973650634 ], [ 316603.658812206937, 3086701.934008973650634 ], [ 316603.658812206937, 3086671.934008973650634 ], [ 316603.658812206937, 3086641.934008973650634 ], [ 316603.658812206937, 3086611.934008973650634 ], [ 316603.658812206937, 3086581.934008973650634 ], [ 316603.658812206937, 3086551.934008973650634 ], [ 316603.658812206937, 3086521.934008973650634 ], [ 316603.658812206937, 3086491.934008973650634 ], [ 316603.658812206937, 3086461.934008973650634 ], [ 316603.658812206937, 3086431.934008973650634 ], [ 316573.658812206937, 3086401.934008973650634 ], [ 316543.658812206937, 3086371.934008973650634 ], [ 316543.658812206937, 3086341.934008973650634 ], [ 316513.658812206937, 3086311.934008973650634 ], [ 316483.658812206937, 3086281.934008973650634 ], [ 316483.658812206937, 3086251.934008973650634 ], [ 316453.658812206937, 3086221.934008973650634 ], [ 316423.658812206937, 3086191.934008973650634 ], [ 316393.658812206937, 3086191.934008973650634 ], [ 316363.658812206937, 3086161.934008973650634 ], [ 316333.658812206937, 3086131.934008973650634 ], [ 316303.658812206937, 3086101.934008973650634 ], [ 316273.658812206937, 3086071.934008973650634 ], [ 316243.658812206937, 3086041.934008973650634 ], [ 316213.658812206937, 3086011.934008973650634 ], [ 316183.658812206937, 3086011.934008973650634 ], [ 316153.658812206937, 3085981.934008973650634 ], [ 316123.658812206937, 3085951.934008973650634 ], [ 316093.658812206937, 3085921.934008973650634 ], [ 316063.658812206937, 3085891.934008973650634 ], [ 316033.658812206937, 3085861.934008973650634 ], [ 316003.658812206937, 3085831.934008973650634 ], [ 315973.658812206937, 3085801.934008973650634 ], [ 315943.658812206937, 3085771.934008973650634 ], [ 315913.658812206937, 3085741.934008973650634 ], [ 315913.658812206937, 3085711.934008973650634 ], [ 315883.658812206937, 3085681.934008973650634 ], [ 315853.658812206937, 3085651.934008973650634 ], [ 315823.658812206937, 3085621.934008973650634 ], [ 315823.658812206937, 3085591.934008973650634 ], [ 315793.658812206937, 3085561.934008973650634 ], [ 315763.658812206937, 3085531.934008973650634 ], [ 315733.658812206937, 3085501.934008973650634 ], [ 315703.658812206937, 3085501.934008973650634 ], [ 315673.658812206937, 3085471.934008973650634 ], [ 315673.658812206937, 3085441.934008973650634 ], [ 315643.658812206937, 3085411.934008973650634 ], [ 315613.658812206937, 3085381.934008973650634 ], [ 315613.658812206937, 3085351.934008973650634 ], [ 315613.658812206937, 3085321.934008973650634 ], [ 315613.658812206937, 3085291.934008973650634 ], [ 315613.658812206937, 3085261.934008973650634 ], [ 315613.658812206937, 3085231.934008973650634 ], [ 315583.658812206937, 3085201.934008973650634 ], [ 315583.658812206937, 3085171.934008973650634 ], [ 315583.658812206937, 3085141.934008973650634 ], [ 315553.658812206937, 3085111.934008973650634 ], [ 315553.658812206937, 3085081.934008973650634 ], [ 315553.658812206937, 3085051.934008973650634 ], [ 315553.658812206937, 3085021.934008973650634 ], [ 315553.658812206937, 3084991.934008973650634 ], [ 315553.658812206937, 3084961.934008973650634 ], [ 315523.658812206937, 3084931.934008973650634 ], [ 315493.658812206937, 3084901.934008973650634 ], [ 315493.658812206937, 3084871.934008973650634 ], [ 315463.658812206937, 3084841.934008973650634 ], [ 315433.658812206937, 3084811.934008973650634 ], [ 315403.658812206937, 3084781.934008973650634 ], [ 315373.658812206937, 3084781.934008973650634 ], [ 315343.658812206937, 3084751.934008973650634 ], [ 315313.658812206937, 3084751.934008973650634 ], [ 315283.658812206937, 3084751.934008973650634 ], [ 315253.658812206937, 3084751.934008973650634 ], [ 315223.658812206937, 3084751.934008973650634 ], [ 315193.658812206937, 3084751.934008973650634 ], [ 315163.658812206937, 3084721.934008973650634 ], [ 315133.658812206937, 3084721.934008973650634 ], [ 315103.658812206937, 3084691.934008973650634 ], [ 315073.658812206937, 3084691.934008973650634 ], [ 315043.658812206937, 3084661.934008973650634 ], [ 315013.658812206937, 3084661.934008973650634 ], [ 314983.658812206937, 3084631.934008973650634 ], [ 314953.658812206937, 3084601.934008973650634 ], [ 314923.658812206937, 3084571.934008973650634 ], [ 314893.658812206937, 3084571.934008973650634 ], [ 314863.658812206937, 3084541.934008973650634 ], [ 314833.658812206937, 3084541.934008973650634 ], [ 314803.658812206937, 3084511.934008973650634 ], [ 314773.658812206937, 3084481.934008973650634 ], [ 314743.658812206937, 3084451.934008973650634 ], [ 314713.658812206937, 3084421.934008973650634 ], [ 314683.658812206937, 3084421.934008973650634 ], [ 314653.658812206937, 3084391.934008973650634 ], [ 314623.658812206937, 3084391.934008973650634 ], [ 314593.658812206937, 3084391.934008973650634 ], [ 314563.658812206937, 3084391.934008973650634 ], [ 314533.658812206937, 3084361.934008973650634 ], [ 314503.658812206937, 3084361.934008973650634 ], [ 314473.658812206937, 3084331.934008973650634 ], [ 314443.658812206937, 3084301.934008973650634 ], [ 314443.658812206937, 3084271.934008973650634 ], [ 314413.658812206937, 3084241.934008973650634 ], [ 314413.658812206937, 3084211.934008973650634 ], [ 314383.658812206937, 3084181.934008973650634 ], [ 314383.658812206937, 3084151.934008973650634 ], [ 314353.658812206937, 3084121.934008973650634 ], [ 314353.658812206937, 3084091.934008973650634 ], [ 314323.658812206937, 3084061.934008973650634 ], [ 314293.658812206937, 3084031.934008973650634 ], [ 314293.658812206937, 3084001.934008973650634 ], [ 314293.658812206937, 3083971.934008973650634 ], [ 314293.658812206937, 3083941.934008973650634 ], [ 314263.658812206937, 3083911.934008973650634 ], [ 314263.658812206937, 3083881.934008973650634 ], [ 314233.658812206937, 3083851.934008973650634 ], [ 314203.658812206937, 3083821.934008973650634 ], [ 314203.658812206937, 3083791.934008973650634 ], [ 314173.658812206937, 3083761.934008973650634 ], [ 314173.658812206937, 3083731.934008973650634 ], [ 314173.658812206937, 3083701.934008973650634 ], [ 314143.658812206937, 3083671.934008973650634 ], [ 314143.658812206937, 3083641.934008973650634 ], [ 314113.658812206937, 3083611.934008973650634 ], [ 314083.658812206937, 3083581.934008973650634 ], [ 314083.658812206937, 3083551.934008973650634 ], [ 314053.658812206937, 3083521.934008973650634 ], [ 314023.658812206937, 3083491.934008973650634 ], [ 314023.658812206937, 3083461.934008973650634 ], [ 313993.658812206937, 3083431.934008973650634 ], [ 313963.658812206937, 3083401.934008973650634 ], [ 313963.658812206937, 3083371.934008973650634 ], [ 313933.658812206937, 3083341.934008973650634 ], [ 313903.658812206937, 3083311.934008973650634 ], [ 313903.658812206937, 3083281.934008973650634 ], [ 313903.658812206937, 3083251.934008973650634 ], [ 313873.658812206937, 3083221.934008973650634 ], [ 313873.658812206937, 3083191.934008973650634 ], [ 313873.658812206937, 3083161.934008973650634 ], [ 313843.658812206937, 3083131.934008973650634 ], [ 313813.658812206937, 3083101.934008973650634 ], [ 313783.658812206937, 3083101.934008973650634 ], [ 313753.658812206937, 3083071.934008973650634 ], [ 313723.658812206937, 3083071.934008973650634 ], [ 313693.658812206937, 3083071.934008973650634 ], [ 313663.658812206937, 3083041.934008973650634 ], [ 313633.658812206937, 3083041.934008973650634 ], [ 313603.658812206937, 3083011.934008973650634 ], [ 313573.658812206937, 3083011.934008973650634 ], [ 313543.658812206937, 3083011.934008973650634 ], [ 313513.658812206937, 3083011.934008973650634 ], [ 313483.658812206937, 3083011.934008973650634 ], [ 313453.658812206937, 3083011.934008973650634 ], [ 313423.658812206937, 3083011.934008973650634 ], [ 313393.658812206937, 3083011.934008973650634 ], [ 313363.658812206937, 3083011.934008973650634 ], [ 313333.658812206937, 3083011.934008973650634 ], [ 313303.658812206937, 3083011.934008973650634 ], [ 313273.658812206937, 3083011.934008973650634 ], [ 313243.658812206937, 3082981.934008973650634 ], [ 313213.658812206937, 3082981.934008973650634 ], [ 313183.658812206937, 3082981.934008973650634 ], [ 313153.658812206937, 3082981.934008973650634 ], [ 313123.658812206937, 3082981.934008973650634 ], [ 313093.658812206937, 3083011.934008973650634 ], [ 313063.658812206937, 3083011.934008973650634 ], [ 313033.658812206937, 3083041.934008973650634 ], [ 313003.658812206937, 3083041.934008973650634 ], [ 312973.658812206937, 3083041.934008973650634 ], [ 312943.658812206937, 3083041.934008973650634 ], [ 312913.658812206937, 3083041.934008973650634 ], [ 312883.658812206937, 3083041.934008973650634 ], [ 312853.658812206937, 3083041.934008973650634 ], [ 312823.658812206937, 3083071.934008973650634 ], [ 312793.658812206937, 3083071.934008973650634 ], [ 312763.658812206937, 3083071.934008973650634 ], [ 312733.658812206937, 3083101.934008973650634 ], [ 312703.658812206937, 3083101.934008973650634 ], [ 312673.658812206937, 3083101.934008973650634 ], [ 312643.658812206937, 3083131.934008973650634 ], [ 312613.658812206937, 3083131.934008973650634 ], [ 312583.658812206937, 3083161.934008973650634 ], [ 312553.658812206937, 3083161.934008973650634 ], [ 312523.658812206937, 3083161.934008973650634 ], [ 312493.658812206937, 3083161.934008973650634 ], [ 312463.658812206937, 3083161.934008973650634 ], [ 312433.658812206937, 3083191.934008973650634 ], [ 312403.658812206937, 3083191.934008973650634 ], [ 312373.658812206937, 3083221.934008973650634 ], [ 312343.658812206937, 3083221.934008973650634 ], [ 312313.658812206937, 3083221.934008973650634 ], [ 312283.658812206937, 3083221.934008973650634 ], [ 312253.658812206937, 3083251.934008973650634 ], [ 312223.658812206937, 3083281.934008973650634 ], [ 312193.658812206937, 3083281.934008973650634 ], [ 312163.658812206937, 3083281.934008973650634 ], [ 312133.658812206937, 3083281.934008973650634 ], [ 312103.658812206937, 3083281.934008973650634 ], [ 312073.658812206937, 3083251.934008973650634 ], [ 312043.658812206937, 3083251.934008973650634 ], [ 312013.658812206937, 3083251.934008973650634 ], [ 311983.658812206937, 3083221.934008973650634 ], [ 311983.658812206937, 3083191.934008973650634 ], [ 311953.658812206937, 3083161.934008973650634 ], [ 311953.658812206937, 3083131.934008973650634 ], [ 311953.658812206937, 3083101.934008973650634 ], [ 311953.658812206937, 3083071.934008973650634 ], [ 311923.658812206937, 3083041.934008973650634 ], [ 311923.658812206937, 3083011.934008973650634 ], [ 311923.658812206937, 3082981.934008973650634 ], [ 311893.658812206937, 3082951.934008973650634 ], [ 311863.658812206937, 3082921.934008973650634 ], [ 311833.658812206937, 3082891.934008973650634 ], [ 311803.658812206937, 3082891.934008973650634 ], [ 311773.658812206937, 3082861.934008973650634 ], [ 311743.658812206937, 3082831.934008973650634 ], [ 311713.658812206937, 3082831.934008973650634 ], [ 311683.658812206937, 3082801.934008973650634 ], [ 311653.658812206937, 3082801.934008973650634 ], [ 311623.658812206937, 3082771.934008973650634 ], [ 311593.658812206937, 3082771.934008973650634 ], [ 311563.658812206937, 3082741.934008973650634 ], [ 311533.658812206937, 3082771.934008973650634 ], [ 311503.658812206937, 3082771.934008973650634 ], [ 311473.658812206937, 3082801.934008973650634 ], [ 311443.658812206937, 3082801.934008973650634 ], [ 311413.658812206937, 3082801.934008973650634 ], [ 311383.658812206937, 3082801.934008973650634 ], [ 311353.658812206937, 3082801.934008973650634 ], [ 311323.658812206937, 3082801.934008973650634 ], [ 311293.658812206937, 3082801.934008973650634 ], [ 311263.658812206937, 3082801.934008973650634 ], [ 311233.658812206937, 3082801.934008973650634 ], [ 311203.658812206937, 3082801.934008973650634 ], [ 311173.658812206937, 3082801.934008973650634 ], [ 311143.658812206937, 3082771.934008973650634 ], [ 311113.658812206937, 3082771.934008973650634 ], [ 311083.658812206937, 3082771.934008973650634 ], [ 311053.658812206937, 3082771.934008973650634 ], [ 311023.658812206937, 3082741.934008973650634 ], [ 310993.658812206937, 3082711.934008973650634 ], [ 310963.658812206937, 3082681.934008973650634 ], [ 310933.658812206937, 3082681.934008973650634 ], [ 310903.658812206937, 3082681.934008973650634 ], [ 310873.658812206937, 3082681.934008973650634 ], [ 310843.658812206937, 3082651.934008973650634 ], [ 310813.658812206937, 3082651.934008973650634 ], [ 310783.658812206937, 3082621.934008973650634 ], [ 310753.658812206937, 3082591.934008973650634 ], [ 310723.658812206937, 3082561.934008973650634 ], [ 310693.658812206937, 3082531.934008973650634 ], [ 310663.658812206937, 3082531.934008973650634 ], [ 310633.658812206937, 3082501.934008973650634 ], [ 310603.658812206937, 3082471.934008973650634 ], [ 310573.658812206937, 3082471.934008973650634 ], [ 310543.658812206937, 3082471.934008973650634 ], [ 310513.658812206937, 3082441.934008973650634 ], [ 310483.658812206937, 3082441.934008973650634 ], [ 310453.658812206937, 3082441.934008973650634 ], [ 310423.658812206937, 3082471.934008973650634 ], [ 310393.658812206937, 3082471.934008973650634 ], [ 310363.658812206937, 3082471.934008973650634 ], [ 310333.658812206937, 3082471.934008973650634 ], [ 310303.658812206937, 3082471.934008973650634 ], [ 310273.658812206937, 3082471.934008973650634 ], [ 310243.658812206937, 3082471.934008973650634 ], [ 310213.658812206937, 3082501.934008973650634 ], [ 310183.658812206937, 3082501.934008973650634 ], [ 310153.658812206937, 3082531.934008973650634 ], [ 310123.658812206937, 3082561.934008973650634 ], [ 310123.658812206937, 3082591.934008973650634 ], [ 310093.658812206937, 3082621.934008973650634 ], [ 310063.658812206937, 3082651.934008973650634 ], [ 310033.658812206937, 3082681.934008973650634 ], [ 310003.658812206937, 3082681.934008973650634 ], [ 309973.658812206937, 3082711.934008973650634 ], [ 309943.658812206937, 3082711.934008973650634 ], [ 309913.658812206937, 3082741.934008973650634 ], [ 309883.658812206937, 3082771.934008973650634 ], [ 309853.658812206937, 3082801.934008973650634 ], [ 309823.658812206937, 3082831.934008973650634 ], [ 309793.658812206937, 3082831.934008973650634 ], [ 309763.658812206937, 3082861.934008973650634 ], [ 309733.658812206937, 3082891.934008973650634 ], [ 309703.658812206937, 3082921.934008973650634 ], [ 309673.658812206937, 3082951.934008973650634 ], [ 309643.658812206937, 3082981.934008973650634 ], [ 309613.658812206937, 3082981.934008973650634 ], [ 309583.658812206937, 3082981.934008973650634 ], [ 309553.658812206937, 3082981.934008973650634 ], [ 309523.658812206937, 3083011.934008973650634 ], [ 309493.658812206937, 3083011.934008973650634 ], [ 309463.658812206937, 3083011.934008973650634 ], [ 309433.658812206937, 3083011.934008973650634 ], [ 309403.658812206937, 3083041.934008973650634 ], [ 309373.658812206937, 3083041.934008973650634 ], [ 309343.658812206937, 3083041.934008973650634 ], [ 309313.658812206937, 3083071.934008973650634 ], [ 309283.658812206937, 3083071.934008973650634 ], [ 309253.658812206937, 3083071.934008973650634 ], [ 309223.658812206937, 3083071.934008973650634 ], [ 309193.658812206937, 3083101.934008973650634 ], [ 309163.658812206937, 3083101.934008973650634 ], [ 309133.658812206937, 3083101.934008973650634 ], [ 309103.658812206937, 3083101.934008973650634 ], [ 309073.658812206937, 3083101.934008973650634 ], [ 309043.658812206937, 3083071.934008973650634 ], [ 309013.658812206937, 3083071.934008973650634 ], [ 308983.658812206937, 3083071.934008973650634 ], [ 308953.658812206937, 3083071.934008973650634 ], [ 308923.658812206937, 3083071.934008973650634 ], [ 308893.658812206937, 3083071.934008973650634 ], [ 308863.658812206937, 3083041.934008973650634 ], [ 308833.658812206937, 3083041.934008973650634 ], [ 308803.658812206937, 3083011.934008973650634 ], [ 308773.658812206937, 3082981.934008973650634 ], [ 308743.658812206937, 3082951.934008973650634 ], [ 308713.658812206937, 3082921.934008973650634 ], [ 308683.658812206937, 3082921.934008973650634 ], [ 308653.658812206937, 3082891.934008973650634 ], [ 308623.658812206937, 3082891.934008973650634 ], [ 308593.658812206937, 3082861.934008973650634 ], [ 308563.658812206937, 3082831.934008973650634 ], [ 308533.658812206937, 3082831.934008973650634 ], [ 308503.658812206937, 3082801.934008973650634 ], [ 308503.658812206937, 3082771.934008973650634 ], [ 308473.658812206937, 3082741.934008973650634 ], [ 308443.658812206937, 3082711.934008973650634 ], [ 308413.658812206937, 3082681.934008973650634 ], [ 308383.658812206937, 3082651.934008973650634 ], [ 308353.658812206937, 3082651.934008973650634 ], [ 308323.658812206937, 3082621.934008973650634 ], [ 308293.658812206937, 3082621.934008973650634 ], [ 308263.658812206937, 3082621.934008973650634 ], [ 308233.658812206937, 3082591.934008973650634 ], [ 308203.658812206937, 3082591.934008973650634 ], [ 308173.658812206937, 3082591.934008973650634 ], [ 308143.658812206937, 3082591.934008973650634 ], [ 308113.658812206937, 3082561.934008973650634 ], [ 308083.658812206937, 3082561.934008973650634 ], [ 308053.658812206937, 3082531.934008973650634 ], [ 308023.658812206937, 3082531.934008973650634 ], [ 307993.658812206937, 3082531.934008973650634 ], [ 307963.658812206937, 3082531.934008973650634 ], [ 307933.658812206937, 3082531.934008973650634 ], [ 307903.658812206937, 3082531.934008973650634 ], [ 307873.658812206937, 3082501.934008973650634 ], [ 307843.658812206937, 3082501.934008973650634 ], [ 307813.658812206937, 3082501.934008973650634 ], [ 307783.658812206937, 3082501.934008973650634 ], [ 307753.658812206937, 3082501.934008973650634 ], [ 307723.658812206937, 3082501.934008973650634 ], [ 307693.658812206937, 3082501.934008973650634 ], [ 307663.658812206937, 3082471.934008973650634 ], [ 307633.658812206937, 3082471.934008973650634 ], [ 307603.658812206937, 3082471.934008973650634 ], [ 307573.658812206937, 3082471.934008973650634 ], [ 307543.658812206937, 3082501.934008973650634 ], [ 307513.658812206937, 3082531.934008973650634 ], [ 307483.658812206937, 3082561.934008973650634 ], [ 307483.658812206937, 3082591.934008973650634 ], [ 307453.658812206937, 3082621.934008973650634 ], [ 307423.658812206937, 3082651.934008973650634 ], [ 307423.658812206937, 3082681.934008973650634 ], [ 307393.658812206937, 3082711.934008973650634 ], [ 307363.658812206937, 3082711.934008973650634 ], [ 307333.658812206937, 3082711.934008973650634 ], [ 307303.658812206937, 3082711.934008973650634 ], [ 307273.658812206937, 3082681.934008973650634 ], [ 307243.658812206937, 3082681.934008973650634 ], [ 307213.658812206937, 3082681.934008973650634 ], [ 307183.658812206937, 3082681.934008973650634 ], [ 307153.658812206937, 3082681.934008973650634 ], [ 307123.658812206937, 3082681.934008973650634 ], [ 307093.658812206937, 3082681.934008973650634 ], [ 307063.658812206937, 3082681.934008973650634 ], [ 307033.658812206937, 3082681.934008973650634 ], [ 307003.658812206937, 3082681.934008973650634 ], [ 306973.658812206937, 3082681.934008973650634 ], [ 306943.658812206937, 3082681.934008973650634 ], [ 306913.658812206937, 3082681.934008973650634 ], [ 306883.658812206937, 3082681.934008973650634 ], [ 306853.658812206937, 3082681.934008973650634 ], [ 306823.658812206937, 3082681.934008973650634 ], [ 306793.658812206937, 3082681.934008973650634 ], [ 306763.658812206937, 3082651.934008973650634 ], [ 306733.658812206937, 3082651.934008973650634 ], [ 306703.658812206937, 3082651.934008973650634 ], [ 306673.658812206937, 3082651.934008973650634 ], [ 306643.658812206937, 3082651.934008973650634 ], [ 306613.658812206937, 3082621.934008973650634 ], [ 306583.658812206937, 3082621.934008973650634 ], [ 306553.658812206937, 3082621.934008973650634 ], [ 306523.658812206937, 3082621.934008973650634 ], [ 306493.658812206937, 3082621.934008973650634 ], [ 306463.658812206937, 3082621.934008973650634 ], [ 306433.658812206937, 3082621.934008973650634 ], [ 306403.658812206937, 3082621.934008973650634 ], [ 306373.658812206937, 3082621.934008973650634 ], [ 306343.658812206937, 3082591.934008973650634 ], [ 306313.658812206937, 3082591.934008973650634 ], [ 306283.658812206937, 3082591.934008973650634 ], [ 306253.658812206937, 3082561.934008973650634 ], [ 306223.658812206937, 3082561.934008973650634 ], [ 306193.658812206937, 3082531.934008973650634 ], [ 306193.658812206937, 3082501.934008973650634 ], [ 306163.658812206937, 3082471.934008973650634 ], [ 306163.658812206937, 3082441.934008973650634 ], [ 306163.658812206937, 3082411.934008973650634 ], [ 306133.658812206937, 3082381.934008973650634 ], [ 306133.658812206937, 3082351.934008973650634 ], [ 306103.658812206937, 3082321.934008973650634 ], [ 306073.658812206937, 3082291.934008973650634 ], [ 306073.658812206937, 3082261.934008973650634 ], [ 306043.658812206937, 3082231.934008973650634 ], [ 306043.658812206937, 3082201.934008973650634 ], [ 306043.658812206937, 3082171.934008973650634 ], [ 306013.658812206937, 3082141.934008973650634 ], [ 305983.658812206937, 3082111.934008973650634 ], [ 305983.658812206937, 3082081.934008973650634 ], [ 305953.658812206937, 3082051.934008973650634 ], [ 305923.658812206937, 3082021.934008973650634 ], [ 305893.658812206937, 3082021.934008973650634 ], [ 305863.658812206937, 3081991.934008973650634 ], [ 305833.658812206937, 3081991.934008973650634 ], [ 305803.658812206937, 3081961.934008973650634 ], [ 305773.658812206937, 3081961.934008973650634 ], [ 305743.658812206937, 3081961.934008973650634 ], [ 305713.658812206937, 3081961.934008973650634 ], [ 305683.658812206937, 3081931.934008973650634 ], [ 305653.658812206937, 3081931.934008973650634 ], [ 305623.658812206937, 3081901.934008973650634 ], [ 305593.658812206937, 3081871.934008973650634 ], [ 305563.658812206937, 3081841.934008973650634 ], [ 305533.658812206937, 3081841.934008973650634 ], [ 305503.658812206937, 3081811.934008973650634 ], [ 305473.658812206937, 3081811.934008973650634 ], [ 305443.658812206937, 3081781.934008973650634 ], [ 305413.658812206937, 3081781.934008973650634 ], [ 305383.658812206937, 3081751.934008973650634 ], [ 305353.658812206937, 3081751.934008973650634 ], [ 305323.658812206937, 3081721.934008973650634 ], [ 305293.658812206937, 3081721.934008973650634 ], [ 305263.658812206937, 3081691.934008973650634 ], [ 305233.658812206937, 3081691.934008973650634 ], [ 305203.658812206937, 3081661.934008973650634 ], [ 305173.658812206937, 3081661.934008973650634 ], [ 305143.658812206937, 3081631.934008973650634 ], [ 305113.658812206937, 3081601.934008973650634 ], [ 305113.658812206937, 3081571.934008973650634 ], [ 305083.658812206937, 3081541.934008973650634 ], [ 305083.658812206937, 3081511.934008973650634 ], [ 305053.658812206937, 3081481.934008973650634 ], [ 305053.658812206937, 3081451.934008973650634 ], [ 305053.658812206937, 3081421.934008973650634 ], [ 305023.658812206937, 3081391.934008973650634 ], [ 305023.658812206937, 3081361.934008973650634 ], [ 305023.658812206937, 3081331.934008973650634 ], [ 305023.658812206937, 3081301.934008973650634 ], [ 305023.658812206937, 3081271.934008973650634 ], [ 305053.658812206937, 3081241.934008973650634 ], [ 305053.658812206937, 3081211.934008973650634 ], [ 305053.658812206937, 3081181.934008973650634 ], [ 305083.658812206937, 3081151.934008973650634 ], [ 305083.658812206937, 3081121.934008973650634 ], [ 305113.658812206937, 3081091.934008973650634 ], [ 305143.658812206937, 3081091.934008973650634 ], [ 305173.658812206937, 3081061.934008973650634 ], [ 305173.658812206937, 3081031.934008973650634 ], [ 305203.658812206937, 3081001.934008973650634 ], [ 305203.658812206937, 3080971.934008973650634 ], [ 305203.658812206937, 3080941.934008973650634 ], [ 305203.658812206937, 3080911.934008973650634 ], [ 305233.658812206937, 3080881.934008973650634 ], [ 305233.658812206937, 3080851.934008973650634 ], [ 305233.658812206937, 3080821.934008973650634 ], [ 305263.658812206937, 3080791.934008973650634 ], [ 305263.658812206937, 3080761.934008973650634 ], [ 305263.658812206937, 3080731.934008973650634 ], [ 305263.658812206937, 3080701.934008973650634 ], [ 305263.658812206937, 3080671.934008973650634 ], [ 305263.658812206937, 3080641.934008973650634 ], [ 305263.658812206937, 3080611.934008973650634 ], [ 305263.658812206937, 3080581.934008973650634 ], [ 305263.658812206937, 3080551.934008973650634 ], [ 305263.658812206937, 3080521.934008973650634 ], [ 305233.658812206937, 3080491.934008973650634 ], [ 305233.658812206937, 3080461.934008973650634 ], [ 305233.658812206937, 3080431.934008973650634 ], [ 305233.658812206937, 3080401.934008973650634 ], [ 305203.658812206937, 3080371.934008973650634 ], [ 305203.658812206937, 3080341.934008973650634 ], [ 305203.658812206937, 3080311.934008973650634 ], [ 305203.658812206937, 3080281.934008973650634 ], [ 305203.658812206937, 3080251.934008973650634 ], [ 305173.658812206937, 3080221.934008973650634 ], [ 305173.658812206937, 3080191.934008973650634 ], [ 305173.658812206937, 3080161.934008973650634 ], [ 305143.658812206937, 3080131.934008973650634 ], [ 305143.658812206937, 3080101.934008973650634 ], [ 305113.658812206937, 3080071.934008973650634 ], [ 305113.658812206937, 3080041.934008973650634 ], [ 305083.658812206937, 3080011.934008973650634 ], [ 305083.658812206937, 3079981.934008973650634 ], [ 305053.658812206937, 3079951.934008973650634 ], [ 305023.658812206937, 3079921.934008973650634 ], [ 305023.658812206937, 3079891.934008973650634 ], [ 305023.658812206937, 3079861.934008973650634 ], [ 305023.658812206937, 3079831.934008973650634 ], [ 304993.658812206937, 3079801.934008973650634 ], [ 304963.658812206937, 3079771.934008973650634 ], [ 304963.658812206937, 3079741.934008973650634 ], [ 304933.658812206937, 3079711.934008973650634 ], [ 304903.658812206937, 3079681.934008973650634 ], [ 304873.658812206937, 3079651.934008973650634 ], [ 304843.658812206937, 3079651.934008973650634 ], [ 304813.658812206937, 3079621.934008973650634 ], [ 304813.658812206937, 3079591.934008973650634 ], [ 304783.658812206937, 3079561.934008973650634 ], [ 304783.658812206937, 3079531.934008973650634 ], [ 304753.658812206937, 3079501.934008973650634 ], [ 304753.658812206937, 3079471.934008973650634 ], [ 304753.658812206937, 3079441.934008973650634 ], [ 304723.658812206937, 3079411.934008973650634 ], [ 304723.658812206937, 3079381.934008973650634 ], [ 304723.658812206937, 3079351.934008973650634 ], [ 304723.658812206937, 3079321.934008973650634 ], [ 304723.658812206937, 3079291.934008973650634 ], [ 304693.658812206937, 3079261.934008973650634 ], [ 304693.658812206937, 3079231.934008973650634 ], [ 304693.658812206937, 3079201.934008973650634 ], [ 304693.658812206937, 3079171.934008973650634 ], [ 304693.658812206937, 3079141.934008973650634 ], [ 304693.658812206937, 3079111.934008973650634 ], [ 304693.658812206937, 3079081.934008973650634 ], [ 304693.658812206937, 3079051.934008973650634 ], [ 304693.658812206937, 3079021.934008973650634 ], [ 304663.658812206937, 3078991.934008973650634 ], [ 304663.658812206937, 3078961.934008973650634 ], [ 304663.658812206937, 3078931.934008973650634 ], [ 304663.658812206937, 3078901.934008973650634 ], [ 304633.658812206937, 3078871.934008973650634 ], [ 304633.658812206937, 3078841.934008973650634 ], [ 304633.658812206937, 3078811.934008973650634 ], [ 304603.658812206937, 3078781.934008973650634 ], [ 304603.658812206937, 3078751.934008973650634 ], [ 304573.658812206937, 3078721.934008973650634 ], [ 304543.658812206937, 3078691.934008973650634 ], [ 304543.658812206937, 3078661.934008973650634 ], [ 304513.658812206937, 3078631.934008973650634 ], [ 304513.658812206937, 3078601.934008973650634 ], [ 304483.658812206937, 3078571.934008973650634 ], [ 304483.658812206937, 3078541.934008973650634 ], [ 304483.658812206937, 3078511.934008973650634 ], [ 304453.658812206937, 3078481.934008973650634 ], [ 304453.658812206937, 3078451.934008973650634 ], [ 304423.658812206937, 3078421.934008973650634 ], [ 304393.658812206937, 3078391.934008973650634 ], [ 304393.658812206937, 3078361.934008973650634 ], [ 304363.658812206937, 3078331.934008973650634 ], [ 304363.658812206937, 3078301.934008973650634 ], [ 304363.658812206937, 3078271.934008973650634 ], [ 304333.658812206937, 3078241.934008973650634 ], [ 304303.658812206937, 3078241.934008973650634 ], [ 304273.658812206937, 3078241.934008973650634 ] ] } }
]
}
